Actual_Category,Predicted_Category,Resume_Text
CONSULTANT,PUBLIC-RELATIONS,consultant professional summary years experience non profit social services sector specific target populations underserved native american latino youth adults families passionate helping others become empowered self sufficient community resources wrap around services extensive work following areas operational management case management grant writing program development management fundraising community outreach direct client services skills microsoft word power point excel office project evaluation media relations employee volunteer training grant certification project coordination work history consultant assist individuals esl english second language tutoring preparation citizenship exam provide event coordination golden boy promotions gbp marketing outreach community serve personal assistant vp digital marketing mr scott tetreault e scott goldenboypromotions lead employment specialist company name city state develop maintain relationships community referral sources department rehabilitation dor work source centers america job exchange others maintain close contact clients job training placements resolve problems evaluate placement adequacy locate barriers client employment inaccessible work sites inflexible schedules transportation problems work clients develop strategies overcoming barriers participate job development placement programs contacting prospective employers placing clients jobs evaluating success placements collaborate community agencies establish facilities programs persons disabilities coordinate recruitment placement training program participants provide intake job placement retention clients disabilities including veterans greater los angeles area interim director program manager grant writer company name city state assure aic mission empower albuquerque urban native american community others provisions wrap around services designed promote wellness education self sufficiency tradition programs services consistently presented strong positive imagery relevant stakeholders throughout community oversees fundraising planning implementation including identifying resource requirements researching funding sources establishing strategies approach funders submitting proposals administrating fundraising records documentation oversee monitor apply funding yearly contracts awarded following nm indian affairs department nm department health city albuquerque navajo nations various foundations otten kellogg first nations etc plan organize implement yearly events community summer solstice back school feed children halloween thanksgiving christmas yearly job health fairs evaluate work staff volunteers ensure programs appropriate quality resources used effectively recruit interview hire sign volunteers staff serve community committees promote healthy families children reduce poverty unemployment substance abuse domestic violence maintain seek new relations state senators representatives state officials promote information education aic impact services upon urban native american community current status regards grant funding obtained approximately funding awarded state city foundations navajo nations languages bilingual spanish education counseling webster university june emphasis mental health substance abuse dual diagnosis emphasis school counseling elementary education participated clinical practicums total hours earned supervision completed hours coursework bachelors art psychology family studies university new mexico city state may obtained double major completed coursework psychology family studies inducted psi chi national honor society psychology scholastic achievements actively participated student intern family studies coursework requirements two different nonprofit organizations dean list spring fall skills approach behavioral health chi interpersonal communication contracts counseling client clients department health documentation english event coordination fundraising marketing media relations mental health excel exchange office power point microsoft word project coordination proposals psychology public speaking quality recruitment rehabilitation researching spanish supervision transportation tutoring
DESIGNER,CONSTRUCTION,solution designer summary seeking planning engineer position utilize skills abilities industry offers security professional growth resourceful innovative flexible highlights packages autocad primavera complete web client progress reporter team member office dos digital designing video editing adobe photoshop page maker illustrator corel draw adobe preimere ulead video studio macromedia flash projects computer fundamentals information technology experience solution designer mar current company name city state designing projects manage site department specific requirements related projects executed preparing ocs wir mir track site variations field instructions program updates conjunction schedules materials delivery status schedule drawing status schedule work place site histogram updates form part weekly monthly report draughtsman cum site supervisor oct jan company name city state manage site department specific requirements related projects executed designing projects track site variations field instructions preparation quantities estimation working drawing program updates conjunction schedules materials delivery status schedule drawing status schedule work place site histogram updates form part weekly monthly report monitoring coordinating professional consultants architecture interior structural preparation remedial programs detailed programs critical activities areas co ordination contractors sub contractors preparation remedial programs detailed programs critical activities areas co ordination contractors sub contractors preparation progress reports reflects actual progress site main part monthly payment preparation extension time program delays caused additional works contract reviewing program efficiency analyzing efficiencies preparation look aheads estimating weighted percentages liaison client representatives consultant determine project scope work analyze monitoring construction site activities material supply labor work local payments etc draughtsman cum site supervisor apr sep company name city state manage site department specific requirements related projects executed designing projects track site variations field instructions preparation quantities estimation working drawing program updates conjunction schedules materials delivery status schedule drawing status schedule work place site histogram updates form part weekly monthly report monitoring coordinating professional consultants architecture interior structural preparation remedial programs detailed programs critical activities areas co ordination contractors sub contractors preparation remedial programs detailed programs critical activities areas co ordination contractors sub contractors preparation progress reports reflects actual progress site main part monthly payment preparation extension time program delays caused additional works contract reviewing program efficiency analyzing efficiencies preparation look aheads estimating weighted percentages liaison client representatives consultant determine project scope work analyze monitoring construction site activities material supply labor work local payments etc studying fort engineering trainee jun feb company name city state monitoring supervising concrete casting works day day inspection monitoring preparation project documents preparation completion drawing monitoring coordinating professionals preparation progress reports reflects actual progress site attending weekly progress meetings monitoring construction site activities material supply labor work local payments paper work etc languages known english ielts hindi malayalam tamil education diploma diploma civil engineering gurukulam campus city state india civil engineering government tamil nadu gurukulam campus thackalay h e government kerala mahathma college tirur l c government kerala personal information date birth th april sex male passport j nationality indian marital status single permanent address karatt house annara chattikkal p tirur pin malappuram kerala india current location al sadd doha qatar skills adobe adobe photoshop autocad c consultant corel draw client delivery designing dos english estimating macromedia flash government drawing hindi illustrator information technology languages materials meetings office works page maker primavera progress reporter supervising video video editing additional information personal data date birth th april sex male passport j nationality indian marital status single permanent address karatt house annara chattikkal p tirur pin malappuram kerala india current location al sadd doha qatar declaration hereby solemnly declare details furnished true correct best knowledge belief place al sadd faithfully date zabeer k
ADVOCATE,HR,advocate summary seeking part time prn generalist position human resource conflict resolution team building mentoring coaching new hire orientation disc personality assessments training development leadership development performance appraisals technical skills experience advocate current company name city state nf sg healthcare homeless veterans program coach mentor develop clients resume assistance career counseling complaints problems develop manage evaluate training organizational effectiveness strategies promote development skilled high performing motivated workforce focused achievement company key performance indicators develop career plans fit clients aptitudes education levels physical abilities career goals serve internal consultant levels management identify resolve issues employee retention skill development professional growth succession planning performance improvement partner business unit leaders serve strategic resource assess company wide training development needs well provide recommendations change evaluate motivate coach counsel peers performance duties veteran affairs specialist company name city state provided training education career counseling job placement services broad range clients participated group orientation clients promote development entry level career job opportunities administered career scope assessment tests clients identify skill building needs attended meetings obtain information use training programs inform management training program status employment representative company name city state presented information using variety instructional techniques formats role playing simulations team exercises group discussions videos lectures provided leadership guidance new workers training resources materials aids achieve training objectives developed implemented standards policies managed documentation information multimedia materials conducted dozens quality analysis reviews designed training programs professional development courses facilitate meeting organizational goals individual professional needs training coordinator company name city state evaluated training requirements division consulting department managers hr external resources managed process identifying addressing employee development opportunities focus groups degree assessments blended training solutions include instructor led classes case studies self study mentoring programs e learning coaching role play ojt web based training conducted employee evaluations strength weakness performed cross training exercises competency efficiency developed document teaching procedures team technical trainers encompassing instructional manuals quick reference guides test results forms acted liaison applying experience resolve handle variety hr functions include benefits payroll awards time attendance disciplinary actions counseling evaluations conflict resolution retention efforts management files evaluated developed requirements diverse operational positions well processes improved productivity work center performance education bachelor science human resource management university phoenix city state gpa gpa human resource management gpa lean six sigma certificate north florida south georgia veterans health administration workshops gainesville fl writing advantage certificate coaching toward high performance certificate franklin covey seven habits highly effective leaders certificate motivational interviewing certificate crucial conversations certificate villanova university city state skills benefits coach coaching conflict resolution consultant consulting counseling clients documentation focus forms hr instructor leadership materials meetings mentor mentoring multimedia organizational payroll policies processes quality quick six sigma strategic teaching employee development training programs workshops additional information awards recognition earned years dedicated federal government service award veterans affairs award friend social work award outstanding performance professional affiliations national society human resources management member jacksonville fl society human resource management member american federation government employees union member
CONSTRUCTION,DESIGNER,construction executive summary find internship profession gain experience exposure practice product design core qualifications adobe photoshop illustrator autocad revit microsoft word excel powerpoint professional experience aug current castle inspection service oregon california high value residential insurance appraiser appraise high value homes oregon california replacement cost construction jul jan company name city state extensive remodeling project nov company name city state internship supporting interior design project teams researching materials organizing materials resource library accounts payable assistant jan jan company name city state handling petty cash data entry payroll distribution administrative duties education bfa product design present university oregon city state product design bachelor interior architecture business administration university oregon city state business administration undeclared university washington city state undeclared objects impacts digital illustration interior construction elements furniture theory analysis color theory application rome program skills administrative duties adobe photoshop autocad color data entry digital illustration illustrator inspection insurance interior design materials excel powerpoint microsoft word organizing payroll researching revit
SALES,AGRICULTURE,sales consultant summary current sophomore majoring sociology enjoys working interacting people technologically savvy quick learner strong work ethic ensures great leadership well great team member always willing put best effort work accomplish goals friendly positive attitude contributes pleasant work environment experience company name city state sales consultant processed customer payments uplifting friendly attitude addressed eliminated customer issues well ensured welcoming clean environment assisted customers purchases fulfill targeted company goals company name city state facilitator facilitated conversations native american history identity served college mentor advisor native american high school students interacted built relationships students week long programs various reservations company name city state intern educated several native communities healthcare benefits cooperated fellow interns community based events create execute company goals approached interacted individuals discuss healthcare options education high school diploma tse yi gai high school city state united states certifications valedictorian extracurricular involvement student council peer helper honor society athletics native american club recipient national college prep scholar quest bridge columbia university city state united states graduation expected may leadership mentor columbia mentoring initiative sept present serve guide motivator first year columbia college student indigenous family group discuss create personal mentorship academic goals attend bonding events mentee ensure healthy mental physical well powwow chair native american council columbia university apr present co president native american heritage month apr dec responsible planning organizing month long events represent native american identity also annual university powwow engage weekly meetings discuss event planning peers advisors use leadership abilities execute events timely organized manner skills critical thinking goal setting implementation teamwork skills proficient ms word excel powerpoint
SALES,CONSTRUCTION,sales professional summary talented construction manager twenty years success various projects independent contractor solid experience managing levels small large scale projects extensive experience preparation complete cost estimation accomplished completing project time budget strong leadership relationship building skills providing clear direction explanation plans contract terms meticulous work proficient juggling multiple tasks working pressure take pride attention detail collaborate successfully architects owners construction staff complete multi million dollar projects experience current sales company name city state sell rifles pistols shotguns accessories provide quality control state federal required paperwork provide excellent customer service identifying customer company needs provide company maintenance services competently install purchased accessories customer firearms broadcast engineer construction project manager city state reviewed plans specs schematic design pre construction completed tear existing structures prepared new construction coordinated utility service providers according project schedules obtained building specialty permits local jurisdictional agencies conducted weekly production operations contractor meetings facilitated stronger communication ability resolve critical issues performed regular job site observations provide direction general contractor personnel reported immediate supervisors production conformance contract schedule conducted critical pre installation conferences general contractors subcontractors consultants manufacturer representatives worked construction administration consultants plan field observations schedule digitally archived weekly progress technical knowledge base photographs assigned projects prepared followed required punch lists oversaw entire building turnover process enhancing communication construction managem assisted operations group warranty service repairs determined project schedule included sequence construction activities prepared regular interval progress reports offered technical assistance service providers conducted routine quality audits ensure work progressing per specifications initiated corrective actions guided directed third party inspectors project construction commissioning closeout avoided construction delays efficiently following site inspections timely manner scheduled contractors materials deliveries implemented systems improve process efficiency reduce project duration trained promoted continued education onsite crew members plumber company name city state full time service repair plumber residential commercial sites developed implemented successful contract platform research implemented leak detection unit built fostered strong relationship sacramento area restaurant community safety officer plumbing company conducting weekly safety meetings review developed taught plumbing code classes new seasoned employees specialized replacing restaurant waste drain vent systems keeping business open eliminated risks correctly identifying potential safety hazards interpreted blueprints determine locations quantities sizes materials required expanded trade knowledge networking colleagues participating courses seminars read blueprints determine appropriate materials procedures project managed job site hazards accurately locating biohazards low grade radiation chemicals independently worked projects offering process coordination cooperation teams complied local plumbing codes throughout duration project inspected structures avoid obstruction delays throughout project prepared detailed records project tasks start finish offered guidance training junior team members education high school diploma somerville high school city state associate arts math science somerset county collete city state math science bachelor arts broadcast communication geneva college city state broadcast communication skills blueprints read blueprints interpersonal communication conferences customer relations excellent customer service direction hiring layout materials meetings networking new construction personnel plumbing plumber improve process progress quality quality control repairs research safety fm scheduling seminars tear technical assistance troubleshooting
AGRICULTURE,CONSULTANT,fellow creating livelihoods via agriculture project volunteering international professionals summary nine years professional experience multidisciplinary international environment working programs projects emphasis strategic communications environmental issues community building highlights ms word power point excel concur travel peoplesoft human resources bud e budgeting macromedia dream weaver adobe illustrator word perfect quattro pro google applications social media accomplishments experience strategic planning budget management project execution monitoring evaluation excellent skills communication team work work experience india laos malaysia us projects mexico panama experience fellow creating livelihoods via agriculture project volunteering international professionals company name city state senior member multicultural international team local non profit organization working single mothers create program increase livelihood options beneficiaries using profits agriculture based enterprise drafted project proposal including work impact areas purpose outputs work plan sustainability plan conducted needs assessment benefit women community kulim kedah established benchmarks goals project worked team ensure delivery dates met monitored project progress produced submitted reports presentations accordingly ministry finance executing agency business development volunteer fruitfriends vang vieng laos defined prioritized documented fruitfriends immediate long term goals objectives developed monitoring evaluation plans including results metrics developed financial reporting framework aid presentation organization financial standing potential donors worked program manager researching market identifying stakeholders estimating profit margins producing business plans agricultural products created follow mechanisms organize volunteers program manager company name city state coordinated wildforest program managing participating interns created comprehensive strategic plan program including tasks goals objectives short medium long term participated reforestation project educational initiatives grassroots level research outreach created impact assessment tools program fostered relationships local non profit private governmental organizations consultant company name city state formulated annual multi year strategic work plans part team drafted funding proposals communications plans researched analyze various topics development communications strategies priority corporate initiatives sustainable cities climate change biodiversity corporate social responsibility etc cultivated relationships latin american caribbean community based organizations washington c area coordinated annual grant cycle idb corporate social responsibility program idb c solidarity coordinated special projects events us abroad ensure compliance internal regulations coordinated budget execution monitored spending provided reports accordingly designed edited produced idb annual report education august international affairs american university state international affairs making sustainable development work case costa rica august natural resources sustainable development united nations university city costa rica natural resources sustainable development april ba international relations economics florida international university city state international relations economics certificate latin american caribbean studies independent study governance legitimacy colombia continuing education effective project management development pm dev august permaculture design panya project thailand may project design monitoring evaluation pm dev april languages bilingual spanish english interests volunteer researcher farmer farmer program partners americas june november call center trainee human trafficking hotline ayuda inc self reliance institute translator martha table event volunteer coptic orphans merrifield va norma rivera additional information volunteer work volunteer researcher farmer farmer program partners americas june november call center trainee human trafficking hotline ayuda inc self reliance institute translator martha table event volunteer coptic orphans merrifield va norma rivera skills dream weaver adobe illustrator agency budgeting budget business development business plans c delivery english estimating finance financial financial reporting human resources latin macromedia managing market excel power point ms word needs assessment enterprise peoplesoft presentations producing profit progress project design project management proposals proposal quattro pro researching research spanish strategic word perfect
BANKING,AUTOMOBILE,program administrator executive summary results focused management professional offering years progressive leadership experience transforms high potential staff outstanding leaders demonstrate creativity savvy critical financial operational success professional experience program administrator january january company name city state impart support program management team coordinated program managers corresponds customers managed difficult sensitive issues manage difficult sensitive issue interpreted technical information easy manner carried data input aid program managers develop cost baselines outlined memorandum agreement administer program personnel implemented disciplinary measures outline program information opportunities computed grant budget cuff accounts plan organize assign direct review evaluate work assigned staff motivate evaluate staff provide training professional development implement goals objectives policies procedures work standards internal controls plan organize implement multi faceted senior programs activities identifying community senior citizen needs recommending alternative enhanced programs exercising sound independent judgment within general policy guidelines prepare clear concise complete reports written correspondence establish maintain effective working relationships contacted course work cbs banking representative january january company name city state provided excellent communication skills verbal written including ability listen explain complex subjects convey solutions calm clear manner clients used excellent analytical skills superior level attention detail order adhere stringent bank policies procedures guidelines clients internal representatives provided positive attitude enthusiasm professionalism strong work ethic high level integrity ethics clients team members daily bases collaborated relational work style proven success team environment provided intermediate advanced technical skills ability utilize open programs one time including windows internet researching database systems email used basic math skills including addition subtraction multiplication division along intermediate data entry typing skills daily provided multi tasking skills including limited speaking customers phone assessing needs researching information computer documenting information one time assistant social services coordinator january january company name city state assisted providing expertise implementing quality control measures service delivery meet head start performance standards federal state regulations agency outcomes supervised early head start family support specialists oversee monitor day day services provided infants toddlers pregnant women families coordinated medical wellness coordinator assure screenings assessments home visits completed worked closely home base family partnership coordinator provide services families ehs enrolled home based combination program option participate facilitate coordinate pregnant women educational meetings conjunction home base family partnership coordinator help build collaborations community partners recruitment children families submitted weekly monthly reports coordinator regarding findings center level quality service delivery compliance non compliance issues staffing needs concerns etc assisted coordinator establish community linkages maximize resources benefit head start early head start families contribute attaining agency kind goal participated ehs transition processes assist preparation pir program information report yearly needed director january january company name city state served director program implemented new programs services involving children supervised total staff members certified licensed therapists performed ongoing services families children developmental disabilities indiana first steps staff members operated performed programs services families children wrote proposal organized first school program danville community schools managed prepared annual department budget semi monthly payroll fiscal concerns education masters degree public administration high point university city state public administration bachelor science human development family studies indiana university city state human development family studies family life educator certification senior services group facilitator certification adult basic education ged consultant additional information volunteer experience facilitate growth group monthly new direction christian church serve board member believers like us faith based organization domestic violence among christians organized provided event logistics annual kids fair danville assisted coordinating summer event banquet facilities charles myers golf outing risk youth charlotte nc convention visitors bureau board member healthy start girls group board member community action agency volunteer ywca annual girls sports camp volunteer greensboro volunteer center annual human race walk skills analytical skills attention detail budgets excellent communication concise consultant clients data entry database delivery educator excel microsoft office powerpoint windows word multi tasking processes proposal speaking quality quality control recruitment researching staffing phone typing skills excellent oral written skills
HEALTHCARE,FITNESS,certified personal trainer professional summary certified personal trainer years experience formal training business development leadership health fitness extensive sales customer service experience passionate designing exercise nutrition plans maximize workout efficiency improve fitness boost stamina increase overall well goal oriented self motivated talent motivating others developing foundation meet individual client goals important creating warm environment clients ages successfully achieve health wellness goals core qualifications fitness issa certified cpr first aid certified aed certification weight management expert personable friendly fitness programming specialist fitness assessments understanding human anatomy construction osha certified nccer certified permit processing safe job site set power hand tool operation ms office proficient organized detail oriented superb management skills leadership construction machinery operation strong communication skills detail oriented friendly hardworking experience certified personal trainer february current company name city state taught clients modify exercises appropriately avoid injury assisted older adults weight training programs setting equipment providing detailed instructions contributed operation clean friendly well maintained health club recorded training sessions maintained package rates client guided clients safe exercise taking account individualized physical limitations encouraged clients engage group fitness classes activities gym meet fitness goals arrived time prepared attentive every training appointment participated club promotions recruit new members increase club sales racked weights maintain neat organized clean club devised announced new classes distributed guest passes market club led weekly meetings review performance offer direction motivation guidance toward achieving individual facility goals counseled clients proper nutrition exercise habits administered fitness assessments utility supervisor january december company name city state plan work schedules assign duties maintain adequate staff effective performance activities response fluctuating workloads review work throughout work process completion ensure performed properly collaborate workers managers solve work related problems resolve personnel problems complaints formal grievances possible refer higher level supervisors resolution transmit explain work orders laborers assess training needs staff arrange provide appropriate instruction conduct staff meetings relay general information address specific topics safety evaluate employee performance prepare performance appraisals perform work duties supervised perform difficult skilled tasks assist performance prepare maintain work records reports information employee time wages daily receipts inspection results inspect equipment wear conformance specifications determine extent maintenance repairs needed personal trainer april november company name city state instruct participants maintaining exertion levels maximize benefits exercise routines offer alternatives classes accommodate different levels fitness plan routines choose different movements set muscles depending participants capabilities limitations evaluate individuals abilities needs physical conditions develop suitable training programs meet special requirements monitor participants progress adapt programs needed explain enforce safety rules regulations governing sports recreational activities use exercise equipment provide students information resources regarding nutrition weight control lifestyle issues administer emergency first aid wrap injuries treat minor chronic disabilities refer injured plan physical education programs promote development participants physical attributes social skills teach individual team sports participants instruction demonstration utilizing knowledge sports techniques participant physical capabilities organize lead referee indoor outdoor games volleyball baseball basketball conduct therapeutic recreational athletic activities home healthcare provider april november company name city state administer bedside personal care ambulation personal hygiene assistance prepare maintain records client progress services performed reporting changes client condition manager supervisor provided primary resident care assistance daily living activities provided caring companionship elderly developmentally disabled patients worked part team execute proper care body mechanics safety patient provided call care times day night provided quality nursing care accordance resident care policies procedures utilized strong assessment skills determine necessary patient care tested patients blood glucose levels evaluated health education needs patients provided necessary training instruction processed monthly reports department performance educated patients treatments cleaned sterilized instruments disposed contaminated supplies education high school diploma angleton high school city state united states qualified state choir solo ensemble overall improvement award played life techie played mushnik little shop horrors nursing alvin community college city state united states skills lift lbs knowledgeable computer skills microsoft word power point music production film act direct
PUBLIC-RELATIONS,FITNESS,billing services associate professional summary detail oriented versatile government commercial non profit billing professional proven ability efficiently manage multiple assignments meeting strict deadlines excels cultivating managing internal external client relationships highlights exceptional verbal written proficient microsoft office suite communication executive levels including sharepoint peoplesoft dedicated process improvement high customer service standards meticulous attention detail time management positive attitude work experience billing services associate september current company name oversee aspects billing operations performed office society services oss staff including invoice generation distribution payment processing retention related records serve subject matter expert systems used process billing services including netforum laserfiche media services group msg ad manager elan web train staff use systems work closely accounts receivable tax office resolve issues invoicing collecting revenue acs products services provide general customer support via phone email needed based operational levels serve primary point contact oss manager office distributed daily batch workload team within hours receipt assign deadlines meet service level agreements worked internal business units resolve billing discrepancies timely manner established reasonable deadlines billing orders worked staff ensure targets met leading effort team average completion rate year representing improvement year rate well excess established baseline exceeded expectations providing resources training oss team accomplish assigned billing tasks acs publications publications advertisement miscellaneous billing became knowledgeable billing processes systems utilized department operations streamlined documented standard operating procedures sops created service level agreement spreadsheet sharepoint summarize measures billing service project awarded september supporting transition billing project known acs authorchoice required working closely publications department columbus oh acs office build transition plan including creating workflow charts customizing sales transaction reports introduced new records retention scanning service office society services january formulated idea oss staff offering scan documents agendas entire acs organization reduce office clutter convert hard copies digital format first test run membership business unit successful reduced offsite storage fees half client accounting coordinator july july company name manually generated reviewed processed government commercial client invoices monthly basis utilizing maconomy x accounting system types contracts billing included cpff ffp cost reimbursement interfaced daily project managers ensure final invoices compliance appropriate contract guidelines regulations reviewed included supporting documentation invoices expense verification activity reports budget summaries processed write offs recorded journal entries prompt turnaround time processing invoices approvals received project managers assigned turnaround time processing invoices receiving edits project manager hours consistently prepared final invoices within day receiving approval provided opportunity prepare budget trackers originally prepared senior contracts administrator ability learn manual billing procedures accounting system short period assigned complete monthly budget trackers include invoices nominated received june employee month award established high credibility project managers allowed ask assistance aspects finance acted liaison project managers accounts payable receivable internet billing coordinator may july company name city state managed federal government agencies ensuring internet billing account information presented accurately every month audited accounts ensure nodes attached correct mobile telephone numbers researched evaluated options meeting user needs internet billing system guaranteed system requirements identified incorporated successfully assisted recuperating lost revenue processed exceptions missing incorrect data guarantee customers correctly invoiced internet system order companies receive payment services rendered proactive supporting account managers consultants account liaisons internet billing concerns answered internal business units questions resolved situations regarding internet billing analysis system less one hour time frame conducted one one training sessions utilize billing system download multiple reports invoices necessary would attend conference calls account liaisons clients help internet billing issues received excellence award nominated team members consistently implemented new ways resolving customer concerns shared ideas internet billing team senior customer service representative december april company name city state provided world classcustomer service taking inbound calls customers meeting productivity quality standards resolved customers issues first call basis including handling escalated concerns follow needed nine months position started taking escalated calls manager queue served acting manager handling escalated customer concerns two hours per day processed team credits holds customer accounts evaluated customer billing statement credits ensure valid approved promptly assigned assist new employees practical assessment center chosen train new employees product knowledge quality call flow transitioned onto new team monitored live calls twice per week quality assurance provided feedback monitoring session education bba business administration temple university city state business administration skills accounting accounts payable accounts receivable ad ask billing billing system budget charts contracts client clients customer service customer support documentation email finance frame government invoicing office oss processes publications quality quality assurance receiving sales scanning service level agreement service level agreements spreadsheet tax telephone phone workflow
CHEF,TEACHER,food server professional summary hardworking professional history exceeding expectations delivering quantifiable results known boosting company morale fostering interdepartmental communication skills cash handling professional friendly careful active listener data entry education training may mceachern hs city state high school diploma business business community service volunteer girl scouts work experience august may company name city state food server monitor food distribution ensuring meals delivered correct recipients guidelines special diets followed clean sterilize dishes kitchen utensils equipment facilities served students daily load trays accessories eating utensils napkins condiments stock service stations items ice napkins straws remove trays stack dishes return kitchen meals finished prepare food items sandwiches salads food preparation serving techniques ensure proper procedures followed august may company name city state subsitute pre k teacher order obtain materials needed classes provide extra assistance students special needs non english speaking students physical mental disabilities tutor assist children individually small groups help master assignments reinforce learning concepts presented teachers enforce administration policies rules governing students discuss assigned duties classroom teachers coordinate instructional efforts instruct monitor students use care equipment materials prevent injuries damage maintain computers classrooms laboratories assist students hardware software use october february company name city state loan processor encode cancel checks using bank machines compare previously prepared bank statements canceled checks reconcile discrepancies match statements batches canceled checks account numbers load machines statements cancelled checks envelopes prepare statements distribution customers stuff envelopes hand fix minor problems equipment jams notify repair personnel major equipment problems establish maintain relationships individual business customers provide assistance problems customers may encounter examine evaluate process loan applications evaluate financial reporting systems accounting collection procedures investment activities make recommendations changes procedures operating systems budgets financial control functions certifications serv safe certification
FINANCE,ACCOUNTANT,global finance accountant summary honest reliable dependable hardworking quick learner enthusiastic motivated individual strong work ethics results driven detail oriented well organized fervent desire learn part professional team offers continued opportunities professional personal growth skills excellent people self management techniques excellent client business partner relations excellent written oral communication abilities excellent problem solving skills file maintenance experience using windows power point ms outlook ms word bolt mac millennium internet sap sabre great plains lawson hris csg proalpha quick books centricity oracle r oracle r mas kofax excel knowledge financial management human resource sox compliant procedures iso experience global finance accountant oct current company name city state process analyze invoices expense reports ensure appropriate approvals accordance cge expenditure authorization guidelines ensures accuracy tax calculations invoice payments accrues additional tax expense payable posting process communicate business partners external vendors invoice inquiries expense related activities apply company cost center general ledger gl required coding financial information system entries ensure accuracy posting entries accrual reporting compile prepare standard reports review associates managers accordance accounting standards company policies create prepare distribute weekly proposals team researched discrepancies updated accounts accurate information resolved reconciliation discrepancies timely manner ensure company financial systems robust compliant support current activities future growth reconciled balance sheet accounts monthly review financial statements monthly ensure accuracy managed company policies regarding capital requirements debt taxation equity disposals acquisitions appropriate established high level credibility manage strong working relationships external parties including vendors advisors prepare financial audit coordinate audit process collect analyze financial information recommend develop efficient use resources procedures provide strategic recommendations maintain solutions business financial problems financial analyst accounts payable jul jan company name city state process external invoices r r oracle multiple entities domestic foreign within established service level commitments ensure processing payments invoices refunds expenses compliance established key controls provide strong customer service support demonstrate initiative preventing invoice issues research resolve invoice payment issues external vendors assist documentation implementation global accounts payable function train internal external customers new employees policy procedures provide assistance support develop strong communications internal external business units assist management projects necessary finance organization communicated various partners including corporate regional fp counterparts finance business partners assist internal external sox audits handled reconciliation monthly statements complete review account reconciliations part month end closing procedure responsible day day general ledger accounting financial reporting analysis assigned functional areas research resolve business units inquiries assigned functional areas provide financial tracking maintenance support project managers partnered collaborated business units several regions help deliver various objectives including fiscal year annual operating planning built strong knowledge visa business constant communication business units several different regions ensured financial data accuracy integrity consistency information well organized documentation results data sources used support production monthly reports including performing accurate variance analysis outlining contributing factors financial operations analyst jun jun company name city state team player responsible processing invoices annually handled reconciliation monthly statements documented completion review account reconciliations part month end closing procedure audited merchandise invoices internal purchase orders per sox compliance responsible overseeing review daily settlement process ensure net cash settlements complete accurate posted timely manner reviewed vendor processes transactions ensure performed accurately participated sox complaint projects processed maintained accounting records business units sub regional offices ensure high quality accounting accuracy timeliness reporting compliance corporate policies per gaap sox requirements handled disputed chargebacks maintained lists accounts receivable payable updated vendor files file numbers print distributed monthly financial reports partnered collaborated business units several regions help deliver various objectives including fiscal year annual operating plan utilized business understanding perform financial statistical documented completion review account reconciliations ap manager accountant company name city state partner controller monitor weekly cash flow prioritize payables analyze business operations trends costs revenues financial commitments obligations project future revenues expenses lead integration plan post acquisition functions relates accounts payable accountable ongoing analysis process constraints target costing projects margin analysis tracing costs back underlying activities coordinate manage payables related audit requests uphold sox internal control standards documenting maintaining standard operating procedures manage accounting functions including maintenance general ledger accounts payable accounts receivable project accounting ensures accuracy timeliness manages monthly closing financial records posting month end information ensures accuracy financial statements survey operations ascertain accounting needs recommend develop maintain solutions business financial problem acts liaison company government external accountants meet information needs ensure proper information maintained historical purposes selects hire employees accounting finance team trains evaluates employees enhance performance development work product addresses performance issues makes recommendations personnel actions motivates rewards employees including providing salary increases bonuses promotions within allocated budgets company guidelines prepares recommends operating personnel budgets approval reconcile central travel account statements iexpense application audit card program reconciliations ghost purchasing card reconciliations auditing expense report violations iexpense applications provide knowledge policies procedures supporting cardholders general employee based travel entertainment related items purchasing card related items education training b accounting accounting volunteer san antonio food bank current austin humane society skills account reconciliations accounting accounts payable accounts receivable accrual acquisitions auditing balance sheet budgets business operations cash flow closing oral communication controller costing client customer service documentation equity expense reports finance financial analyze financial information financial audit financial management fp financial reports financial reporting financial statements functional general ledger general ledger accounting ghost gl government great plains hris human resource iso lawson mac mas excel ms outlook power point windows ms word millennium month end closing office management oracle payables personnel policies problem solving skills processes coding proposals purchasing quality quick books file maintenance reporting research sabre san sap sox compliance settlements strategic tax team player variance analysis excellent written
AGRICULTURE,TEACHER,driver summary biological science technician years experience vineyard property maintenance customer service experience well experience company name july current driver city state company name february june biological science technician city state caretaker plant specimens research project planting maintaining harvesting seed plants supervisor roger thilmony roger thilmony ars usda gov company name may january courier city state independent contractor app based delivery service picked food items retailers delivered customers local office sfpostmates postmates com company name september july laborer city state completed repairs maintenance work company standards planned work determined appropriate tools equipment took care facility grounds kept supervisor informed job progress material requirements owner dave umino umonovineyards com education training contra costa college associate arts political science city state political science contra costa college associate arts liberal arts social behavioral sciences city state liberal arts social behavioral sciences skills strong interpersonal skills customer service skills dependable worker excellent attention detail
ARTS,DIGITAL-MEDIA,senior marketing automation consultant summary passionate technically skilled marketing automation consultant committed building trusted relationships clients vendors colleagues people dream big mission empower modern marketers organizations achieve success innovation business value marketing automation technology background includes unique diverse mix experience corporate independent small business settings creating well rounded distinct blend strengths including creative strategic analytical optimization process communication hands production highlights digital marketing systems integration database management complex problem solving cross functional collaboration innovative enthusiastic team player strong written verbal communicator detail oriented passionate experience senior marketing automation consultant current company name city state focused delivering best practices product education configuration marketing sales organizations ensure investment marketing technology maximized provide advisory support variety organizations including pwc vision service plan td ameritrade tyco parker hannifin responsibilities include evaluate client needs develop strategic marketing automation roadmap solutions fit business requirements implement marketing technologies eloqua including cvent citrix webex salesforce siebel oracle sales cloud twitter relationship one various rd party systems develop custom subscription management centers support global business requirements build custom insight reports perform greater analysis eloqua data develop automation testing efforts eloqua salesforce integrated technology platforms design build complex programs solutions within program builder managing data cleansing contact duplication api data imports lead routing systems lead scoring programs subscription management define implement qa processes procedures workflows develop documentation internal sharing build complex multi step campaigns marketing assets including custom data objects dynamic content emails segmentation develop testing strategy continuous improvement optimization provide marketing technology best practices advisory training marketing sales organizations marketing automation manager company name city state contributed growth development integrated marketing programs initiatives sole power user eloqua platform led planning design execution marketing automation programs projects continuous improvement driving sales marketing effectiveness throughout funnel responsibilities include day day management eloqua platform including salesforce integration lead management programs develop implement process improvements workflows improve efficiency collaborate cross functional teams develop execute test marketing campaigns assets implement promote email best practices including b testing segmentation dynamic content data cleansing increase email campaign engagement support web development team web content auditing asset management ownership email marketing analytics reporting including report creation monitoring database health tracking effectiveness efficiency across campaigns hosting regular sessions update stakeholders campaign performance kpi best practices assist implementation training new marketing technologies services marketing programs events intern company name city state responsible setting direction overseeing successful execution marketing strategy member programs events responsibilities include develop programs focused community outreach parent member communications student registrations member recruitment training events staff facility management areas project management include budgeting scheduling vendor venue due diligence contract negotiations catering selection entertainment cor responsible contracts management driving membership including account renewals program sales increased year year membership contracts support accounting department responsibilities include monthly invoicing updating account receivables billing system expense balancing increased time payment rates education modern marketing luminary certification tenets modern marketing oracle marketing cloud academy city state united states b b oracle eloqua masters marketing automation eloqua university city state united states bachelor arts communication studies san francisco state university city state united states accomplishments markie awards judge modern marketing experience expert speaker eloqua university education sessions modern marketing experience fourth princess titleholder miss chinatown u pageant achieved black sash ranking shaolin kung fu recommendation yee martial arts examining committee skills advanced eloqua product knowledge experience strong working knowledge salesforce com implementation depth knowledge project planning leading marketing automation teams projects ground zero expertise developing guidelines best practices training automation tools strong managing system integration projects third party vendors instrumental managing multiple projects simultaneously excellent communication analytical problem solving skills proven ability interact well end users peers senior management affinity logic working independently proactive self sufficient self motivated
DIGITAL-MEDIA,ARTS,media weather forecaster summary skilled weather forecaster experience media network familiar smartmet system make short medium range forecasts spatial scale highlights communication skills adaptability common software application knowledge demonstrated organizational planning skills ability improvise good performance difficult situations team work experience reliable accomplishments served meteorological office years weather office team leader years completed advanced research severe local storms weather forecast evaluation secured feature article cuban meteorlogical magazine represented cuban weather service workshops training courses united states china attended postgraduated courses participated conferences meetings speaker produced tv radio broadcasts week straight years interviewed television spoke weather forecasts warnings hazards experience media weather forecaster march november company name city presented local weather news feature reports public radio style local national weather news programs introduced fresh new angles previously reported material update inform audience combined video audio graphics effectively convey report forecast effectively explained hazards vulnerabilities people could expect confront dangerous weather conditions superior specialist meteorology september november company name city created technical research documents daily weekly forecasts discussions warnings analyzed meteorological conditions affecting peoples life economic features assisted developing scientific analysis software conducted research severe local storms weather forecast evaluation specifically dangerous meteorological systems developed effective working relations groups individuals agencies public supervised technical professional staff guaranteed data met stringent quality control standards trained new personnel interns office functions maintained high rate accuracy daily forecast evaluation september november education bachelor degree meteorology institute technology applied sciences city cuba diplomat course evaluation ecological climatic risks environmental impact university alicante spain instec cuba h earned first place general meteorology commission students scientific forum winner benito vi es j prize granted cuban meteorological society students category attended conferences conventions speaker till graduated honors gpa continuing education meteorology postgraduate courses affiliations cuban meteorological society till personal information place birth havana date birth th january sex female status single publications mart nez g acosta thunderstorms pinar del r province memories iii cuban congress meteorology electronic edition isbn mart nez g acosta sinoptic configurations favorable tornadoes western region memories iv cuban congress meteorology electronic edition isbn mart nez carnesoltas mart nez n quintana sierra g aguilar g acosta hailstorms camag ey province memories tropic convention electronic edition isbn mart nez g aguilar carnesoltas termodinamic conditions asociated hailstorms memories v cuban congress meteorology electronic edition isbn mart nez termodinamic conditions asociated hailstorms camag ey cuban journal meteorology vol isbn mart nez g aguilar carnesoltas hailstorms relationships wet bulb c isotherm cuban journal meteorology vol isbn mart nez evaluation proposal cold fronts arrive short medium range memories vii cuban congress meteorology electronic edition languages spanish english skills people skills enthusiastic people person advanced problem solving great organizational skills weahter forecast smartmet work station statistical analysis software numerical models analysis observational data analysis satellite radar workstation
ARTS,PUBLIC-RELATIONS,marketing manager summary use skills knowledge enthusiasm advance public image credibility business driven company manner consistent existing core values almost twenty years experience providing top quality customer service office management marketing public relations private corporations non profit organizations includes ability execute successful event project vision completion highlights customer service focused relationship building expert deadline driven exceptional multi tasker microsoft office suite expert self directed excellent written verbal communicator multi media marketing experience marketing manager nov oct company name city state drive strategic marketing planning well tactical execution regions manage marketing communications including website collateral b b content marketing webcasts advertising proposal content digital marketing media relations collaboration central marketing build relationships regional marketing sales technology vendors work executive sales engineer teams run annual summit manage marketing department staffing foster relationships potential customers drive brand awareness create effective sales marketing opportunities pursue coordinate sponsorship speaking tradeshow event opportunities enhance reputation increase exposure target audience manage market development funds create events pay utilize crm execute effective marketing programs support activity tracking data maintenance mailing list management provide input insight large complex sales pursuits written proposals requested special events coordinator feb jun company name city state generate annually growing source event revenue participants franciscan health system fhs objectives increase community involvement support fhs managing seven successful special events st francis st clare franciscan hospice golf tournaments brett erickson spectrum golf tournaments franciscan hospice luncheon st joseph ball st francis gala interact fhs administrators lead community volunteers develop schedule determine fhs special event goals procedures budgets manage ongoing activities approximately volunteers seven event committees tacoma lakewood federal way gig harbor direct report administrative assistants volunteers per event prepare present reports special event financial attendance etc results event committees franciscan foundation board trustees liaison franciscan foundation variety corporate individual donors vendors financially support special events solicit corporate sponsorships gifts individuals vendors support fhs special events research cultivate prospective event sponsors manage event ticket sales reservations registration oversee bank transactions credit card processing post event reconciliations maintain manage special event software public relations event contact outside organizations wishing support franciscan foundation ticket office manager nov feb company name managed many performances year different theaters managed person ticket office team front house staff senior level administrative experience provide customer service via phone person assist patrons rental organizations season subscriptions single ticket purchases donations provided year round financial statistical reports board members executive committees accurate development accounting reporting ticket office budget sales database manager patrons donors using artsoft event selection committee member seasons assist board functions member supervisory team met plan provide oversight operations broadway center historic downtown theaters initiated website online ticket sales assisted creation promotional advertising affect ticket sales public relations training artsoft box office manager wallingford ct education associate arts general pierce community college high school diploma woodrow wilson high school technical skills operating systems windows databases constant contact connectwise raisers edge auction tracker auction pay artsoft resnet graphics tools adobe photoshop elements microsoft publisher additional information one marketing managers chosen national month training board member west sound roller girls roller derby team franciscan foundation scholarship award winner
ENGINEERING,BPO,software engineering team lead profile years experience field infrastructure consulting operations worked various microsoft technologies system center suite scom sccm scvmm virtualization hyper v windows active directory dns dhcp windows clusters scripting powershell vbscript etc currently working accenture technologies currently onsite working client usa since march looking another opportunity within usa infrastructure consulting systems administration gives opportunity excel current skills paves way learning new technologies system center system center operations manager scom currently working scom years technical lead sme experience designing implementing operating scom infrastructure experience developing management packs using vsae vmpd authoring console professional experience july january company name software engineering team lead joined part avanade io capability avanade joint venture microsoft accenture specializes microsoft product solutions project stanford hospital clinics tenure march till date currently onshore technical lead subject matter expert monitoring solution called microsoft system center operations manager scom part designing implementing scom solution client also leading operations key activities leading designing configuring operating scom expand monitoring non trusted domains cross platform servers management pack tuning configuration building new management packs using vsae vmpd authoring tools migration upgrade scom rtm release managing daily operational tasks working sla reports dashboards application monitoring synthetic transactions prior joining monitoring team working core infrastructure role team identify flaws remediate core io services ad dns dhcp wins file print etc also provided escalation support critical incidents worked decommissioning windows domain controllers environment also implemented dns scavenging project project dealt planning deployment sccm site systems across geographies also responsible software distribution osd also built customer facing artifacts around designing building sccm architecture project performing p v v v migrations optimize minimize datacenter footprint project largest implementation hyper v technology outside us also case study microsoft part project involved consolidating datacenter fmcg giant part project performing v v p v migrations servers large numbers role project sme responsible handling technical escalations getting migrations done within specified change window supporting maintaining client infrastructure working us based client major producer nuclear power job mainly related remote administration providing support x client implemented latest microsoft technologies infrastructure part project since transition phase managing team people operating shifts achievements promoted twice within first years tenure company given contribution significantly peer group rating yearly evaluation cycle april july company name analyst january march company name windows administrator working part messaging collaboration team job administer internal windows infrastructure company day day tasks included working tickets escalated st line support helpdesk monitoring systems attending scom alerts etc monthly tasks included software updates management needed tasks included emergency planned change team also responsible active directory operations january january company name technical support engineer responsible ad maintenance tasks account creation providing access shared folders distribution security groups creation deletion replication issues group policy implementation etc providing line support internal users company troubleshooting mail flow issues outlook network password issues handling mailboxes internal users company etc also worked network routers bridges network devices manufactured linksys initial days company provided technical support customers spread across world setting small office networks responsible giving desktop support small scale infrastructure day day tasks included troubleshooting issues outlook blue screen errors imaging etc education national institute technology nit city india bachelor engineering b e accomplishments also working system center orchestrator system center configuration manager sccm years working experience sccm experience designing implementing sccm infrastructure prepared artifacts environment discovery questionnaire reference architecture etc avanade capability india virtualization hyper v scvmm datacenter consolidation worked datacenter consolidation worked building operating windows failover clusters experience hyper v scvmm core wintel services active directory dns dhcp wins worked remediating core wintel services client experience good understanding design deployment operations core wintel services ad dns dhcp wins etc file print services experience setting operating file print services worked file print clusters windows scripting experience windows powershell vbscript skills conducted technical training new joiners people streams technologies sccm ad hyperv etc within accenture member empanelled interviewers current company conducted interviews experience setting small office home office networks one previous organizations fair understanding networking protocols equipment certifications itil v foundations certified mcse sccm certified skills active directory ad bridges client designing dhcp dns imaging itil v managing messaging access mcse mail office outlook microsoft technologies windows window migration network networks producer routers servers sla technical support desktop support troubleshooting upgrade
APPAREL,SALES,rachel guardado summary polished professional team member skilled counting money processing payments building relationships patrons effectively meet front end needs skilled merchandising customer support register management proficient processing purchases returns high accuracy diligent attention important details sales expert promotes products plans boost store profits hardworking warehouse associate excellent materials handling storage management shipment preparation skills experienced picking orders assembling pallets preparing containers delivers accurate inventory counts maintains detailed warehouse records dedicated customer service specialist providing skills prioritize multi task fast paced working environment successfully works part team reach personal business goals known successfully handling escalated customer support issues skills credit cash transactions issue resolution scanner operations cash register operation customer assistance staff mentoring cash counting machine operations product location skills heavy lifting warehouse operations weighing measuring tagging expertise automatic packing equipment microsoft office leadership front house organization event planning reservations customer service check payment processing service prioritization experience warehouse picker city state company name may current prepared inventory shipment attaching tags labels executing shipment documents facilitate delivery proper customers packaged items appropriate materials prevent damage shipping marked labeled containers accurate shipping information prevent delays assembled cartons crates containers utilized pallet jacks move items different warehouse locations promoted workplace safety production efficiency keeping workspaces clean organized free hazards inspected outgoing shipments maintain effective quality assurance standards reviewed packing slips documentation properly box requested items shipment picked products designated locations using various tools transferred appropriate areas processing operated warehouse equipment caution according manufacturer instructions reduce risk accidents malfunctions weighed measured products materials check compliance specifications regulations used website would keep track items would get shipped everyday warehouse employee city state company name feb apr prepared inventory shipment attaching tags labels executing shipment documents facilitate delivery proper customers counted stocked different types merchandise comply inventory control tag requirements noted current product inventory levels support completion order requests audits packed labeled merchandise prepare loading shipment customers lifted materials varied weights regular basis transport items proper warehouse locations monitored work areas cleanliness functionality removed obstacles promote safe work environment packed merchandise boxes containers ensure safe shipment arranged items pallets according size weight mentored new employees daily warehouse procedures answered task related questions quick job acclimation inspected orders accuracy carefully reviewing containers products packaging labeling accomplished production goals working speed accuracy utilized pallet jacks move items different warehouse locations weighed measured products materials check compliance specifications regulations sales associate cashier city state company name oct dec maintained knowledge current promotions exchange guidelines payment policies security practices built maintained effective relationships peers upper management drive team success toward common sales service operational goals sold various products explaining unique features educating customers proper application answered incoming telephone calls provide information products services store hours policies promotions assisted customers finding sizes certain items available store checked inventory items locations maintained well stocked organized sales floor latest merchandise drive sustained sales revenue mentored new employees customer service money handling organizing strategies maximize performance productivity team success provided every customer comprehensive assistance upon entering store merchandise selection completion purchases assisted purchases locating items signing rewards programs worked closely front end staff assist customers maintain satisfaction levels monitored sales events added new merchandise rang purchases scanned customer purchases supporting transactions streamline sales process host city state company name jul aug supported serving staff food runners bussers keep dining room presentable ready guests scheduled reservations notified servers managers large groups prepare seating advance greeted guests gathered information seat groups place waitlist escorted guests seating area furnished menus highlighted daily specials promote positive experience accommodated guests children special needs promote comfortable dining experience monitored dining area assess server capacity estimate wait times stayed abreast server availability table turnover make quick decisions seating locations education training high school diploma clifton high school expected jun city state additional information fluent spanish english
CONSTRUCTION,ENGINEERING,director ship construction executive profile visionary operations executive solid experience managing levels multiple projects including budgeting administration ambitious leader creates strategic alliances organization leaders effectively align support key business initiatives builds retains high performance teams hiring developing motivating skilled professionals motivated change agent leads organizations lean journeys training mentoring driving results creating self directed autonomous teams organizational goals mind skill highlights leadership project management business operations organization budgeting expertise employee relations self motivated customer oriented lean implementations change agent team player labor negotiations honest ethical ability select talent multi unit operational experience p l responsibilities communications teacher core accomplishments manufacturing lead labor negotiations resulting multi million dollar benefit company across term agreement ratified changed marinette marine module construction static build process dynamic build process resulting schedule attainment productivity improvement resulting cost improvement netted savings per ship lead designed constructed operated new module facility resulting achievement baseline schedules operations budgeted cost achieved despite many claims process design would never work would cost us operate fashion helped grow small privately owned company revenue revenue competitive market performed lean engagement customer involvement employee involvement drive achieve goals collectively set worked aspects thermasys corporation final role vp gm time implemented lean methods lead significant improvements cost schedule quality safety professional experience director ship construction current company name city state accountable ship completion prior launch including fabrication assembly paint outfitting testing system completion responsibilities include ship construction first plate cut launch ship management cost schedule performance achievement strategic corporate goals additional responsibilities include relationship building union membership collective bargaining unit negotiations union regarding upcoming contract renewal span control includes ships various stages construction oversight union employees area managers general foremen foremen lean methods instrumental introduction implementation lean methods results date include lean organization external areas shipyard including removing multiple locations identical activities reducing travel time creating much productive workforce providing support resources point use implementation barcoding improved inventory materials equipment reductions material loss quick identification material location quick response demand director outfitting company name city state accountable ship completion prior launch including outfitting testing system completion responsibilities included structural completion module erection insuring pipe electrical insulation equipment propulsion systems complete prepared next stage final construction system testing span control includes ships various stages construction oversight union employees area managers general foremen foremen insuring outfitting done sequenced stage construction june completion rate modules prior module erection roughly high percentile averages team raised bar level completion time launch prior ships launched level mid low percentile lcs launched complete therefore gaining schedule time delivery level completion earned team significant accolades customer along company earning multi million dollar incentive bonus achieving goal introduced status boards work centers communicate performance employees additionally post safety alerts status boards accidents occur speak crews insure adhering safe practices alerting leadership see problem director fabrication assembly company name city state accountable construction modules lcs vessels responsible following structure pipe fabrication outfitting equipment electrical foundations short long term manning plans cost schedule performance structural trade steel aluminum performing productivity losing schedule day additionally team disjointed working cohesive unit throughout transition poor performance exceptional performance accomplished following immediately cut manning steel module department immediate improvement cost performance degradation schedule continued reduce manning attrition elimination contract employees achieve budget cost performance stabilized schedule performance began improve group back baseline schedule improvements began happen daily built solid team continued improve currently operating employees opposed continues gain schedule make improvements spearheaded introduction implementation lean methods results date include implemented program great success everything place everything place implemented lean methods pipe shop resulted increased throughput spools per week spools per week without additional manpower introduced status boards work centers communicate performance employee base introduced daily tracking progressing daily status foreman effort understand performed day corrections must made insure meet weekly goals group stabilized complaints internal customers diminished done open communication stream issues internal customers go see technique foreman performed unacceptable work could understand error effected stream operations using technique coupled clear understanding quality procedures quality performance improved greatly saving thousands hours unnecessary rework highlighting safety important thing leadership team working direct reports managed create safer cleaner organized environment reducing accidents first year accomplished communication implementation methods leading eliminating potential safety hazards director outfitting company name city state accountable ship completion prior launch including outfitting testing system completion responsibilities included structural completion module erection insuring pipe electrical insulation equipment propulsion systems complete prepared next stage final construction system testing key strategy role primary focus lean implementations team building first months marinette marine introduced organization lean methods began implementing new techniques predominantly activities instrumental introduction implementation lean methods results date include implemented staging organization rigging tools equipment prevent losses hours lost searching necessary tools date significant hours time saved result elimination searching tools equipment rigging major lifts module moves module erections implemented staging organization safety equipment prevent loss searching safety stantions line lead trellis safety related equipment results lead reduction accidents related lack safety chains stations lead control director module construction company name city state accountable construction modules lcs jhsv vessels responsible trades including structure pipe fitout electrical short long term manning plans cost schedule performance construction new k sq ft facility phase began operate facility produce modules jhsv lcs programs u navy commissioning facility employee base grew employees managed transition hiring predominantly low skilled employees training b class skill base class skill base phase ii k sq ft commissioned mid january commissioning phase ii employee base phase grew nearly short months time period cost schedule performance improving week instrumental introduction implementation lean methods results date include implemented program great success everything place everything place introduced shadow boards assigned specific area reduced tool loss saving lost damaged stolen tools introduced status boards work centers communicate performance employee base vessel vessel cost improvement nd vessel rd vessel date external survey results improved significantly vessel vessel current vessel progressing pass rate first time surveys compared roughly prior vessel new module facility line began scribing cutting modules neat avoid interference erecting module module allowed erection modules completion vessels significantly increase safety performance among best industry received several industry awards safety performance done collective team effort operations manager company name city state accountable construction lcs hsf vessels responsible trades including structure pipe fitout electrical short long term manning plans cost schedule performance brought board help develop lean facility implement lean methods shipyard environment oct nov began coaching teaching means lean huge challenge employees even heard words lean methods brought board knowledgeable employees help make transition time period focused employee involvement problem solution continuous improvement areas struggling training employee involvement cross functional tiger teams true grit overcame many issues resulted great gains follow vessels beginning nov took project lead new module facility began acres corps engineers spoils dredging created lean facility designed construct outfit modules milestone accomplishments helped secure federal state local funding support expansions worked governors office mayors office governmental authorities examples include mitigation wetlands working corps engineers working fema remove site zone designation given coastal areas working alabama department environmental management designed entire facility designed validated external sources completed entire k sq ft facility time budget general manager company name city state accountable forestry boat divisions responsible aspects organization including long term business strategies total revenues per year developed plan implement methods designed aid company dealing significant revenue growth example lean methods employee involvement decision making supply chain management team approach hierarchy priorities include quality delivery continuous improvement umbrella safety introduced organization means lean results date include reduction overtime instituted cost savings program recognized real savings improved time delivery reduced amount field installation issues improved productivity headcount remained flat implemented corrective action reporting system results true root cause analysis permanent corrective actions introduced organization microsoft project benefits planning scheduling properly resulted ability deal delays disruptions advance milestone dates deadlines began involve customer intimately planning scheduling process previously scheduling delays would communicated customer base causing significant costs customer end many times reimbursed psi implemented customer follow installation system order evaluate customers satisfaction resolve open issues instrumental achieving revolving line credit capital line credit large banking institution vice president general manager company name city state accountable aftermarket business unit thermasys corporation developed implemented business unit strategies responsible aluminum business unit montgomery alabama copper brass business unit detroit michigan total aftermarket revenues per year developed implemented plan move organization lean direction coached trained organization lean methodology impact organization implementing lean manufacturing employee ownership process led many improvements created self directed work teams led key managers lean manufacturing philosophies improved time delivery reducing lead times weeks days reduced external defects reduced inventory reduced workforce sales increased mature market increased profitability restored brand name aluminum products thermal components focused growing business thebest choice industry competitive price superior delivery lead times world class quality service developed strategy move direction specialty products focus less replacement type business strategy changes led many improvements launched new products years added new distributors negotiated long term agreement distributor racing products grew sales revenue mature market creating new paths market operations manager company name city state managed day day operations heat exchanger division thermasys montgomery responsibilities included achieving daily goals customer commitments improving operations lean methods kaizen approach lean manufacturing took aggressive approach process improvement kaizen activities results kaizen events favorable reduced scrap levels resulting k annual savings daily goals increased daily targets scope eight months reduced workforce improving productivity quality increased fill rates high reducing build quantities inventory levels reduced overtime result kaizen approach quality led kaizen efforts improve quality products building quality product processes prior production launch improved existing product quality implementing changes brought kaizen efforts implemented customer focused teams effort get operators involved customers resulting partnership status john deere manufacturing engineering manager company name city state directed process related issues projects heat exchanger tubing operations managed aspects continuous improvement plant responsible insuring processes robust maintained project management managed numerous projects related process improvements cost savings activities managed projects within budget time removal aqueous washer project required finding viable option line washing manage line achieved goal using process friendly oil require washing implementation new oil resulted removal washer saving company annually elimination epoxy repair project required reducing leaks post braze therefore eliminating need secondary step process implemented changes improved first pass leak rate thereby eliminating need epoxy repair project resulted k annual savings improved process flow installation new process managed project required designing process purchasing equipment installing new line launching production product line entirely new market heat exchanger division one significant impact future thermasys process line installed time budget team dynamics prior role manufacturing engineering manager central focus process improvements leadership dynamic team engineers assembled attack every improvement opportunity product engineering assistant manager company name city state led product design activities controlled product designs insure designs would within current capabilities process side expected design process fixtures jigs equipment products designing customer focus mission exceed customers expectations within capabilities made sure extra steps taken insure customers thermasys best choice regularly visited technical staff customer locations effort insure viability design aftermarket designed prototyped launched production new ford aftermarket radiator product line resulted additional revenue organization original equipment customers account manager john deere product launches leadership skills enabled us launch new products time within budget tenure engineering group thermasys one best supply partners qs efforts developed implemented document control process incorporating new numbering schemes controlled document binders preparation qs certification accomplished president award received insilco holding company president award recognizing involvement design engineering new tube would result existing tubes obsolete tube profile revolutionized tubing industry enabling end users take cost materials reducing gauges education bachelors science business management troy state university city state gpa gpa business management gpa business auburn university city state business associates degree drafting design technology john patterson state technical college city state gpa gpa drafting design technology gpa skills relationship building problem solver conflict resolution great organizational skills microsoft office professional energetic
CONSULTANT,INFORMATION-TECHNOLOGY,consultant career overview director information technology two decades sound leadership areas including strategy security systems analysis architecting installation integration streamlining software development management network design administration management technical support help desk management telecommunications management proven business leadership skills strategic planning consulting change management policy development team leadership motivation training development project management process improvement procedure development operationally astute demonstrated abilities new business development needs assessments proposal development presentations contract negotiations post sales support client relationship management financially savvy superior skills budget planning forecasting business forecasting financial reporting traditional accounting functions including r p general ledger payroll management recent recipient b information technology concentration cyber security technology completed case studies current homeland security issues perimeter defense techniques systems analysis development system modeling theory project management qualifications workforce planning scheduling contractor management team leadership motivation training development business partnering consulting vendor partnering management budgeting payroll management business startup growth technology implementations upgrades network architect administration network security website creation management router firewall configuration optimization custom database design custom front end systems design development environment software c microsoft visual basic visual studio enterprise resource planning erp software oracle e business suite microsoft dynamics gp sage pro mas object component oriented development software borland paradox c practical extraction reporting language perl python phpweb platform development software hypertext markup language html javascript css work experience consultant current company name provide consulting support clients including intuit washington home mortgage library virginia neighborworks america washington home mortgage recommend efficient use resources support planning office migration facilitate cisco ucs reinstall conversion verizon digital voice library virginia reviewed domain server installations processes improve performance documented systems installed configured citrix provisioning services configured integrated infoblox dns appliances setup hyper v server image maintenance neighborworks america created network documentation identified areas inefficiency help desk processes firewall changes access nat rules firmware upgrades dc infrastructure backbone ucs blade servers storage switches routers vcenter voip etc optimization maintenance active directory maintenance domain controllers multiple forests including resolving issues replication dns ad info troubleshooting domain controller issues dns management cisco asa ucs voip phone system unified communications data domain emc storage analyzed cloud services submitted recommendations improvement identified areas inefficiency created vmware server images adjusted performance stability technical director consultant company name firm providing comprehensive technology consulting support computer networking solutions served technical professional expert across teams clients information technology spectrum led served engagements involving management vmware esxi provision cloud service support server workstation installation maintenance san installation maintenance switch router firewall voip support windows server installation upgrades tcp ip network design installation network security provisioning management led participated system projects included system pci compliance check configuration exchange upgrades new installations campus wireless network design installation cisco voip systems design implementation server installation consolidation using vmware esxi hyper v servers windows terminal server wyse terminal installations director managed services manager professional services engineer firm providing comprehensive technology consulting support computer networking solutions founded grew organization startup respected local consultancy drove new business development running daily back office support functions including finance accounting human resource management staffing workforce management took lead delivering consulting professional services associations non profits smes across dc metro area served roles beyond project manager included lead programmer lead developer utilized technologies included directx c simulator ms sql mysql php linux windows server platforms c programs vb scripts powershell batch scripting functioned chief architect providing onsite remote network administration peak network nodes among different businesses grew home business handful clients profitable month operation effectively developing managing business development client engagements supporting operations established partnerships major vendors including hp dell microsoft solution provider novell gold partner directly managed projects engagements included ecommerce websites creation installation hyper v esx installations windows servers active directory ldap email installations across wide area networks netware networks integration nds conversions active directory networks firewall installations upgrades cisco routers switches vpn networks optimization including site site client server voice ip pbx installations custom database web based front end systems development contact management association membership statistical analysis business management tools communications specialist company name specialist law firm gibson dunn crutcher manager cpa firm crutchley marginot tosi provided wan lan server management well os network installs upgrades migrations systems implementations education training master science computer science georgia institute technology city state usa bachelor science information technology strayer university city state gpa summa cum laude concentration security graduated summa cum laude itil v foundation security microsoft certified professional mcp master certified novell engineer security cisco certified network associate cisco certified design associate member information technology project management institute information technology skills accounting active directory ad architect borland budgeting business development business management business startup c c cisco certified network associate certified novell engineer cisco cisco certified cisco routers citrix client server computer networking consulting contact management controller conversion cpa css client clients database database design dc dell documentation dns ecommerce e business email erp enterprise resource planning finance firewall help desk hp html human resource management hypertext markup language php image information technology support itil v javascript lan ldap team leadership law linux managing mas access microsoft certified professional mcp microsoft dynamics exchange office windows migration mysql nds network administration network design installation network security network networks new business development novell netware os optimization oracle developer paradox payroll pbx pci peak perl phone system processes programmer python reporting router routers sage san scheduling servers scripting scripts ms sql staffing statistical analysis switches switch systems design systems development tcp ip terminal server troubleshooting upgrades vpn microsoft visual basic vb visual studio voice ip voip website websites wan windows server
APPAREL,FITNESS,membership sales representative professional profile motivated professional twenty years experience business management customer service seeking front desk manager position claremont club ability turn around performing departments create profitable departments building strong relationships recruiting talent training teams establishing managing processes self starter positive attitude strong problem solving skills qualifications self motivated strategic creative thinker outgoing cheerful attitude team training development process improvement interpersonal oral written communication skills experience company name city state membership sales representative current achieve monthly individual team sales attrition goals enrolling prospective members club utilizing relationship selling process take sales process beyond close initial boarding new client decrease monthly attrition providing enthusiastic level service existing members create personal monthly plans outlining specific house community activities generate new sales develop maintain excel spreadsheets sales tracking purposes support club programs staff members company name city state health wellness coach achieved personal training fitness non dues revenue program sales goals effectively utilized visual fitness planner program features transition members personal training clients integrated new members club assured satisfaction company name city state general manager grew two women personal training studios less average monthly sales average monthly sales client base implementing top mind sales approach maximize front upgrade renewal sales opportunities coach studio team four personal trainers aspects operational excellence turn clients raving fans providing positive high energy environment clients achieve weight loss results balanced program weight training interval cardio training nutrition support accountability develop communication tools organization including monthly constant contact newsletters studio contests community board develop specific interesting lead generating emails company name city state director performance sports managed women men performance apparel categories running fitness soccer sales goal million category expert spokesperson within apparel team defined strategy business plan performance categories created delivered informative presentations workshops sell product company name city state senior director apparel accessories merchandising defined delivered apparel line north america built strategic alliances sales international product resulted million sales growth traveled corporate headquarters germany every weeks represent north america strategic planning meetings increased account base new product quickly broughtto market introduced revolutionary women fitness apparel program increased customer base managed team three merchandise managers one merchandising analyst responsible recruiting interviewing new team members department created delivered informative presentations workshops sell product company name city state sales director new business managed new emerging business categories across product classifications exceeded sales goal first year built strong client relationships provided high value adding services resulting growth within new business account base developed assigned monthly sales quotas national sales managers communicated regularly strategic managers resolve issues plan business launched new categories swimwear sailing limited edition created delivered informative presentations workshops sell product company name city state director sales managed sales operations department store lifestyle business segments resulting million annual sales improved client relationships vice president level resulting expansion account base communicated regularly territory regional managers daily support strategic planning accounts recruited interviewed hired new sales managers department created delivered informative presentations workshops sell product listened attentively account feedback worked product development team introduce competitive product offerings company name city state trade channel manager built managed new accounts million sales established critical alliance three major department store partners within six month period recognized puma employee year increasing sales level changed improved department expectations customer service margin analysis presentation building planned led training sessions customer service business analysis promote sales team professional development sales goal reinforcement education bachelor arts international relations mount holyoke college city state usa certificate portuguese studies universidade de lisboa city portugal technical skills mastery microsoft office word excel powerpoint strong working knowledge datatrak abc clubos software ability work several operating systems including microsoft mac osx fluent spoken portuguese proficient written portuguese knowledge spoken written spanish
DIGITAL-MEDIA,BUSINESS-DEVELOPMENT,digital media consultant summary dynamic results driven outside sales territory manager years successful new business development competitive market share expansion customer relationship development creative goal oriented motivated team leader develops strong working relationships adapts well changing environment provides clear direction highlights successful sales revenue generation leadership team building experienced account management effective presentation skills operations management training instruction client relations customer service development adapt creating executing strategies accomplishments president club award recipient top five digital solutions media consultant working ny daily news started successful magazine publishing company distribution spanning far japan generated advertising revenue experience digital media consultant company name city state achieved monthly sales goals vigorous marketing selling ny daily news digital solution products small mid sized businesses maintained daily face face cold call regimen setup appointments perspective clients nyc northern nj areas provided clients multi service solutions based insight marketing needs presented created custom presentations outlining details benefits based client marketing needs goals developed implemented innovative marketing strategies reach sales goals strong knowledge internet sales marketing tool use social media successfully managed campaign execution according client program goals manage existing client relationships continuously looking ways grow revenue across team accounts drove weekly pipeline development qualified daily meetings field key clients decision makers owner sales marketing director company name city state responsible overall profitability n multi media inc setting publication overall direction including editorial marketing circulation advertising sales determined target market production modes planned organized directed controlled resources producing publication including setting budget allocating controlling costs successfully increased magazines production copies copies sold quarterly first months production responsible building advertising base clients clients harley davidson aprilla motorsports achieving annual gross sales advertising revenue developed urban biker brand traditional non tradition marketing social media urban biker website sponsorships promotional materials directed development advertising sales support marketing materials media kits email blast weekly newsletters created promotional programs help meet sales objectives grow business managed staff graphic designers freelance writers photographers full time sales staff account managers major accounts manager company name city state developed managed hotel vertical market simplex grinnell northern new jersey area responsible increasing hotel vertical market northern nj achieved goals marketing selling life safety products new clients selling existing account base maintaining ambitious call per day schedule conducted custom presentations new existing clients covered safety needs benefits new products sold test inspection services life safety systems along fire alarm monitoring security monitoring services provide solutions customers needs regarding security life safety surveyed customers business analyzed customers requirements recommend proper test inspection services meet nfpa codes customers needs compiled lists prospective customers use sales leads based information business directories sources effectively presented simplex grinnell product line services sales manager company name city state responsible training managing whole sale account managers parsippany nj office ensured account managers new date marketing materials loan rates weekly scheduled trainings new account managers provided supervision needed account manager responsible developing new territories growing account base daily face face calling promoting benefits wachovia bank loan programs conducted presentations training loan products new seasoned mortgage loan officers conducted weekly sales meetings training ensuring working company standards provided coaching lacking sales numbers established sales objectives creating sales plans quota account representatives support regional objectives wrote designed produced weekly marketing material responsible directing managing sales activities branch increased loan sales first months reviewed loan agreements ensure complete accurate according policy conferred underwriters aid resolving mortgage application problems responsible performance development account managers territory sales manager company name city state responsible leading team six drivers six pre sales agents covering south carolina northern georgia responsible ensuring edy product lines delivered customers managed accounts coverage area two states tasked developing independent opportunities lead territory increasing led team example promote winning attitude culture edy teamwork increased annual sales profit goals efficient management satisfaction customer needs within assigned territory two states oversaw daily operations front line sales team grocery side business annual sales million managed reset schedules interviewing hiring training front line sales staff communicated daily team members assigned territory sales reps drivers warehouse ensure customer satisfaction timely delivery products meet handled customer request including providing promotion items flavor samples removal dated products store developed assigned accounts relative sales volume market share product distribution space allocation customer service education mba business management present new jersey institute technology city state united states relevant course work organizational behavior economics accounting bachelor degree marketing university south carolina city state united states concentration sport hospitality marketing skills leadership team building contract negotiation vendor relations customer satisfaction sales force proficient comfortable working windows applications effective sales training
PUBLIC-RELATIONS,CHEF,bartender experience bartender company name city state marketing public relations years maintain proper adequate set bar daily basis responsible maintaining stock preparing storing garnishes juices perishables ensure product quality attend stand ups prior function obtain details order execute event flawlessly set breakdown mobile bars per hotel standards greets guests warm genuine hospitality promote sells product handle production consumption sheets assists cash bar set closing process perform general cleaning tasks adhere health department regulations bartender byron nelson golf tournament may dallas texas greet guests stock bar complete pre opening requirements maintain clean bar area prepare serve alcoholic beverages according standard recipes comply basic safety sanitation requirements organizational product operate club pos work large small events minimal supervision team environment complete pre closing requirements assure state local laws club policies procedures service alcoholic beverages consistently followed provide guests ordered beverage food promptly professionally check identification guest whose age appears younger abiding b c liquor laws responsibly make recommendations inquiring guests without delay accurately complete code liquor beer pouring wine waters beverage supply requisitions assure proper documentation beverage transfers departments keep bar storage areas beer coolers clean sanitary properly sanitize blender cup strainer knives pour spouts operate pos system serve cashier complete closing reports per shift accounting cash receipts credit card vouchers closed checks cashier depositing night audit drops monitor alcohol consumption behavior guests alerting manager intoxicated questionable guests provided bar back clear instruction priorities completed carry trays dirty dishes dishwasher unload rack properly ensure coverage entrance greeting arriving guests thanking leaving communicate guests cordial manner smile times expedite large quantities drinks efficiently accurately club hours addition serving multiple guests time keep bar top clean ashtrays emptied picks trash empty beer bottles maintain knowledge drinks recipes beer items available price drink garnished prepare fresh fruit garnishes juices syrups mixers scratch stocks bar start shift breaks cleans bar close verify alcohol inventory liquor cabinet accurate start shift properly requests replacement alcohol bottles bar requisition sheet end shift ensure proper set bar tops including matches ashtrays beverage napkins stir sticks sword picks garnish trays ice garnishes verify legal age guests appear age bartender american family insurance golf championship june madison wi provide friendly service guests fellow employees set assigned service bar location beverages garnish glassware supplies set assigned table section making sure surfaces furniture clean complete transactions according department policies procedures engage guest visit complete opening closing side work maintain clean safe work area thru shift count drawer bank turn completed correct paperwork funds accounted balanced assist management keeping event area clean perfect condition maintain product supplies service bartender st jude golf tournament may memphis tn recognizes levels intoxication prevent customers overly intoxicated maintains safe work environment inform customers current bar specials practices suggestive selling beverages food restock bar supplies dry goods glassware juices sodas garnishes informs manager supervisor supplies needed provide full bar service including beer crafted cocktails help maintain cleanliness bar lounge areas equipment tv signs tables chairs etc clean bar tables ashtrays wipes clean checks chairs spills maintain clean alcohol soda control devices record sales ringing exact amounts register greet customers courteous manner review shortages overages record management review setup bar area seating area prior opening maintain security bar supplies inventory maintain record daily operations required change tap empty kegs report problems leaks manager supervisor greet guests prepare signature cocktail drink restock beverages accept different types payment make change maintain specific side work ensure total cleanliness smooth operation bar area clear reset tables check identification guests ensure guests legal age consume alcoholic beverages refuse serve beverages polite manner guests legal age interact guests friendly fast manner serve multiple tables determined management bartender byron nelson golf tournament may dallas tx abide tabc able tips pga policies concerning alcohol consumption safety procedures prevent intoxication underage selling set breakdown margarita machines wells bar equipment labeling produce batches using proper day dots interact guests maintaining professional work environment operate bar processing cash credit card transactions monitor inventory efficiently keep neat organized work space prepare serve alcoholic non alcoholic drinks wash sterilize glassware prepare garnishes drinks provide full service patrons maintain bottles glasses attractive functional manner support efficient drink preparation promotion beverages present drink food menus make specific recommendations answer questions regarding menu items restock replenishment bar inventory supplies thank guests visit invite return greet members name follow opening closing procedures order keep club bars constant state readiness accurately take relay serve guests display working knowledge wine wine etiquette prepare serves alcoholic beverages accordance pga policy state law monitor members alcohol intake reports potential problems manager bill members account items purchased arrange display areas project clean attractive image restocking equipment supplies requisition liquors beverages supplies keep assigned area equipment clean sanitized maintain overall bar readiness cleanliness sanitation total receipts end shift bartender houston open golf tournament march houston tx preparing alcoholic non alcoholic beverages bar patrons interact customers taking orders serving food drinks assess bar customers needs preferences making recommendations mix ingredients prepare cocktails check customers identification confirm meets legal drinking age restock replenish bar inventory supplies check patrons identification order ensure meet minimum age requirements consumption alcoholic beverages check customers ensure enjoying meals take action correct problems serve food beverages patrons prepare serve specialty dishes tables required escort customers seats inform customers daily drink menu specials explain various menu items prepared describing ingredients cooking methods remove dishes glasses tables counters take kitchen cleaning stock service areas supplies coffee food tableware bartender st jude golf tournament may memphis tn check patrons identification order ensure meet minimum age requirements consumption alcoholic beverages check customers ensure enjoying meals take action correct problems serve food beverages patrons prepare serve specialty dishes tables required escort customers seats inform customers daily drink menu specials explain various menu items prepared describing ingredients cooking methods remove dishes glasses tables counters take kitchen cleaning stock service areas supplies coffee food tableware bartender byron nelson golf tournament may irving tx maintain warm welcoming corner bar atmosphere ids guests ordering alcoholic beverages appear years old younger properly promptly prepare garnish serve drinks guests engage guests making drinks front guest using working flair make appropriate beverage food recommendations upsell guests food drink items appropriate keeps clean organized bar area accurately rings orders pos system maintaining ability socialize guests follows relevant pga standards service provide prompt courteous service bussing serving setting tables accurately record pre checks picks food beverage orders serve customers food beverage orders prompt courteous manner set tables needed prior customer arrival contribute customer satisfaction attending restaurant customer needs ensures bar area proper condition arrival customers verify workstations stocked neat orderly stock work related items processes customer restaurant bills promptly accurately inquires level satisfaction experienced customer issue customer bills accordance pga policies bartender houston open golf tournament march houston tx provide exceptional customer service greet patrons provide drinks food secure proper accurately count inventory money beginning end shift maintain inventory assigned understand market pga promotions properly payout guests keep bar area stocked clean well maintained update supervisors issues relating operations e equipment processing failures bartender byron nelson golf invitational may check patrons identification order ensure meet minimum age requirements consumption alcoholic beverages check customers ensure enjoying meals take action correct problems serve food beverages patrons prepare serve specialty dishes tables required escort customers seats inform customers daily drink menu specials explain various menu items prepared describing ingredients cooking methods remove dishes glasses tables counters take kitchen cleaning stock service areas supplies coffee food tableware bartender adhere state federal corporate liquor regulations pertaining serving alcoholic beverages ton minors intoxicated guests set assigned bars requisitions stocks beer wine spirits paper products straws stirrers condiments glassware ice produce maintain stock prepares cures stores fresh fruit vegetable garnishes juices perishables ensure product quality greet guests courteous friendly manner take processes orders drinks mixes garnishes presents drinks using standard ingredient recipes practices prudent portion control check guests bar proper identification detect acts upon guest inebriation trained demonstrates knowledge liquor laws receive cash guests makes change verifies validity charges records charges ensures vouchers properly executed lock stores beverage products food equipment items deposits cash drops secures bank perform general cleaning tasks adhere health safety standards keeps work area clean organized arrange bottles glasses maintain attractive display bar area wash sterilizes stemware public relations marketing consultant current company name use forms media communication build maintain manage reputation organizations ranging public bodies services businesses voluntary organizations typical work activities include limited initiate planning pr campaigns defining goals analyzing problems opportunities liaising management clients internal external write editing press releases house newsletters speeches articles annual reports maintain updating information organization website use corporate advertising maintain organization identity name reputation prepare supervising production publicity brochures handouts direct mail leaflets promotional videos photographs films multimedia programs answer enquiries individuals journalists organizations speak public presentations press conferences radio tv interviews meetings developed maintaining good working relations media including local national newspapers magazines radio television organizing special events press conferences exhibitions open days tours competitions sponsorship waitress cashier check patrons identification order ensure meet minimum age requirements consumption alcoholic beverages check customers ensure enjoying meals take action correct problems serve food beverages patrons prepare serve specialty dishes tables required escort customers tables inform customers daily specials explain various menu items prepared describing ingredients cooking methods prepare checks itemize total meal costs sales taxes present menus patrons answer questions menu items making recommendations upon request remove dishes glasses tables counters take kitchen cleaning stock service areas supplies coffee food tableware linens work history bartender company name city state marketing public relations years maintain proper adequate set bar daily basis responsible maintaining stock preparing storing garnishes juices perishables ensure product quality attend stand ups prior function obtain details order execute event flawlessly set breakdown mobile bars per hotel standards greets guests warm genuine hospitality promote sells product handle production consumption sheets assists cash bar set closing process perform general cleaning tasks adhere health department regulations bartender byron nelson golf tournament may dallas texas greet guests stock bar complete pre opening requirements maintain clean bar area prepare serve alcoholic beverages according standard recipes comply basic safety sanitation requirements organizational product operate club pos work large small events minimal supervision team environment complete pre closing requirements assure state local laws club policies procedures service alcoholic beverages consistently followed provide guests ordered beverage food promptly professionally check identification guest whose age appears younger abiding b c liquor laws responsibly make recommendations inquiring guests without delay accurately complete code liquor beer pouring wine waters beverage supply requisitions assure proper documentation beverage transfers departments keep bar storage areas beer coolers clean sanitary properly sanitize blender cup strainer knives pour spouts operate pos system serve cashier complete closing reports per shift accounting cash receipts credit card vouchers closed checks cashier depositing night audit drops monitor alcohol consumption behavior guests alerting manager intoxicated questionable guests provided bar back clear instruction priorities completed carry trays dirty dishes dishwasher unload rack properly ensure coverage entrance greeting arriving guests thanking leaving communicate guests cordial manner smile times expedite large quantities drinks efficiently accurately club hours addition serving multiple guests time keep bar top clean ashtrays emptied picks trash empty beer bottles maintain knowledge drinks recipes beer items available price drink garnished prepare fresh fruit garnishes juices syrups mixers scratch stocks bar start shift breaks cleans bar close verify alcohol inventory liquor cabinet accurate start shift properly requests replacement alcohol bottles bar requisition sheet end shift ensure proper set bar tops including matches ashtrays beverage napkins stir sticks sword picks garnish trays ice garnishes verify legal age guests appear age bartender american family insurance golf championship june madison wi provide friendly service guests fellow employees set assigned service bar location beverages garnish glassware supplies set assigned table section making sure surfaces furniture clean complete transactions according department policies procedures engage guest visit complete opening closing side work maintain clean safe work area thru shift count drawer bank turn completed correct paperwork funds accounted balanced assist management keeping event area clean perfect condition maintain product supplies service bartender st jude golf tournament may memphis tn recognizes levels intoxication prevent customers overly intoxicated maintains safe work environment inform customers current bar specials practices suggestive selling beverages food restock bar supplies dry goods glassware juices sodas garnishes informs manager supervisor supplies needed provide full bar service including beer crafted cocktails help maintain cleanliness bar lounge areas equipment tv signs tables chairs etc clean bar tables ashtrays wipes clean checks chairs spills maintain clean alcohol soda control devices record sales ringing exact amounts register greet customers courteous manner review shortages overages record management review setup bar area seating area prior opening maintain security bar supplies inventory maintain record daily operations required change tap empty kegs report problems leaks manager supervisor greet guests prepare signature cocktail drink restock beverages accept different types payment make change maintain specific side work ensure total cleanliness smooth operation bar area clear reset tables check identification guests ensure guests legal age consume alcoholic beverages refuse serve beverages polite manner guests legal age interact guests friendly fast manner serve multiple tables determined management bartender byron nelson golf tournament may dallas tx abide tabc able tips pga policies concerning alcohol consumption safety procedures prevent intoxication underage selling set breakdown margarita machines wells bar equipment labeling produce batches using proper day dots interact guests maintaining professional work environment operate bar processing cash credit card transactions monitor inventory efficiently keep neat organized work space prepare serve alcoholic non alcoholic drinks wash sterilize glassware prepare garnishes drinks provide full service patrons maintain bottles glasses attractive functional manner support efficient drink preparation promotion beverages present drink food menus make specific recommendations answer questions regarding menu items restock replenishment bar inventory supplies thank guests visit invite return greet members name follow opening closing procedures order keep club bars constant state readiness accurately take relay serve guests display working knowledge wine wine etiquette prepare serves alcoholic beverages accordance pga policy state law monitor members alcohol intake reports potential problems manager bill members account items purchased arrange display areas project clean attractive image restocking equipment supplies requisition liquors beverages supplies keep assigned area equipment clean sanitized maintain overall bar readiness cleanliness sanitation total receipts end shift bartender houston open golf tournament march houston tx preparing alcoholic non alcoholic beverages bar patrons interact customers taking orders serving food drinks assess bar customers needs preferences making recommendations mix ingredients prepare cocktails check customers identification confirm meets legal drinking age restock replenish bar inventory supplies check patrons identification order ensure meet minimum age requirements consumption alcoholic beverages check customers ensure enjoying meals take action correct problems serve food beverages patrons prepare serve specialty dishes tables required escort customers seats inform customers daily drink menu specials explain various menu items prepared describing ingredients cooking methods remove dishes glasses tables counters take kitchen cleaning stock service areas supplies coffee food tableware bartender st jude golf tournament may memphis tn check patrons identification order ensure meet minimum age requirements consumption alcoholic beverages check customers ensure enjoying meals take action correct problems serve food beverages patrons prepare serve specialty dishes tables required escort customers seats inform customers daily drink menu specials explain various menu items prepared describing ingredients cooking methods remove dishes glasses tables counters take kitchen cleaning stock service areas supplies coffee food tableware bartender byron nelson golf tournament may irving tx maintain warm welcoming corner bar atmosphere ids guests ordering alcoholic beverages appear years old younger properly promptly prepare garnish serve drinks guests engage guests making drinks front guest using working flair make appropriate beverage food recommendations upsell guests food drink items appropriate keeps clean organized bar area accurately rings orders pos system maintaining ability socialize guests follows relevant pga standards service provide prompt courteous service bussing serving setting tables accurately record pre checks picks food beverage orders serve customers food beverage orders prompt courteous manner set tables needed prior customer arrival contribute customer satisfaction attending restaurant customer needs ensures bar area proper condition arrival customers verify workstations stocked neat orderly stock work related items processes customer restaurant bills promptly accurately inquires level satisfaction experienced customer issue customer bills accordance pga policies bartender houston open golf tournament march houston tx provide exceptional customer service greet patrons provide drinks food secure proper accurately count inventory money beginning end shift maintain inventory assigned understand market pga promotions properly payout guests keep bar area stocked clean well maintained update supervisors issues relating operations e equipment processing failures bartender byron nelson golf invitational may check patrons identification order ensure meet minimum age requirements consumption alcoholic beverages check customers ensure enjoying meals take action correct problems serve food beverages patrons prepare serve specialty dishes tables required escort customers seats inform customers daily drink menu specials explain various menu items prepared describing ingredients cooking methods remove dishes glasses tables counters take kitchen cleaning stock service areas supplies coffee food tableware bartender adhere state federal corporate liquor regulations pertaining serving alcoholic beverages ton minors intoxicated guests set assigned bars requisitions stocks beer wine spirits paper products straws stirrers condiments glassware ice produce maintain stock prepares cures stores fresh fruit vegetable garnishes juices perishables ensure product quality greet guests courteous friendly manner take processes orders drinks mixes garnishes presents drinks using standard ingredient recipes practices prudent portion control check guests bar proper identification detect acts upon guest inebriation trained demonstrates knowledge liquor laws receive cash guests makes change verifies validity charges records charges ensures vouchers properly executed lock stores beverage products food equipment items deposits cash drops secures bank perform general cleaning tasks adhere health safety standards keeps work area clean organized arrange bottles glasses maintain attractive display bar area wash sterilizes stemware public relations marketing consultant current company name use forms media communication build maintain manage reputation organizations ranging public bodies services businesses voluntary organizations typical work activities include limited initiate planning pr campaigns defining goals analyzing problems opportunities liaising management clients internal external write editing press releases house newsletters speeches articles annual reports maintain updating information organization website use corporate advertising maintain organization identity name reputation prepare supervising production publicity brochures handouts direct mail leaflets promotional videos photographs films multimedia programs answer enquiries individuals journalists organizations speak public presentations press conferences radio tv interviews meetings developed maintaining good working relations media including local national newspapers magazines radio television organizing special events press conferences exhibitions open days tours competitions sponsorship waitress cashier check patrons identification order ensure meet minimum age requirements consumption alcoholic beverages check customers ensure enjoying meals take action correct problems serve food beverages patrons prepare serve specialty dishes tables required escort customers tables inform customers daily specials explain various menu items prepared describing ingredients cooking methods prepare checks itemize total meal costs sales taxes present menus patrons answer questions menu items making recommendations upon request remove dishes glasses tables counters take kitchen cleaning stock service areas supplies coffee food tableware linens summary objective seeking professional bartender position company require utilize skills abilities experience contribute assist ensuring company success summary experienced tabc food handler certified special event bartender cocktail server years skill knowledge knowledge principles processes providing outstanding customer personal services ability multi task knowledge food beverage preparations service standards guest relations etiquette knowledge appropriate table settings service ware ability stand extended periods time shift ability work shifts premise locations possesses strong verbal written communication skills knowledge beverage preparation service various alcoholic beverages personal characteristics professional demeanor appearance confident manner speaking willingness engage guests mental flexibility perform different roles day day sense urgency complete tasks service guests timely manner ability work sense urgency behalf membership without disrupting atmosphere dining room effortlessly polite patient courteous times interacts well effectively communicate members guests staff maintains neat professional appearance ability follow directions supervisor ability work fast safely possesses good coordination balance personable responsible willing work team environment ability properly execute pos system capable bartender passionate serving warm efficient courteous manner exceeding customer expectations maintaining poise sense humor demanding environments looking bring history exceptional service growing restaurant professional bartender extensive knowledge spirits intuitive ability engage customers types friendly open committed building customer base providing positive service experience interests license tx drivers food handler tabc highlights accounting organizing advertising organizational basic policies brochures pos c presentations cashier press closing press releases conferences pr cooking processes credit promotion make change public relations clients publicity customer satisfaction quality customer service radio direct mail safety documentation selling editing sales special events speeches exhibitions supervisor fast supervising forms supervision functional tables funds taxes health safety standards tv ids television image tops instruction website insurance articles maintain inventory annual reports inventory law legal market marketing meetings money multimedia neat newsletters newspapers preparing garnishes basic math classic cocktails responsible alcohol service liquor beer wine knowledge staff management beverage preparation food running hospitality service expertise performance improvement making change aloha pos fast learner creative mixology clear effective communication new hire training positive attitude food preparation safety attending multiple customers fluency english customer service reporting documentation engaging personality interpersonal skills highly reliable cash register operation able bend squat reach sale expertise handling difficult customers tabc license food handler license education high school diploma susan b dorsey high city state cosmetology career academy inc city state skills accounting advertising basic brochures c cashier closing conferences cooking credit make change clients customer satisfaction customer service direct mail documentation editing special events exhibitions fast forms functional funds health safety standards ids image instruction insurance maintain inventory inventory law legal market marketing meetings money multimedia neat newsletters newspapers organizing organizational policies pos presentations press press releases pr processes promotion public relations publicity quality radio safety selling sales speeches supervisor supervising supervision tables taxes tv television tops website articles annual reports
AUTOMOBILE,AVIATION,automobile transporter professional summary dedicated responsible class driver clean driver license self motivated customer focused exceptional leader talented leadership communication management skills excellent team player years experience military trucking industry talented mechanist tech years experience developing executing maintenance programs excellent troubleshooting skills areas expertise include mechanics technology management key skills quality control osha regulatory compliance dependable independent worker clean good following instructions solid communication skills strong organizational skills strong work ethic team player timely project completion work experience current company name city state automobile transporter conducted daily dot pre trip inspections according set checklist hooked unhooked trailers tractor coordinated daily delivery schedules based customer schedules peak delivery times alternate routes perform emergency repairs including service hydraulic system maintain accurate records vehicle logs records cargo billing statements accordance regulations obeyed traffic laws followed established traffic transportation procedures transported freight origin destination safe timely manner company name city state driver car hauler coordinated daily delivery schedules based customer schedules peak delivery times alternate routes conducted daily dot pre trip inspections according set checklist maintained records required compliance state federal regulations interacted customers vendors friendly timely manner transported freight origin destination safe timely manner checked load accuracy stability trip picked customer loads timely accurate manner maintained telephone radio contact supervisor receive delivery instructions conducted emergency roadside repairs including changing tires replacing light bulbs installing fuses tire chains recorded expenses maintained receipts company name city state independent contractor facilitated successful internal external audits sound thorough documentation composed effective accounting reports summarizing accounts payable data posted receipts appropriate general ledger accounts reconciled discrepancies accounts receivable general ledger account accounts receivable trial balance account balanced monthly general ledger accounts accurately record cost month end accruals supervised invoice processing purchase orders expense reports credit memos payment transactions process accounts payable employees entered financial data company accounting database verified reconciled tracked financial progress creating quarterly yearly balance sheets streamlined bookkeeping procedures increase efficiency productivity developed monthly quarterly annual profit loss statements balance sheets performed periodic budgeting modeling project monthly cash requirements drove car transporter applying knowledge commercial driving regulations order assure prompt delivery dealerships verified contents inventory match bill lading forms maintain driver log company name city state driver car hauler transport automobiles manufacturing plant dealership worker directly training departments co signees management achieve prompt deliveries new pre owned vehicles perform emergency repairs including service hydraulic system maintain accurate records vehicle logs records cargo billing statements accordance regulations obeyed traffic laws followed established traffic transportation procedures trained new drivers company name city state driver car hauler coordinated daily delivery schedules based customer schedules peak delivery times alternate routes obtained maintained proper delivery authorization pickup documentation conducted daily dot pre trip inspections according set checklist loaded unloaded trailers mechanical freight handling equipment delivered personal vehicles homes places business within established time frames interacted customers vendors friendly timely manner company name city state driver safely loaded unloaded deliveries according size load content description transported deliveries locally road managed discrepancy documentation incoming shipments submitted delivery documentation timely manner maintained daily legible dot log book submitted corresponding documents completed basic maintenance minor repairs keep vehicle neat running properly reported accidents damage malfunctions involving company equipment management inspected truck defects safe operating condition trips established maintained excellent customer relationships answered customer questions regarding delivery promptly accurately loaded unloaded freight assure safety minimize risk damage dangerous conditions company name city state aviation machinist mate supervised creation validation anti terrorism plans ships developed led training programs preparation combat operated maintained communications equipment documented processed classified materials recommended retransmission equipment employment based capabilities equipment mission requirements guided coordinated unit force protection programs meet fleet requirements planned briefed personnel missions established commanded field communication operations routinely checked measuring equipment resolve testing problems monitored production operations compliance specifications promptly reported defects discarded rejected products materials equipment meet specifications worked within flight operations maintain culture safety efficient procedures prepared filed flight plans domestic international utilizing available resources aircraft capabilities maximum efficiency ensured aircraft operational matters within manufacturers faa company limits including fuel loading weight balance performance measures coordinated communication air traffic control maintenance personnel performed supervised airfield management activities monitored gauges warning devices control panels verify aircraft performance regulate engine speed calculated aircraft weight balance performance fuel requirements assisted safety risk management srm process announced demonstrated safety emergency procedures specialized training road master truck driving school city state united states truck driving gpa gpa class cdl license road master truck driving school city state class commercial driver license cdl credentials twic card
SALES,ARTS,sales associate professional summary food service worker fast food retail customer service experience trained food safety handling highlights neat clean professional appearance delivers exceptional customer service reliable team worker skills work history sales associate company name city state computed sales prices total purchases processed payments described merchandise explain operation merchandise customers maintained knowledge current promotions policies regarding payment exchanges security practices placed special orders called stores find desired items operated cash register process cash check credit card transactions guided customers choosing items reflected personal style shape administered point sale opening closing procedures explained information quality value style products influence customer buying decisions replenished floor stock processed shipments ensure product availability customers barista company name city state took necessary steps meet customer needs effectively resolve food service issues correctly received orders processed payments responded appropriately guest concerns served fresh hot food smile timely manner communicated clearly positively co workers management cut chopped food items cooked grill fryers packaged menu items bags trays placed drink orders carriers accurately measured ingredients required specific food items prepared served beverages coffee tea fountain drinks mastered point sale pos computer system automated order taking carefully maintained sanitation health safety standards work areas frequently washed sanitized hands food areas food preparation tools performed general maintenance duties including mopping floors washing dishes wiping counter tops emptying grease traps followed established restaurant practices procedures worked well teammates openly invited coaching management team took initiative find extra tasks scheduled duties completed quickly unloaded product shipments stocked freezers assisted management monthly inventory control weekly stock ordering prepared items according written verbal orders working several different orders simultaneously crew member company name city state demonstrated integrity honesty interacting guests team members managers operated drive window sales register quickly efficiently greeted customers provided excellent customer service maintained high standards customer service high volume fast paced operations prepared fountain drinks ice cream items prepared food orders within minute time frame assembled food orders maintaining appropriate portion control prepared specialty foods pizzas sandwiches following specific methods required quick prep time prepared variety foods according customers orders supervisors instructions following approved procedures handled currency credit transactions quickly accurately placed food trays food warmers immediate service stored refrigerated storage cabinets stored food designated containers storage areas prevent spoilage cross contamination maintained clean safe environment including kitchen bathrooms building exterior parking lot dumpster sidewalk reported shifts wearing neat clean unwrinkled uniform reported shift time ready work diligently restocked work stations display cases cooked packaged large batches food prepared order kept hot needed prepped items later use save staff time busy hours sales associate company name city state greeted customers timely fashion quickly determining needs recommended merchandise customers based needs preferences responded customer questions requests prompt efficient manner completed cleaning stocking organizing tasks assigned sales area organized racks shelves maintain visual appeal store stocked shelves supplies organized displays check purchases education high school diploma current washtenaw technical middle college city state special program finish last two years high school get associates degree time skills cash register closing coaching oral communication excellent communication credit inventory control listening ms office organizer policies pos quality safety sales tops written additional information community service springhill teen service teen weeks volunteer landscaping livingston human society community church mission trip native american reservation working children area
ARTS,TEACHER,language arts teacher professional summary continue working children well youth able utilize skills expertise area elementary middle school core qualifications ability communicate inspire trust confidence motivate children well understand children educational emotional needs ability recognize respond individual cultural differences children employ different teaching methods result higher student achievement organized dependable patient creative able work cooperatively communicate effectively teachers support staff parents members community computer skills wordperfect microsoft word powerpoint leadership skills experience language arts teacher august current company name city state co advisor team leader august may company name city state tutor sixth seventh grade students tested basic basic language arts work students varied ethnic racial religious backgrounds administrator standardized augmented benchmark test maintain accountability students safety whereabouts hours operations teach language arts daily sixth grade students perform interventions benchmark sat standardized tests help children become proficient language arts assess students reading comprehensive skills group discussion testing oral writing responses allowed students use computer individual research projects gather information continue take technology courses update advance computer skills instruct use latest technology classroom prepare lesson plans computer attends going staff development southeast middle school throughout school year attends going staff development pine bluff school district planned evaluated assigned lessons prepared administered graded tests listened oral presentations maintained classroom discipline graded papers prepared report cards met parents school staff discuss student academic progress personal problems observed evaluated student performance potential increasingly use various assessment methods encouraged collaboration solving problems students work groups discuss solve problems together administered tests assessments pine bluff school district pine bluff arkansas elementary teacher teach mathematics language spelling reading social studies arkansas history health science certified teacher august may company name city state played important role fostering intellectual social development children formative years tutored fifth grade students tested basic basic math language arts work students varied ethnic racial religious backgrounds leader fifth grade team taught using classroom presentations individual instruction help students learn apply concepts subjects mathematics science social studies spelling language arts arkansas history health planned evaluated assigned lessons prepared administered graded tests listened oral presentations maintained classroom discipline graded papers prepared report cards met parents school staff discuss student academic progress personal problems observed evaluated student performance potential increasingly use various assessment methods used hands approach uses props manipulative help children understand abstract concepts solve problems develop critical thought processes encouraged collaboration solving problems students work groups discuss solve problems together prepared lesson plans administered test assessments supervised students playground duty indoor outdoor activities supervised students field trips special events maintained control accounted whereabouts safety students helped prepare arrange maintain indoor outdoor activities including limited fun day working parents child care center pine bluff arkansas teacher four year old children played vital role development children introduced children mathematics language science social studies used games music artwork films books computers tools teach basic skills capitalized children play language vocabulary development using storytelling rhyming games acting games improved social skills children work together build neighborhood sandbox introduced scientific mathematical concepts showing children balance count blocks building bridge mix colors painting used less structured approach including small group lessons one one instructions learning creative activities art dance music introduced letter recognition phonics numbers awareness nature science established working relationship children parents education elementary education may university arkansas pine bluff city state usa elementary education b elementary education may university arkansas pine bluff city state usa elementary education professional affiliations pbea pine bluff education association aea arkansas education association personal information elementary middle school teacher ability communicate inspire trust confidence motivate students well understand students educational emotional needs ability recognize respond individual cultural differences students employ different teaching methods result higher student achievement organized dependable patient creative able work cooperatively communicate effectively teachers support staff parents members community certified pathwise mentor teacher skills academic approach arts art balance basic oral special events instruction leadership math mathematics powerpoint microsoft word organizational skills painting presentations processes progress reading research safety sat scientific staff development structured teacher wordperfect additional information elementary middle school teacher ability communicate inspire trust confidence motivate students well understand students educational emotional needs ability recognize respond individual cultural differences students employ different teaching methods result higher student achievement organized dependable patient creative able work cooperatively communicate effectively teachers support staff parents members community certified pathwise mentor teacher
ENGINEERING,TEACHER,senior engineering manager summary personable patient adaptable math tutor years experience tutoring k college students mathematics highly reliable approachable person years professional experience people management leadership documentation multi tasking innovation creativity gained corporate world silicon valley accomplishments problem solving assisted students k college variety class assignments helped understand solve quantitative problems achieve higher grades classes creative lesson planning motivated students engage course materials organizing colorful fun flashcard games used recall technique enhance learning grading evaluated college level exam papers making sure grades accurately fairly reflect quality students work presentation designed created course presentations used sfsu instructor management class created presented several presentations colleagues using microsoft powerpoint google docs training provided sql programming trainings corporate team members classroom setting enhance knowledge sql allowed significantly improve data analysis education master business administration decision sciences san francisco state university city state courses operations management total quality systems project management business forecasting supply chain management bachelor science mathematical engineering yildiz technical university city turkey courses mathematical analysis linear algebra fundamentals mathematical logic analytic geometry ordinary differential equations theory probability numerical analysis statistics matrix analysis optimization techniques insurance mathematics teaching experience volunteer math tutor current company name city state tutored students algebra geometry statistics attended algebra classes provide special assistance english language learners ells help understand content express grasp mathematical concepts orally writing volunteer math tutor company name city state assisted students algebra ii providing volunteer teaching flex time hours class period students visit chosen class seek help struggles expand interests teaching assistant company name city state edited several business forecasting operations management thesis papers journal publications graded exam papers evaluated operations management total quality systems class assignments assisted operations analysis statistics mathematics related work assigned mathematics statistics tutor company name city state tutored students mathematics statistics probability estimation hypothesis tests regression analysis correlation quantitative analysis production management control related computer applications optimization techniques inventory control demand forecasting corporate experience operational excellence lead google express company name city state analyzed data using statistical analysis tools correlation multiple regression analysis reviewed results provided recommendations system improvements courier performance efficiency capacity planning using various optimization data analysis techniques identified operational areas needed process speed improvement deliver orders faster consultant company name city state supported looks application pre launch current marketing content management quality testing areas application sf fashion tech pitch competition june company reached approximately active users operations manager company name city state supervised team logistics analysts warehouse staff global warehouses defined scope key performance indicator kpi reports analytical tools needed helped decrease operational errors turned large data sets actionable items form order forecast reports optimization tools inventory reconciliation reports senior analyst company name city state supported global operations ensuring warehouse productivity inventory accuracy timeliness order fulfillment shipments documented standard operating procedure sops work flow processes use operations customer support teams account manager logistics analyst company name city state managed customer accounts different industries ensure time delivery shipments import export operations supervised trained new users procurement warehouse management system skills tutoring teaching mathematics algebra geometry english content management documentation middle school high school math college math presentation analysis grading evaluation problem solving esl students technology integration classroom monitoring student assistance account management customer care satisfaction data analysis forecasting inventory quantitative analysis leadership operations management procurement project management optimization c c ms office suite google docs sql
ADVOCATE,HEALTHCARE,patient experience manager summary results oriented manager thrives fast paced competitive environments brings strong presentation analytical problem solving skills systematically savvy management sales customer service individual multiple leadership experiences qualified career opportunities background creative abilities value looking position utilize skills strategic planning team development performance management relationship building highlights project training manager evs food microsoft outlook six sigma lean training excel effective problem solver word accomplishments streamlined improved food service tactics reduced company labor costs improved customer satisfaction ratings implementing new user friendly interface experience patient service manager retail manager current company name city state manage staff assigned patient meal service area drives patient satisfaction maintains client relationships rounding ensures compliance food safety sanitation overall workplace safety standards met supervises staffs trains conducts applicable rounding manages performance food service supervisors diet office kitchen tray line patient meal delivery staff including applicable rounding coordinates activities related menu distribution menu related issues facilitate operations related production distribution service food ensure optimal nutrition care patients residents manages controls resources materials ensure quality adequacy supply cost control within budgetary guidelines p l accountability ability communicate various levels include management client customer associate levels financial budgetary accounting computational skills fema inspector contractor current company name city state performs inspections assesses damage residences documents damages sustained based extensive knowledge construction techniques assesses damage dwellings overall habitability homes addresses appropriate field using ace field software provides support administration inspection services contracts assisting development emergency response plans assisting quality control monitoring assists determining number inspections needed disaster field sites provides guidance field inspectors typical guidance provided assisting inspectors disaster specific information technical assistance ace field software assists supervisor analyzing evaluating inspection services procedures order recommend improvements inspection methods techniques procedures typically evaluated physical observation field experiences reviews analyzes verifies occupancy documentation provided applicants mortgage payment books deeds various insurance documents provides disaster assistance program information applicants operations supervisor company name city state manage unload department resources ensure maximum output accuracy efficiency times responsible ensure employees adhere safety policies procedures times operating full compliance department station corporate osha requirements aid full time supervisors day day maintenance coordination establish maintain aggressive cross training program within department promote development enhance flexibility ensure backup coverage vital functions processes function effective liaison advocate levels ensure employee department corporate needs addressed timely productive manner manage payroll reviews corrective actions specialty service agent company name city state coordinate appropriate departments product development hotel air operations well external sources hotel corporate local reservations inquire requested room types verify pricing obtain confirmation accommodate travel agent direct client requests communicate revenue management contracting operations price match verification needed receive log incoming booking requests beyond availability accessible reservations staff travel agents direct clients process price match requests accordance established guidelines owner stylist company name city state shampooed conditioned rinsed guests hair using salon exclusive products advised customers proper treatment dry damaged hair cut colored styled clients hair precision expertise updated customer information records track services provided counted documented opening closing cash amounts daily hired trained members staff book keeping accounting admission advisor call center team leader company name city state assist guide motivate cohort online call center face face college students realize personal professional educational goals determines student applicant admissibility university online college responsible national volume annual sales maintain communication via telephone call center face face correspondence electronic mail prospective students stages recruitment admissions process successfully consistently achieve enrollment start goals successfully held team leader position within call center reps meet exceeded goal every cycle motivated coached reps making monthly weekly goals call center team leader company name city state directed coordinated activities employees engaged installation call center team hired trained supervised team employees monitored coached motivated team reps customer service rep company name city state call center supervisor company name city state hollywood video store manager education b business management kaplan university business management business management skills accounting approach agency backup business management call center coaching competitive contracts cost control clientele client customer satisfaction customer satisfaction customer service delivery documentation electronic mail financial food safety inspection inspects insurance isis leadership team leader managerial market materials excel office microsoft outlook microsoft outlook word works network payroll policies problem solving problem solver processes quality quality control recruitment safety sales six sigma six sigma staffing strategic plans strategic planning supervisor technical assistance telephone total quality management translation
BUSINESS-DEVELOPMENT,PUBLIC-RELATIONS,business development coordinator event coordinator summary dynamic creative business development coordinator successful career marketing promotions public relations project communications management highlights event management negotiation skills customer targeting polyglot social networking online marketing strategies teamwork problem solver skills responsible reliable highly motivated career advancement able deal mature manner problem solving willing learn accept constructive criticism willing help good attitude around others calm focused good knowledge social media able use initiative work part team excellent communication organizational skills versed aspects marketing campaigns concept development execution launch skilled marketing professional focused exceeding revenue goals builder strategic partnership new customer acquisition expert emphasizes mix online offline marketing strategies experience company name november current business development coordinator event coordinator city state identify customer care needs networking events established good strong relations particular main businessassociations companies city screen potential business deals coordinating requirements developing negotiating contracts integratingcontract requirement business operations co develop implement strategic marketing identify specific opportunities direct marketing efforts toward particular based practices areas clients deal chamber commerce italian consulate researching markets identify opportunities events leasing clients ascertain precise event requirements producing detailed proposal events agreeing managing budget identify professional trade associations company affiliate assist development proposals responses identify evaluate cross marketing prospects assist cross marketing initiatives track success ratio coordinate content web print materials bc logo etc update edit firm wide business development materials including brochures email alerts website collaborate others marketing department ensure integrity firm brand protects organization value keeping information confidential update job knowledge participating educational opportunities reading professional publication maintaining personal networks participating professional organization enhance organization reputation accepting ownership accomplishing new different requests exploring opportunities add value job accomplishments needed assistant manager opening closing restaurant company name january october dental hygienist city state prepares treatment room patient adhering prescribed procedures protocols prepares patient dental hygiene treatment welcoming soothing seating draping patient provides information patients employees answering questions requests maintainsinstrumentation dental hygiene treatment sharpening sterilizing selecting instruments completes dental prophylaxis cleaning deposits stains teeth beneath gum margins detects disease completing oral cancer screening feeling visually examining gums using probes locateperiodontal disease assess levels recession exposing developing radiographic studies arrests dental decay applying fluorides cavity preventing agents maintains patient appearance ability masticate fabricating temporary restorations cleaning polishing removable appliances placing carving finishing amalgam restorations removing cement fromcrowns bridges educates patients giving oral hygiene plaque control instructions postoperative instructions providing reminders time next dental hygiene visit documents dental hygiene services recording vital signs medical dental histories charting inpatient records maintains patient confidence protects operations keeping information confidential company name october august waitress bartender cashier floor manager city state due srl turin italy customer care assigned tasks associates staffed projects tracked progress suggest new ideas planned executed events marketing programs developed executed marketing programs general business solutions resulting increased companyexposure customer traffic sales cash monthly meeting staff owners mix serve drinks customers directly waitstaff take orders serve food beverages due srl company multiple business turin italy gran bar piazza gran madre di dio wine bar hafa cafe via sant agostino c moroccan bar jam club via murazzi del po bar disconightclub rock city corso dante alighieri disconightclub cashier bar coordinator big music events movement torino music festival turin italy direction immediate supervisor coordinating cashier bar services organize distribute verify work others administrative accounting duties resolve cashier bar problems movement torino music festival big event usually attended people education liceo linguistico europeo cadorna high school diploma foreign languages city italy languages italian mother tongue english spanish french bachelor science dental hygiene universit degli studi del piemonte orientale amedeo avogadro novara italy master social media digital marketing turin italy
ADVOCATE,BUSINESS-DEVELOPMENT,patient advocate clinical care coordinator career focus selling capital equipment computer hardware software corporate accounts supporting management staff developing maintaining market share aggressive account sales growth top nation region three years row recognized top performing sales marketing specialty representative analytical thinking administrative skills leadership interpersonal skills communication skills self motivation ensure maximum coverage accounts within territory geographic areas maintain optimum level exposure effective time management medical device healthcare sales experience maximize corporate profit achieving sales revenue targets grow market share specified territory promoting selling servicing company products increase sales revenue aggressively targeting developing new accounts using strategic account strategy keen business insights sale injectable oral medications train appropriate medical staff company products develop implement plans achieve exceed sales goals identify establish maintain productive working relationships key decision makers customers staff administrative staff complete office sales summary skills prospecting cold calling team building expertise strategic account development strong interpersonal skills key account generation regional accounts sales force training business negotiation strong lead development skills accomplishments client interface collaborated prospective clients prepare efficient product marketing strategies drive business development created strategies develop expand existing customer sales resulted increase monthly sales established new accounts single year successful client development earned president club trip professional experience patient advocate clinical care coordinator february current company name state patient family liaison facilitate communicate physicians health care providers case managers develop course care emergency care experience clinical setting outpatient managed care experience clinical coordination clinical activities wound care evaluating providing patient care use hospital nursing standards case management providing treatments patient caregiver education related wound care management collaborates health care providers wound care center physicians program director medical director regarding patient needs medical sales representative october february company name city state detailing specialty areas pain management neurology anesthesiology rheumatology orthopedics oncologist supportive oncology oral injectable medications ranked top nationally achieved product index ranked district detailing pain specialist hospitalist hospital based selling experience negotiating skills district trainer efficiency teamwork software maintain relationships key area pharmacies support pharmacist providing discounts educational information updated manage care information matrix management skills market research knowledge professional sales representative december october company name city state launched new asthma drug region cardiology respiratory divisions respiratory devices achieve quarterly goal annual sales goals excess goal average ranked top nationally achieving product index ranked district develop implement plans achieve exceed sales budget specialty market placement medical representative august december company name persuasively sell concept testing hep b hep c via diagnostic test targeted physicians hospital sales buy bill anti infective market place field representative insurance market advisor northeast region coordinating real time customer activity marketing team development sales material strategy network relationships within federal state government community operating room sales experience directed aggressive risk management patient education program weight loss medication initiated growth territory severely affected negative media campaigns conduct primary medicaid reimbursement research increase corporate profit trained specialty representatives working community teaching hospitals long term care accounts new corporate initiative completed management skills development seminar area sales trainer northeast region december achieved call quota bonus requirements ranked nationally maintain formulary status hudson essex bergen county hospitals detailed oral medications following disciplines endocrinology cardiology diabetes pain management infectious diseases urology blood related disorders researched market competition developed presentations stay ahead key players market place managing cross functional groups cross business group forms working cross traditional vertical business units order increase sales proven success positive track record consistent sales performance complex markets diverse customer segments knowledge experience medicare part va selling responsible aspects educating training sales representatives design sales marketing plan enhance revenues existing accounts also developing goals build new accounts analyzed current selling market modify current simulated selling environment needs organization knowledge sales processes sales training knowledge reimbursement fulfillment pathways injectable medications education master public administration health care administration fairleigh dickinson university city state health care administration graduated summa cum laude master administrative science human resource administration fdu human resource administration paralegal studies aba approved paralegal fdu bachelor arts political science urban planning rutgers university city state usa political science urban planning masters information library science knowledge management villanova university city state knowledge management master certificates human resources six sigma black belt green lean health care villanova university additional information honors awards pi alpha alpha honors society fairleigh dickinson university special achievement awards recognition selling success leadership presidents club professional affiliations national sales network skills account management analytical skills anesthesiology budget business development c cardiology caregiver case management change management interpersonal skills oral competitive intelligence concept customer service database design management designing diabetes emergency care endocrinology forms functional government human resource management human resources infectious diseases insurance interface design knowledge management leadership legal long term care director management skills managing people managing marketing plan market research marketing market multitasking negotiating negotiations network neurology nursing oncology oncologist organizing orthopedics pain management paralegal patient care persuasion presentations presentation skills problem solving skills problem solving processes product management profit project management public relations real time relationship building research risk management sales experience selling sales sales training six sigma strategy teaching teamwork trainer urology wound care
CONSULTANT,PUBLIC-RELATIONS,marketing consultant summary value creator marketing executive versatile strategic leader years corporate marketing business development account management fortune niche start companies success healthcare technology automotive retail consumer packaged goods proven ability grow revenues brand loyalty b c b b markets innovative campaigns targeted marketing programs contributor team leader experience million dollar budgets entrepreneur mindset creative analytical skills measurable impact bba marketing mba management skills strategic planning forecasting budgets p l brand product management channel strategies lead generation account management complex selling software technology manufacturing sourcing sales enablement business competitive analysis market research new product development packaging creative design content communications social media digital events project management vendor management crm automation apps call center telemarketing experience marketing consultant may current company name city state marketing services consulting working diverse companies healthcare technology client roles vary consultant contractor employee marketing leadership managing areas marketing function resources experience focuses corporate startups individuals seeking thrive including marketing director consultant april december company name city state increased profits one year restructure business line b b technology healthcare solutions provider var ge imaging reporting matrix executive leadership oversaw marketing three divisions support revenue pipeline across diverse vertical markets key focus targeting independent hospitals clinics physicians bundled implementation software managed develop marketing function oversee telemarketing team campaigns lead facilitator ge imaging marketing plan including demand generation brand development marketing communication initiatives utilizing salesforce autotask wordpress project management practices developed content digital traditional including presentations customer stories video blog emails website managed multiple events across vertical markets business healthcare supporting reseller channel strategies new brand product packaging establishing launch programs brand standards calendar action plans sr director marketing june december company name city state b b healthcare informatics solutions employers payers reporting president cofounder company sold developed brand ux experience two new technology platforms functionality design positioning target oversee communications brand standards proposals consulting services diagnostic reports coordinating team created weekly blog strategy establish calendar targets authors drive leads seo content manage public relations including media press releases distribution target industry contacts initiated email campaigns webinars social media entry build brand via targeted campaigns lead generation content including whitepapers initiated crm evaluation selection build system contacts leads tracking email integration developed rebranding plan establish primary secondary brands current new products including competitive analysis positioning market research testing naming product roadmap segmentation identity creation developed marketing plan calendar budget generate organic growth across largest plan sponsors manage branded events including sponsorship exhibits working national regional industry groups ahip amcp world work salgba national industry organizations reaching health plans sponsors developed new brand website strategy w engagement tools content rebranding launching weeks marketing director consultant january may company name city state national leader hospital revenue cycle solutions reported president company wide cost reductions launched new brand solution identify creation brand standards outbound messages events websites campaigns market transition customer base build new revenue yr developed annual marketing plan budget hospital markets pr new events sponsorships working hfma aaham naham local regional national levels managed vendors reduce spend k led market position generate qualified funnel revenue tracking organic sales referral injected culture optimism brand revamp peer review award external focus communications creative tools rebuilt corporate patient facing websites facebook linkedin tracking metrics content seo sem manage mra voice offset competitors inroads revamped patient communications present positioning patient advocacy letters portal call center pos developed first annual customer satisfaction survey achieving participation delivery hospital leaders director marketing executive team member may january company name city state b b healthcare rcm start physicians medical groups company folded two years reported ceo targeted physicians states specialties converting customers ehr licenses revenue cycle management services developed new software launch revenue cycle including brand strategy digital promotion user events pr yr facilitated trade show events per year supporting national regional community initiatives rebranded practice management software services transitioning independent practices new solution established new us lead gen team us including crm market data reporting talent revenue pipeline launched new website design related communication strategies developed advertising trade events public relations built social media strategy including key sites blog ad words ppc seo content development build leads traffic established marketing intelligence function across physicians defined key targets specialties campaigns analyzed engagement pipeline market trends using crm research satisfaction studies managed team including lead gen specialists outsourced vendors member executive team director marketing executive team member november may company name city state aftermarket auto parts distributor retailer b b b b c reported general manager corporate vp recruited new startup sales increase managed trade association events across north america relaunched brand new positioning strategy leveraging market research equity entirely new website ad campaign e marketing vehicles stabilized sales managed customer relationships working national retailers traditional distribution channels service diy difm markets supporting store locations north america created unique marketing support us canada initiated business review strategic plan largest retail customer locations market tests licensing evaluation new product expansion worth sales grew business versus managed contributed executive staff member reestablished market sales focus channel strategies momentum new sales organization annual budget spend branded customer promotion programs channel marketing manager april september company name city state retail business b fki industries fki sold melrose liquidated reported vp marketing company divested strategically managed customer merchandising line product promotion programs retail national accounts created new brand designer collection program retailers e tailors new products packaging promotions internet advertising merchandising led project management china sourcing store rollout created new hickory hardware brand customer programs including innovative merchandising lifestyle graphics messaging website consumer tools packaging upgrades menards home depot lowe ch briggs established new corporate new product development process tracking reduced npd schedules established led lowe marketing team hiring resources setting process leading monthly service product marketing programs top customer annually managed agencies vendors upgrade quality marketing strategy branding graphics messaging communications achieved first consumer ad campaign including consumer print hgtv sponsorship line market place conducted market research projects among pros diy consumers establish branding message channel differentiation strategies various products resulting packaging promotions new web strategy sr marketing manager consultant september april company name city state start b b company speed clinical trial enrollment reporting coo consulting area small businesses created start marketing led implementation brand sales channel partners marketing pipeline generated k closed contracts first six months pipeline targeting pharma research physicians strategic market manager april september company name city state annual sales b b technology services data software division reed elsevier reported general manager vice president responsible brand product mgt customer service business development renewal revenues annually generated business development revenues k annually reseller agreements directed database software relaunch emphasis brand product repositioning outsourcing services growth developed annual marketing plans including direct mail advertising tradeshows public relations product sales strategy led website redesign brand relaunch offering integrated marketing multiple target audiences industry segments led acquisition merger opportunities evaluating market position financial performance due diligence initial interest senior product manager august november company name city state annual sales design leader marketer gift wrap bags accessories retail channels occasion gift wrap accessories created revenue programs warehouse clubs mass merchants dollar chains defined premium gift wrap line positioning created brand identity launched new product new business grew revenues private label programs varying distribution channels incremental sales created three new licensing programs worked licensors creative operations resources develop positioning product design launched field sell materials displays trade advertising led development merchandising systems including permanent fixtures promotional displays store signage conducted quantitative research evaluate seasonal designs select sku create positioning market materials brand manager october july company name city state annual sales berol business promoted sharpie brand manager sales accessories art writing products manager om sales product manager berol writing office products sales asst product manager art writing products sales managed brand marketing budget annual basis tracked monthly delivered multi business plans budget identified analyzed p l objectives cost requirements market pricing business opportunities redefined core brand created positioning redesigned products launched market increased sales generated new distribution five top retailers incremental sales via national communications campaign build sales branded import line set quality standards implemented marketing redefined target segment reversed decline created intriguing print campaigns national market limited budget timing k budget teen product line conducted quantitative research evaluate seasonal designs select sku create positioning market materials identified national tie partners reduce print campaign costs increase reach capture multiple audiences managed advertising p r agencies budgets set objectives approved media plans conducted reviews initiated delivered k phase direct mail campaign target segmented art consumers involving national tie partners product sampling incentives communication reaching national market supervised brand team managed priorities development marketing projects daily annual assignments education training inbound marketing hubspot academy city state strategy facilitation certification leadership strategies group city state master business administration management belmont university city state management completed degree keeping full time career position marketing university kentucky city state earned expenses senior woman year finalist professional development courses branding identity development internet marketing customer centric selling web site design marketing manage people dale carnegie leadership course creating effective promotions leadership development driving innovation advanced microsoft office suite writing effective copy leading teams diverse personalities p g leadership writing technology microsoft office suite word excel powerpoint publisher project constant contact emma survey monkey salesforce dynamics knowledge hubspot hootsuite eloqua marketo indesign photoshop illustrator html software life cycle project management programs
SALES,BUSINESS-DEVELOPMENT,sales executive summary sales customer service professional proven record accomplishment growing client list maintaining existing clients delivered consistent gains growth profits customer satisfaction retention expertise customer relationship management expert troubleshooter innovative problem solver proactive ensuring high levels client satisfaction diverse sales experience selling businesses medical commercial well selling consumers exceptional communication interpersonal skills talent quickly establishing rapport cultivating relationships building loyalty becoming trusted customer resource unparalleled commitment customer retention providing superior service disciplined independent driven motivated professional experience many industries selling buyers levels hunter harvester enjoys prospecting presenting closing sale well client retention stellar customer service highlights grew placements ffcc inc hundred thousand two half million per month company five collectors accepted position well collectors fees grew per month per month started new company silent owners tri state area required another employee assist servicing growing client list company later sold sold times business many initial clients state chemical company accomplishments spoke yearly even beckfield college jenny clem students accounts receivable billing collections member pahcom attended monthly annual events represent company services well attended conferences vendor speaker trained new employees new territories ffcc inc responsible also helping canvass territory ramp build new client list c system inc years became ranked number representative representatives united states ohio truck body promoted inside sales coordinator outside sales manager within two years learning business working fyr fyter sales service offered position leave company manager work new position compensation increase opportunity growth advancement changemed acquired five largest clients company within months accepting position experience sales executive company name city state sold collection services provide accounts receivable solutions physicians large small medical offices hospitals businesses extending credit goal day prospect new profitable clients meet daily weekly monthly yearly goals also responsible maintaining existing client base contacting regular basis explaining reviewing monthly yearly reports asking additional placements territory placed million month placements increased company profits growth annually trained reps new territories supported regional account manager company name city state responsible new territory ohio kentucky selling toxicology laboratory services physician practices also hired trained supported staff place practices work laboratory processing specimens company closed investigation billing practices district sales manager company name city state selling collection service accounts receivable solutions credit reporting instant credit information database management billing service direct mail service pre collect insurance cure work physicians medical facilities territory included half state ohio northern kentucky louisville lexington also accepted responsibility neighboring territories necessary held position among top three entire year accomplishment kept sales summit club entire year exceeded goals strived asset company education training seminars wilson learning system sales training zig ziglar motivation training sandler sales training dale carnegie dare different bob clements international inc master art selling tom hopkins international elemental selling jeffrey gitomer business marketing services building customer relationships waste management training team quality sales training waste management training team account manager company name city state responsible helping new start billing company acquire new clients southern ohio kentucky sold allscripts software meaningful use allowances sold billing credentialing services continued support client staff company changed business plan layed outside sales team grow business acquiring failing billing companies losing physician clients hospital large physician buyouts education high school diploma required business suncoast city state united states member deca distributive education clubs america able work part time job school credits business experience positions managing golf pro shop country club part time working late day shift team leader publix bakery department skills inside outside sales customer service salesforce act goldmine crm allscripts software outlook practice fusion software appointment setting cold calling presenting closing client retention database management direct mail insurance marketing reporting training support
CONSULTANT,HEALTHCARE,consultant summary versatile management professional trained insurance healthcare project management operational leadership thrives dynamic challenging fast paced professional environments assertive enthusiastic extensive knowledge risk management business administration unsurpassed work ethic highlights b b sales service process improvement strategies contract review management healthcare long term care product expertise depth knowledge markets relationships claims file management processes medical terminology coding knowledge insurance fraud expertise mergers acquisitions knowledge lean agile six sigma project management pmp coursework project development life cycle management business management methodology procedure development business requirements analysis workflow planning quality assurance regulatory compliance sox financial audits hippa fair credit act experience experience company name city state developed managed annual budget excess million actively seeking ways eliminate reduce expenses exceeding revenue expectations drafted action plans led meetings department executives review project status proposed changes initiatives monitored costs timescales resources used achieve reserve accuracy claims closure projects well staffing management retention projects running simultaneously minimized staff turnover appropriate selection orientation mentoring training staff education communication appreciation development delivered proactive account management understanding client goals objectives implemented strategic relationship management processes developed maintained client specific business plans broadened relationships managed fiduciary duties identified opportunities increase assets services fully responsible technical proficiency branch work product include compliance client service instructions performance warranties used various metric driven tools evaluate performance identify problem areas advance becoming service issues detailed knowledge state federal insurance laws hippa privacy act osha operations regulations affordable health care act icd changes security management oversaw compliance best practice reporting demonstrating thorough understanding corporate policies procedures communicated clients carriers brokers professional positive proactive manner provided exceptional analytical problem solving skills areas business operations management ensured consistent execution client service instructions performance guarantees provided skill set oversight actively review work others via file reviews identified acted needed coaching opportunities positioned subordinates successful development leading advancement within organization revised policies procedures accordance changes local state federal laws regulations company name city state consultant translated observational data contextual investigations interviews natural observations user needs functional requirements wrote unique text retail service websites including general branded content proofread reviewed print electronic content correct grammar adherence house style developed creative ideas concepts partnership art director updated company website content including contact information articles services reviewed edited colleagues written work grammar tone voice creative quality company name city state director operations initiated programs standardized employee training led increase customer satisfaction regulatory management compliance hippa fair credit act privacy act state federal regulatory control medical financial services maintained date understanding laws regulations oversaw staff documentation management procedures processes provided insurance risk management services individuals businesses non profit entities governments well loss control safety prevention guidance served consultant professional expert clients medicare part med supps affordable care act advantage plans well various life health annuity plans managed agency budgets accounts including payable receivable invoicing p l account reconciliations accounting functions within agency managed book roll transfers business well managing merger acquisitions new books business agencies led process merger data systems staff complied contractual governmental insurance law requirements well profitability management regards loss ratios agency contingency awards designed implemented streamlined workflow processes employee manuals efficient performance customer service led training seminars operations maintained client relationships property casualty life health book business underwriting authority full underwriting responsibilities property casualty business pre evaluated new business negotiated rates coverages reviewed existing book profitability implementing preventative actions accounts questionable history worked company personnel provide required data reinsurance larger commercial agribusiness accounts negotiation rates amendments policy language meet client needs evaluated client insurance needs reviewed policy forms iso language well significant work professional liability markets translating company specific language negotiating changes specific needs responsible overall technological direction business included managing information technology computer systems fostered interdisciplinary relationships negotiation consensus building attain goals disciplines identified customer needs market research analysis designed web content including monthly newsletters promotional calendars cultivated positive relationships community public relations campaigns developed implemented interesting interactive learning mediums increase understanding course materials health insurance commercial lines education certification project management pmp six sigma black belt process license ca workers compensation claims adjuster certification wcca wccp aic aic coursework gpa six sigma diploma project management diploma quality management regulatory compliance auditing designation certification certified insurance counselor cic license property casualty life health annuities insurance agent state bachelors program insurance risk management indiana state university focus political science criminology skills account management account reconciliations accounting acquisitions agile art director agency b b book budgets budget business management business operations business plans coaching ca consultant content contract review counselor credit client clients customer satisfaction customer service direction documentation employee training file management financial financial audits forms functional icd information technology insurance invoicing iso law regulatory compliance long term care managing market research analysis materials medical terminology meetings mentoring mergers acquisitions natural negotiating negotiation newsletters personnel policies problem solving skills processes process improvement profit coding progress project development project management public relations quality quality assurance relationship management reporting requirements analysis retail risk management safety sales san seminars six sigma staffing strategic translating underwriting unique websites website content workflow written articles
HEALTHCARE,AGRICULTURE,director new product research r liaison global oral healthcare r consumer healthcare r skill highlights skill set growth strategies new opportunity identification development scientific strategy best practice scientific excellence implementation strong technical expertise research product development cross functional experience regulatory affairs marketing licensing legal clinical etc broad background consumer healthcare otc medical devices proven record new product development representing b sales ability conduct interpret consumer tests translate consumer needs products strong ideation innovation claims generation skills leadership cross functional highly matrixed global teams extensive expertise identification development high growth opportunities supervision technical experts formulators administrative staff levels extensive experience open innovation licensing outsourcing comprehensive network global opinion leaders track record leveraging consultants strong negotiation skills world recognized expert oral healthcare r working relationship fda professional industry research associations noteworthy accomplishments led development ept world first lateral diffusion stick based pregnancy test developed current formula listerine world leading mouthwash led r numerous solid liquid semi solid dosage forms global brands including rolaids benadryl sinutab lubriderm trident dentine aquafresh sensodyne invented neuronal based biosensors new class biosensors assembled directed one industry first non destructive analysis labs identified licensed drove commercialization gsk largest selling oral care device developed process pipeline development gsk venture group identified led r process licensing aquafresh white strips created new global platform key growth area gsk consumer healthcare identified licensed early stage medical device concept b opportunity drove clinical prototype within months led numerous multi national due diligence teams including technical due diligence block drug acquisition professional experience director new product research r liaison global oral healthcare r consumer healthcare r current company name city state responsibilities include developing implementing systems drive scientific excellence world wide reviewing major scientific programs globally ensure scientific excellence managing cross category strategic programs leveraging scientific programs develop support novel claims coordinating scientific visualization communication programs aligning r commercial objectives developing implementing metrics scientific improvement planning managing scientific engagement external experts organizations managing global data dissemination plans supervising strategic publication scientifically relevant research developing managing extensive networks experts reviewing developing talent within r responsibilities include development global growth strategies identification analyses large growth platforms beyond current divisional expertise development technical business cases new opportunities development implementation novel research programs support new initiatives rx otc switches establishment new technical commercial networks drive consumer business technical evaluations world wide business development due diligence acquisitions technical support marketing legal manufacturing liaising fda chpa ctfa ada agencies management routine non budgeted funding appropriations responsibilities include identification novel technologies global oral healthcare business identification evaluation external resources gsk evaluation external oral healthcare technologies establishment external research collaborations establishment maintenance academic relationships interest gsk leadership strategic science initiative oral mineralized tissue technical support marketing legal manufacturing business development liaising fda chpa ctfa ada agencies creating maintaining network world class consultants collaborators responsibilities include supervision global new product research group oral healthcare category r activities north america technical support marketing legal manufacturing business development liaising fda chpa ctfa ada agencies creating maintaining network world class consultants collaborators supervision senior scientists scientists technicians administrative staff identification evaluation licensing external technologies product development patent claims generation project planning tracking coordination timing manpower budgeting associate director category r liaison oral healthcare r consumer healthcare r company name city state responsibilities include oral healthcare innovation initiatives north america liaising r marketing legal manufacturing business development liaising fda chpa ctfa ada agencies creating maintaining network world class consultants collaborators supervision senior scientists scientists technicians evaluation licensing external technologies product development patent claims generation project planning tracking coordination timing manpower budgeting scientist analytical technology group analytical r cpr company name city state responsibilities included investigational research relating oral care listerine coolmint etc supervision senior scientists scientists technicians generation novel technology platforms products development novel physico chemical models methods evaluation external technologies leadership numerous oral care items liaison consultants external laboratories warner lambert product development patent claims generation project planning tracking coordination timing manpower budgeting responsibilities included investigational research pertaining oral care listerine cool mint etc supervision scientific professionals ph included investigational research major brands e g zantac rolaids benadryl generation novel technology platforms products team leader mouthwash technology development team members product development patent claims generation e g freshburst listerine support qa specialized investigations responsibilities included supervision advanced microscopy laboratory development implementation non standard methods development novel non destructive analytical methods development micro analyses qualitative quantitative support product development support qa manufacturing corporate legal licensing parke davis etc development implemenation digital imaging data archiving system responsibilities included non destructive microchemical analyses qualitative quantitative microscopy image analysis methods development wet chemicals methods development support product development support qa corporate legal analytical licensing parke davis etc research assistant hawaii biosensor laboratory company name city state responsibilities included initial installation configuration instrumentation new labs neuronal biosensor research microdiagnostic sensor development training new graduate students biosensor research teaching assistant department chemistry biochemistry company name city state responsibilities included development study intact chemoreceptor based biosensors responsibilities included laboratory instruction general chemistry majors laboratory instruction instrumental analysis quality control analyst company name city state responsibilities included analysis release finished pharmaceutical consumer products analysis release raw materials manufacturing investigations specialized training coaching masterclass senior leaders parsippany nj leading impact penn state executive leadership program state college pa marketing leadership training glaxosmithkline pittsburgh parsippany advanced polarized light microscopy mccrone research institute chicago il colloidal chemistry university massachusetts amherst scanning electron microscopy leica cambridge co dearfield il influencing negotiation skills matrix ltd new york ny project management catapult inc parsippany nj information systems project management wilhelm assoc huntington ny behavioral interviewing behavioral technology inc memphis tn education ph analytical chemistry university delaware city state us university delaware department chemistry biochemistry newark de ph analytical chemistry advisor dr g rechnitz unidel professor chemistry biotechnology dissertation intact chemoreceptor based biosensors analytical chemistry university delaware city state us university delaware department chemistry biochemistry newark de analytical chemistry advisor dr g rechnitz unidel professor chemistry biotechnology dissertation development study biosensors utilizing intact chemoreceptor structures b chemistry franklin marshall college city state us franklin marshall college lancaster pa b chemistry american chemical society certified certifications identified licensed drove commercialization gsk largest selling oral care device ctfa b chemistry american chemical society certified professional affiliations institute science global policy membership invitation publications saliva diagnostics new industry saliva diagnostics wong dt ed der smith j dent res spec iss wiley blackwell baek jh hammer wilson mj buch rm lee k ahn chen z wil efficacy marketed dentifrices using situ caries model zero proskin hm buch rm bosma ml smith sr impact peroxide enamel hardness gambogi r j bosma l buch r schemehorn b r verification caries inhibition tartar control toothpaste tanzer j pelligrino j thompson buch r novel pharmacological probe links amiloride insensitive nacl kcl nh cl chorda tympani taste responses desimone j lyall v heck g phan alam r feldman g buch r intact chemoreceptor based biosensors antennular receptrodes biosensor design application p r mathewson j w finley intact chemoreceptor based biosensors barker q buch r rechnitz g neuronal biosensors buch r rechnitz g presentations baek jh hammer wilson mj buch rm lee k ahn chen z wilder smith optical approach salivary pellicle th general session exhibition international association dental research new orleans la march saunders fg bosma ml buch rm koller cm zero evaluation plaque fluid fluoride retention dentifrice application th general session exhibition international association dental research new orleans la march zero proskin hm buch rm bosma ml smith sr efficacy marketed dentifrices using situ caries model th general session exhibition international association dental research new orleans la march wetterer lefever w buch r accelerated vitro stain formation high throughput screening actives american association dental research canadian association dental research th general session orlando fl march wetterer buch r schemehorn b l temperature dependence chemical mechanical activity traditional dentifrices international association dental research american association dental research canadian association dental research rd general session baltimore md march gamboji r j bosma l buch r schemehorn b l impact peroxide treatments enamel hardness international association dental research american association dental research canadian association dental research nd general session honolulu hi march tanzer j thompson gambogi r j buch r vitro model evaluation anticalculus agent efficacy presented nd annual meeting exhibition american association dental research th annual meeting canadian association dental research san antonio texas march couzis buch r fares h insights stain prevention properties aquafresh whitening dentifrice presented international association dental research th general session san diego ca march schemehorn b wood g buch r fares h vitro fluoride uptake study anti hypersensitivity toothpaste presented international association dental research th general session chiba japan june tanzer j pellegrino j buch r fares h inhibition caries rats tartar control toothpaste presented th annual meeting american association dental research th annual meeting canadian association dental research chicago illinois march barker q buch r rechnitz g intact chemoreceptor based biosensors presented acs th national meeting boston april buch r rechnitz g receptrode novel chemoreceptor based biosensor utilizing intact chemosensing structures presented pittsburgh conference atlanta ga march buch r listerine prebrush rinse plax attack presented consumer products r expo morris plains nj february additional information buch robert gambogi robert j veleda jose l dissolvable tooth whitening strip smithkline beecham corp march buch robert couzis alexander wetterer sean compositions methods preventing dental stain smithkline beecham corp march skills healthcare marketing claims product development transmissions ada business development fda patent class comprehensive large array data stewardship system budgeting liaison project planning technical support associate marketing chemistry qa metrics visualization business cases cases due diligence brand marketing consumer products laboratory training non destructive quantitative coaching electron microscopy interviewing leica long term disability ltd polarized light polarized light microscopy project management quality control scanning scanning electron biochemistry general chemistry teaching maintenance archiving data archiving imaging implemenation instrumentation sensor sensor development acta adme antimicrobial consumer needs dental eds emc xiv iss medical device medical devices new product development optical pipeline progress prototype prototypes regulatory affairs sales san secretary storage area network translate vitro xiv analytical chemistry biotechnology
CONSULTANT,PUBLIC-RELATIONS,consultant executive profile visionary genetically upbeat executive experience managing multiple projects levels including budgeting administration focused employee participation well stakeholder skill highlights process improvements financial analysis human resources public relations compliance accountability writing manuals core accomplishments managing businesses two restaurants employees managers sales managing transition dry stack marina operations renovation managing crisis death business premise ensuing osha investigation resulted liability attributed owner processes documentation workers premise initiated managing marketing campaigns conceived multiple pr campaigns resulted local national media coverage professional experience consultant january current company name city state helping business owners managers improve profits employee experience using lean principals disc personality assessment built business referrals existing clients primarily business owners first ownership venture helped clients manage time money relationships improve profits shareholder experiences helped transform people working lives skills used diplomacy consensus building research patience humility sales morale building public relations achievements improved foot traffic reduced spending reduced accounts receivable reduced employee frustration lowered unnecessary employee turnover president general manager january january company name city state casual dining restaurant concept locations employees annual sales conceived built operated restaurant business used principles incorporated toyota lean manufacturing coke cola disc personality assessment improve profits operations customer experience built strategic marketing partnerships sprint mini usa radiant systems marketed business community service marketing local schools charities annually skills financial management process development customer loyalty strategic partnership development employee recognition program development boarding program creation accomplishments public relations projects featured wall street journal boston globe ajc improved profits reduced employee turnover using lean principles disc personality assessment sold business business development manager january january company name city state sold bank services local merchants businesses addressed market verticals repackaging existing banking products appeal specific industry concerns skills customer service prospecting sales relationship maintenance building marketing sales training accomplishments accurate sales contest best sales new product southern manhattan sales representative january january company name city outside sales representative managed existing business growing territory selling medical x ray film new hospitals doctor offices x ray film dealers dealers skills customer service relationship building entertaining clients selling accomplishments increased territory sales first year company wide advertising idea contest writing print advertisement company later published trade magazine education certificate six sigma green belt villanova university city state usa bachelor arts ba history iona college city state certifications serve save certified ga insurance license health life p c disc personality assessment distributor quickbooks pro adviser high ropes course instructor leadership roles xlt atlanta producer volunteer coordinator volunteers catholic charities atlanta leadership class participant fund raiser camp twin lakes fund raiser event coordinator high ropes course volunteer sandy springs festival road race chairman leadership sandy springs graduate board member chef skins game fundraiser boys girls clubs board member saints catholic church usher lector teacher mentor youth ministers sandwich program homeless secondary schools creator presenter get keep job one hour program high school students creator presenter skills applying lean principles various businesses writing manuals job descriptions press releases company news letters presenting public speaking grass roots marketing event project management turning chaos order using resources hand spending social media marketing real time marketing
APPAREL,DESIGNER,creative director fashion designer summary passionate fashion industry wish deploy skills working dedicated innovative team designers fashion professionals seeking obtain challenging position fashion designer creative director professional artistic environment use years experience fashion field argentina benefit company clients goal participate support bringing current international fashion trends market developing unique styles providing beautiful practical clothes public highlights creative thinking leadership within team work management organization order communication brand identity development design conception quality control problem solving accomplishments extensive knowledge principles methods showing promoting selling products services including marketing strategy tactics product demonstration sales techniques sales control systems extensive knowledge design techniques tools principles involved production precision technical able come unusual unique ideas given topic situation develop creative ways solve problem creative determined results oriented individual excellent communication interpersonal skills overseeing purchase fabric material equipment required production design strong ability match detect differences colors including shades color brightness experience creative director fashion designer company name city state designed complete collection clothing accessories creating original design garments followed well established fashion trends directed coordinated designers team product developers creative director head photoshoot campaign look book years developed line colors material selection conferred sales management executives well clients order develop design ideas directed coordinated drawing cutting patterns constructing samples finished garments identified target markets designs examining factors age gender socioeconomic status provided sample sales meeting products agents sales representatives arranged showings sample garments sales meeting fashion shows involved acquiring new used clothing accessory items needed complete designs fashion designer consultant apparel manufacturer company name state offered operations advice designed lines present potential investors development production clothing orders consulted working domestic overseas factories bringing market trends color fabric trim silhouettes print embellishment ideas design process moodboards trend analysis performed fittings fit approvals fashion designer company name responsible bringing market trends color fabric trim silhouettes print embellishment ideas design process moodboards trend analysis responsible various items categories within collection assigned per season design director maintain communication house design teams ensure continuity parent lines corporate image facilitate guided prototype stage product development shopped stores sample graphic elaboration brand labels hangtag special projects celebrities exclusives boutiques selection materials trimmings accessories archive materials management creative oversight photoshoot campaing lookbook personal asistance company name produced documents briefing papers reports presentations organising attending meetings ensuring manager well prepared meetings education coursework social media marketing fashion institute technology city coursework fashion styling home fashion business fashion institute technology city coursework associate arts fashion industry profile nyc parsons nyc city coursework associate arts fabric selection design style parsons nyc city coursework marketing technologie fashions brands central saint martins city college dise ador de producto e imagen en indumentaria ort argentina city arg tecnico superior en marketing de moda inti emilia romangna argentina college licenciada en dise textil e indumentaria universidad de palermo argentina languages spanish native english medium high italian basic computer skills photoshop corel draw illustraitor microsoft office
CONSULTANT,ACCOUNTANT,consultant summary accomplished highly skilled controller proven ability impact corporate performance skillful orchestration fiscal management team leadership keen ability influence processes integral company growth driving operational excellence achievement objectives expertise financial statement preparation analysis operational management forecasting cost control provide strategic value leveraging current financial administration trends regulatory guidelines shape solutions approaches fiscal administration team leadership financial statements project management strategic planning development training fiscal report generation regulatory compliance cost analysis forecasting highlights navision mas platinum oracle team ms office suite peachtree accounting turbo tax atb general ledger quickbooks pro fasb depreciation windows netsuite experience consultant july current company name city state manage monthly general ledger close prepare financial statements subsidiary company assist quarterly financial statements control company reviewed cfo brought date quarterly sales tax reports various states entrusted due diligence potential acquisition worked various project assigned controller august may company name city state highly valued financial controller full accountability formulate monthly consolidated financial statements weekly cash forecasts successfully manage team direct reports enveloping accounting credit collections operations guiding industry best practices align corporate strategy develop oversee operating budgets performing depth analysis revenue cost allocations expenditures ensure optimal cost control strategically balance company growth plans effective risk management improved economic management policies internal controls ensure accuracies reconciliations payroll processing reporting keeping abreast evolving company industry trends policies achieve optimal efficiency entrusted lead complex projects senior management team annual audit engagement procedures routinely partner banks financial institutions prepare monthly borrowing base report carlo de pinto controller june august company name city state led accounting operations team professionals preparing financial statements sales commission reports payroll cost reports budgets financial forecasts collaborated change management teams understand impacts new accounting policies financial statement initiatives non standard transactions mentored new accountants operational accounting expense analysis company standards variance analysis drive operational excellence managed preparation k insurance documentation well monthly sales tax filing reporting encompassing states expedited software implementation project resulting seamless transition new accounting program functioned notably respected consultant proficient coordination special management projects controller march may company name city state built highly competent team accounting professionals maintained full responsibility monthly quarterly financial statement preparation multiple subsidiaries carried intricate side side comparisons monthly budgeted figures vs actual revenue expenses subsequently formulating variance justifications prepared comprehensive year end budget analysis monthly account analysis intercompany reconciliations senior accountant may march company name city state gained valuable exposure construction real estate insurance legal granite marble industries preparing financial reports managing staff accountant team tax audit operations presented monitored percentage completion contracts along pension profit sharing plans detailed reporting tools education bachelor arts economics accounting montclair state college city state economics accounting skills accounting accountant balance budget analysis budgets change management consultant contracts controller cost control credit documentation due diligence senior management filing financial financial statements general ledger insurance legal managing ms office suite windows navision oracle payroll payroll processing peachtree accounting platinum policies profit quickbooks pro real estate reporting risk management sales strategy tax turbo tax year end
APPAREL,PUBLIC-RELATIONS,director pr social media executive profile dynamic results driven senior public relations executive years experience impacting brand presence performance profitability internationally strategic leader notable success development execution public relations marketing social media campaigns well connected individual extensive global network editors journalists stylists producers talent agents fashion influentials well versed multiple social media platforms proven track record establishing social media presence areas expertise media relations marketing collateral development market launches strategic planning execution internal communications acceleration social media footprint social media strategy execution budgetary planning client relationship management strategic partnerships alliances community outreach crisis management event planning fashion show production data analysis professional experience director pr social media current company name city state lead pr social media strategy relaunch delia successfully repositioning company leading teen brand among competitors managed critical sponsorship opportunities delia teen vogue back school program seconds summer concert series bearpaw x delia free ads geoffrey tron screen times square secured extensive press social media coverage delia november catalog cover teen wonderchef ny times cover star flynn mcgarry spearheaded managed pr social media campaigns alloy apparel took critical market share social media footprint long tall sally leader tall women clothing months initiated use user generated content ugc brand website paid ads resulting substantial increase positive brand sentiment brand awareness brand revenue increased brand revenue companies social media efforts amounted revenue times bigger initial investment created brand ambassador program companies included series high profile bloggers influencers celebrities cost brand served continuous form income brand awareness collaborated e commerce marketing support drive key promotions organically well paid media campaigns provided depth data analysis social media reporting brand managed budgets made best use budgetary funds managed internal team external pr agency external ad agency ugc management agency nurtured cultivated strong relationships fashion directors key trade ad finance publications fashion stylists bloggers contemporary teen markets pr manager company name city state primary press liaison foley corinna isabella fiore snob essentials charlotte ronson l b narr managed staff employees development execution global public relations event planning marketing advertising programs us south korea secured continuous stream high profile celebrity blogger fashion influencer tv print web placements brand secured strategic partnerships cfda faberge big egg hunt christie studio school covet fashion refinery shops celebrity exotics lucky shops springnyc cost company seasonally collaborated seventh house pr factory pr hl group autumn communications paul wilmot communications event fashion show production west coast initiatives celebrity seeding opportunities initiated lead brand revival initiative isabella fiore managed strategy around launch foley corinna isabella fiore snob essentials hsn played incremental role brand strategy development marketing activation brand extension initiative responsible charitable initiatives assisted production charlotte ronson l b fashion shows presentations nyfw served official company spokesperson account executive company name city state managed client accounts jewelry accessories contemporary clothing handbags denim secured numerous high visibility product placements maintaining close communications major celebrity representatives stylists top editors bloggers high fashion tastemakers brought new potential client accounts within month period spearheaded organizing partnerships collaborations charity organizations project camille zarsky charity water introduced dynamic collaboration initiative celebrity endorsements coming designers supervised social media activity client accounts spearheaded shine media international service outreach paris produced tangible increase brand awareness customer demand client pr marketing coordinator company name city state handled communications press media stylists celebrities researched secured luxury advertising partners covered shows conducted interviews designers new york fashion week september negotiated new high profile partnership opportunities public relations executive company name city state managed client accounts ready wear accessories lifestyle hospitality education secured magazine covers celebrity placements history agency beyonce rihanna taylor swift vanessa hudgens kelly clarkson scarlett johansson paris hilton etc wrote formatted disseminated key press materials press news releases fact sheets bios newsletters charge agency social media pages website content updates email newsletter actively seeked secured new partnership sponsorship opportunities swarovski cfda produced annual reports new client proposals new marketing advertising material agency clients communicated daily major national international publications newspapers stylists bloggers regarding sample requests media placements fostered relationships networking opportunities colleagues clients media organized produced fashion week presentations launch events press previews variety clients managed us press inaugural event burj khalifa tower dubai public relations associate company name city state assisted aspects preparation production eight fashion shows new york fashion week mara hoffman alexandre herchcovitch buckler sabyasatchi yigal azrouel araks jeremy scott house holland preparation execution high profile events parties fashion week created daily monthly press clips updated press trade media contact lists responsible sample trafficking sample database public relations global communications assistant company name city state played key role communications launch vera wang new advertising campaign greece assisted production vera wang ready wear lavender label fashion shows ny fashion week february responsible sample trafficking publications sending monitoring receiving samples created monthly credit reports marketing intern company name city state assisted company presentations new clients edited press marketing materials communicated high end accounts delivered brand assets needed barneys selfridges harvey nichols mandarin oriental handled sample requests education master science marketing university bath city united kingdom bachelor science international economic political studies university macedonia city greece minor political studies diplomacy thesis phenomenon brand extension international luxury brands model united nations mun general assembly un supreme court hague languages greek native english us resident fluent proficiency cambridge toefl french fluent sorbonne spanish intermediate basico japanese beginner year technical skills mac os microsoft office word excel powerpoint outlook photoshop cision fashion gps social annex
BPO,BUSINESS-DEVELOPMENT,director operations bpo executive summary results focused management professional offering years progressive leadership experience transforms high potential staff outstanding leaders demonstrate creativity savvy critical financial operational success high energy manager successful building motivating dynamic teams cultivates company culture staff members feel comfortable voicing questions concerns well contributing new ideas drive company growth core competencies operations management staff development change management cross functional team management complex problem solving calm pressure computer savvy skilled negotiator experience director operations bpo company name city state responsible sales locations employees managed team professional consisted hiring training performance management strengthened client relationship client concentrix increased client revenue million million monthly basis surpassed revenue goals four consecutive quarters basis points improvement conversion metrics improved every kpi close ratio activation per rep overall arpu led program meetings strategy overall direction daily basis revamped new comp plan reps geared sales performance increased profits developing initiating managing sales programs day day basis p l responsibility increased overall gross margin high director sales company name city state responsible direct sales locations people hiring training performance management consistently ranked site every month improved every kpi metric close ratio activation arpu played instrumental role direct sales strategy every aspect compensation plans training quality overall direction revamped sales integrity team new process helped improve quality metrics hired trained new management mentor success presented sales analysis executive management regarding direct sales performance led site management staff meetings new strategy direction daily basis general manager sales operations company name city state established new sales team ground hiring training performance management daily basis sales team grew reps site due high performance led supervisors managers daily basis implemented led increased performance developed implemented new business life cycle included planning marketing hiring training sales performing site every week month year every metric yoy improvement every metric close rate increased cr led sales team day day basis high energy employee engagement traveled extensively call centers initiate performance model launch new direct sales sites phoenix az provided timely feedback executive management regarding direct sales performance responsible p l sales rep site sales supervisor company name city state led team ob sales reps motivated trained developed held sales reps accountable daily basis sales goals ran different department contests increase motivation sales performance handled sales reps reviews annual basis trained developed reps call monitoring one one meetings successfully promoted team members supervisor role let outbound sales department sales performance daily weekly basis education training business management bergen community college city state usa skills business management conversion client customer satisfaction customer services customer service experience direct sales direction executive management focus forms hiring languages director marketing meetings works enterprise network performance management quality real time recruiting sales sales analysis spanish strategy
FINANCE,ACCOUNTANT,finance accountant summary staff accountant proficient flexible adapts seamlessly constantly evolving accounting processes technology adept budget forecasting financial reporting successful managing multiple projects consistently meeting deadlines pressure extensive knowledge accounting software processes highlights accounting operations professional compliance testing knowledge managerial aptitude account reconciliation expert ethical approach finance accounts receivable general ledger accounting skills accounts payable financial statement analysis invoice coding familiarity analytical reasoning intuit quick books specialist payroll budget forecasting expertise accomplishments formally recognized excellence achieved financial analysis budgeting forecasting operated computers programmed accounting software record store analyze information general ledger accounts maintained accurate accounts including cash inventory prepaid fixed assets accounts payable accrued expenses line credit transactions extensive experience financial statements audits reviews compilations audits governmental organizations researched resolved billing problems previously missed increased compliance cash management department aiding internal external audits experience finance accountant company name city state monitored new trends technologies applied audit areas funds worked collaborated extensively auditors preliminary year end audit processes funds managed accounting operations total funds accounting close account reporting reconciliations received statements record cash checks vouchers well reconciled records bank transactions performed debit credit total accounts computer spreadsheets databases using specialized accounting software systematically prepared documents assembled financial statements independent auditors guided firm reconciliation annuity funds pension funds annual reporting management investments aligned financial activity regulations gaap updated investment records upon funding investments updated confidential employee banking information accuracy maintained accounts receivable funds documentation electronically paper processed journal entries online transfers payments staff accountant company name state guided firm reconciliation payroll annual bonus pension funds annual reporting management investments investigated resolved discrepancies monthly bank accounts tight deadlines revised streamlined inefficient work procedures automation software reduced time costs increased efficiency introducing new accounting procedures verified details transactions including funds received total account balances coded general ledger processed vendor invoice payments accountant company name state tracked capital spending approved capital requests thoroughly reviewed financial statements verified details transactions including funds received total account balances coded general ledger processed vendor invoice payments coordinated approval processes accounts payable invoices rectified escalated accounts payable issues employees vendors conducted month end balance sheet reviews reconciled variances processed bank reconciliations financial reports verify practice proper due diligence maintained accounts receivable documentation electronically paper issued paychecks vendors suppliers weekly basis corporate accountant company name city state maintained detailed administrative procedural processes improve accuracy efficiency verified logged deadlines responding daily inquiries coordinated meetings department managers supervised trained billing collection staff education associate arts business business management midwest business college city state usa business business management continuing education courses focusing major changes within accounting standards advanced financial accounting revenue recognition specialized industry gaap skills account reconciliation accounting accounting software accounts payable accounts receivable accounts receivable administrative approach automation balance sheet bank reconciliations billing budget credit databases debit documentation due diligence finance financial accounting financial reports financial statements financial statement analysis forecasting funds general ledger general ledger accounting investments managerial meetings payroll processes coding quick books reporting revenue recognition spreadsheets year end
BANKING,FITNESS,customer service rep lead quality assurance coach account relationship specialist online banking summary career oriented individual wishes knowledge company position cross training possibilities training progress company hard working ethical leader leads example never afraid ask clarity fully understand something dynamic banking professional adept directing complex projects leading high performance teams complete key financial initiatives talented sales associate successful career history closing sales increasing customer satisfaction mentoring junior sales professionals skilled sales associate year track record success maintain professional calm demeanor pressure thrive high volume environments knowledge composure interpersonal abilities keys success accomplishments acknowledged first months board directors pillar success company account retention new account acquisition first months shown compile work load outbound team members experience customer service rep lead quality assurance coach account relationship specialist online banking rep ii june current company name started customer service rep worked way rep rep changed rep system answered customer calls regards account balances transaction review disputes wire transfers statement request online banking issues western unions etc went position qcd approximately months revamped qa turned qcd quality coaching development teams made multiple supervisors employees reviewed calls performance compliance procedures met person team monthly reviewed coached agents calls met supervisor employees short leave absence came back started rep moved rep lead position answer lead supervisor calls well manage floor supervisor moved outbound team beginning team development pilot program exceeded expectations opened division first months instead month allocated development started division created procedures went along sales position contacted customers new accounts ensure welcomed family well fulfill individual financial needs first months acknowledged board directors pillar success company account retention new account acquisition first months shown compile work load outbound team members continued lead team sales first implementation new hires stayed top performer left department went online team rep ii currently provide first line support online manager monitor floor maintain order answer questions designated rep ii day run credit cards account funding assist account openings needed communicate effectively agents floor interdepartmental interactions review log mailings outgoing send account denials review log incoming documents assist tasks get behind handle log supervisor chats assist occasionally training employees assisted completing qa account opening procedures front desk fitness advisor general manager operations manager regional sales manager january june company name started front desk staff hr first week moved fitness advisor front line sales worked job approximately months promoted sales manager weekly sales meeting provided agenda approximately months moved another club asked work managing working hours week worked corporate deals armed forces bank current employer ku student gym access armed forces insurance usd usd douglas county municipality leavenworth municipality assisted training sales operational staff created spreadsheets scheduling inventory training corporate meetings worked circle influence maintain corporate partnerships well networking new corporate partnerships community built client relationships acting liaison customer service sales teams consistently exceeded monthly sales quotas pursuing leads expanding prospect list exceeded team sales goals generating monthly residual revenue course years months created sales contacts premise accounts acquired million sales revenue months clubs sold million piece months left total clubs developed competitive comparison tables fitness memberships personal training pricing fees ratings category product performance use account sales calls oversaw sales forecasting goal setting performance reporting accounts spearheaded expansion development initiatives leavenworth lawrence topeka locations led sales forecasting market trend evaluation segment strategies presented innovative digital media marketing presentations executive decision makers december december company name basic cannon crew member moved many jobs thecrew rto radio transmission operator gunner loader advance party moved ranks reached sergant yrs months trained combat life saver eagle first responder medical courses well air assault certified completed one tour iraq iraqui freedom turned yrs old iraq education certificate professional sales professional sales city state certificate business administration san joaquin valley community college city state skills armed forces banking quality coaching competitive credit customer service financial goal setting inventory team development managing market trend marketing meetings networking presentations pricing qa radio reporting sales sales forecasting sales manager scheduling spreadsheets supervisor
FINANCE,ACCOUNTANT,finance specialist summary able join organization utilize proficiency accounting principles along flair accuracy towards performing duties experience finance specialist nov jan company name one nation largest owners managers high quality residential housing representing diverse mix multifamily military student communities salary usd per hour hours hours per week short term worked balfour beatty done processing vendor invoices processing monthly rental payments handling petty cash fund reviewing checking bah reconciliation outgoing residents prepared resident specialist assists outgoing residents processing booking pre inspection inspection dates assists prospective existing residents inquiries person phone fetching office mails distributing collection rental due military residents opt allocation pay slips processing credit card payments civilian residents financial accountant may sep company name part leighton asia member cimic group one world leading international contractors world largest contract miner salary php monthly usd hours hours per week company financial accountant worked directly finance administration manager delegated various tasks relating general accounting financial reporting general accounting side supervise input financial data company books every end month oversee closing books making sure events happened month complete accurate manage billings clients follow collection made time ensure company appropriate funds settle payables subcontractors suppliers salaries employees expenses financial reporting prepare detailed reports supporting schedules month expenditure budget estimates variations analysis cash flows financial packages various management reports required head office part monthly quarterly annual reporting packages finance manager uses monthly management meetings held hong kong head office every end company fiscal year prepare company financial statements tax returns submit time securities exchange commission bureau internal revenue also direct contact company external auditors queries needs course audit financial statements experience gained sgv co made confident fulfilling scope work responsibilities safekeeping petty cash fund important contracts high value checks maintaining files project contracts quarterly balance sheets income statements assisting internal audit head office assisting procurement pcab philippine contractors accreditation board license licensing construction contractors assisted audit conducted bureau internal revenue time company consistently recognized ability work pressure meet deadlines able cut overtime work accounting department efficiency workbooks developed helped finalizing reports analysis maintaining essence structures reports required hong kong head office always met deadlines worked accuracy completeness integrity time associate auditor nov may company name established became member practice ernst young global limited june sgv co philippines largest multidisciplinary professional services firm ernst young ey global leader assurance tax transaction advisory services php monthly usd hours hours per week passing philippine cpa licensure examination october started working sgv co equipped flexibility work wide range professionals interaction clients employees different industries participated financial audit various companies utilized ability work pressure meet deadlines accordingly worked individual clients part group clients one individual tasks able isolate management error way company presented one major accounts able formulate solution adjust account avoid future errors enabled senior trust work diligently consequence assigned one group largest client also observed different year end inventory count procedures conducted various clients ensure accuracy inventory report financial statements sicangco menor villanueva co cpas one largest trusted accounting auditing firms province pampanga philippines audit staff apr jun daily allowance php hours hours per week senior year college undergone job training audit assisted financial audit review evaluation systems control related professional services various companies education training bachelor science accountancy philippines holy angel university accountancy cum laude philippines skills accounting general accounting auditing balance sheets billings budget closing contracts cpa credit client clients finance financial financial accountant financial audit financial reporting prepare company financial statements financial statements funds php inspection internal audit inventory meetings exchange office payables procurement quality maintaining files reporting securities tax tax returns phone year end
CHEF,CONSTRUCTION,manager pizza chef summary expert managing kitchen staff preparing foods reduced cost without compromising quality taste skilled pizza chef exceptional knowledge baking times methods temperatures flavors understands proper function maintenance pizza utensils equipment pizza chef possessing innate skill creating exceptional menu items leads productive working environments motivated pizza chef offering years experience food industry focused high standards taste quality maintaining profitable margins superior communication leadership skills flexible person excels fast paced environment looking position growth opportunities outgoing familiar cash food handling procedures possesses strong communication time management skills meticulous excellent juggling multiple tasks working pressure broad industry experience experienced professional strong leadership relationship building skills highlights quick problem solver thrives fast paced environment committed team player courteous professional demeanor able work continuously standing position prefer work nights weekends assumes responsibility quality products experience manager pizza chef company name city state made gourmet pizza neapolitan pizza pan pizza sicilian stromboli calzone insideout pizza bolibuns garlic knots helped fryer grill needed inventoried restocked items throughout day developed maintained positive working relationships others reach business goals routinely cleaned work areas glassware silverware throughout shift skillfully promoted items beverage lists restaurant specials developed maintained positive working relationships others reach business goals inventoried restocked items throughout day verified cash drawer day receipts restocked refilled condiments organized pantry area swept mopped floors assertively upsold beverages appetizers desserts assisted co workers whenever possible operated kitchen equipment adeptly stocked maintained cleanliness stations cashier company name city state cashier hogies steaks consistently provided professional friendly engaging service skillfully promoted items routinely supported areas restaurant requested including answering telephones completing financial transactions staff demonstrated genuine hospitality greeting establishing rapport guests provided friendly attentive service verified cash drawer day receipts maintained complete knowledge restaurant menu assisted guest inquiries take orders restaurant cleanliness operated kitchen equipment adeptly routinely removed trash debris restaurant stocked maintained cleanliness stations current house painter painted surfaces using brushes spray guns paint rollers applied putty wood filler spackling caulks prep uneven surfaces mixed matched paints according customer specifications applied primer paints varnishes lacquers walls surfaces protected surfaces drop cloths prior painting applied exterior caulking building joints seams performed flat glass repairs minor structural repairs concrete wood decks window trim windows door casings minimized disruption client space thoroughly cleaned completion job taped around windows fixtures prior painting walls painted indoor areas hallways bathrooms lobbies cleaned properly stored paint equipment supplies end work day bid projects prepped sites completed projects line customer specifications cleaned exterior buildings using motorized power washer prepared trim walls ceilings painting cleaning smoothing priming climbed scaffolding staging ladders planks reach work area surfaces worked flexible schedule including holidays weekends depending shifting needs project selected proper amount type thinners accelerant used specific job applied paint cloth brush sponge fingers create special effects completed tear existing structures prepared new construction accurately estimated time materials costs projects requisitioned new supplies equipment cleared drains downspouts cleaned gutters loaded unloaded building materials used construction set ladders scaffolds hoists place taking supplies roofs sprayed walls waterproof compound blended paints correctly matched colors installed waterworks education high school diploma south philadelphia high school city state skills quick problem solver thrives fast paced environment committed team player courteous professional demeanor able work continuously standing position prefer work nights weekends assumes responsibility quality products
FITNESS,AVIATION,procurement analyst accomplishments new professional organization attend seminars events relevant today business market karass effective negotiating training develop key negotiating skills six sigma yellow belt certification professional experience company name march current procurement analyst city state performs strategic sourcing mro maintenance repairs operations items company north american manufacturing locations well supplier management strategic suppliers spend sourcing functions include contract strategy development issuance contract rfqs rfps supplier proposal analysis negotiations awards implementations responsible supplier performance going management strategic supplier relationships creates integrated processes among internal functions e g operations purchasing logistics outside suppliers support teams conducting negotiations financial bid analysis developing talent assists development global commodity strategy implementation plan leverage opportunities across sub commodities monitors compliance order capture savings demonstrates execution leadership commodity management strategic sourcing portfolio management total cost ownership value chain analysis supplier relationship management implementations across enterprise globally understands strategies demands requirements enterprise works develop global commodity strategies consistent short long term strategic plans analyzes demand side commodity completing spend histories demand forecast identifying current suppliers determining procurement involvement historical contract compliance demand segmentation enable identification demand side opportunities works collaboratively procurement services peers prioritize opportunities allocate resources identifies near long term opportunities within commodity spend portfolio market business intelligence interaction resource units add value builds clear business cases value propositions supporting details define identified opportunities develops cascading implementation transition plans execute commodity sourcing strategies captures lessons learned throughout execution sourcing strategy work team members develop depth procurement knowledge skills november march utility technician city state blast furnace laborer day day maintenance operations help steel making application coke lime laborer assists day day supply raw material fuel blast furnace operation company name may august life insurance sales agent obtained pennsylvania insurance license established candidates custom insurance packages including life auto insurance company name may november personal trainer city state created custom training programs clients per week helped retain customer base built new client list education california university pennsylvania ccac city ringgold senior high school bachelor science marketing marketing skills business intelligence commodities client clients financial insurance leadership logistics market works monitors negotiations enterprise processes procurement proposal purchasing relationship management repairs strategy strategy development strategic strategic plans training programs additional information certifications national academy sports medicine nasm certified personal trainer may may life insurance license august august
ACCOUNTANT,ADVOCATE,accountant iii summary energetic mother years experience high level support roles organized professional detail oriented well dedicated focused individual excels prioritizing completing multiple tasks simultaneously following achieve project goals timely manner effective analytical approach identifying solving complex problems self motivated strong work ethic extensive bookkeeping accounting clerical knowledge experienced p processes managing vendor relations great problem resolution capabilities highlights strong organizational skills sharp problem solver courteous demeanor energetic work attitude meticulous attention detail results oriented self directed time management education computer science mountain state university city state usa ged ravenswood annex city state usa business education business garnet career center city state usa microsoft office specialist word microsoft office specialist excel perfect attendance honor roll b honor roll general studies ravenswood high school city state usa accomplishments customer service assisted directed associate staff wv department education concerning vendor registration ensure information needed completed properly accordance state laws customer service accountability helped create line reservation system thewv department education fleet state owned cars ensure information user mileage maintenance pertinent information compiled database state agencies use accountability purposes previous process face face phone email requests research investigated necessary information proper billing concerning large bills meetings occurred would entail using several sources meeting registration check lodging bill personal knowledge meeting specifics ensure paying true correct bill multitasking demonstrated proficiencies face face telephone e mail fax front desk reception within high volume environment administration performed administration tasks filing developing spreadsheets faxing reports emailing copying scanning documents inter departmental use successfully planned executed meetings lunches special events groups attendees promoted accountant iii showing hard work determination ability certifications microsoft office specialist word microsoft office specialist excel certificate accomplishment typing institute america skills microsoft office advanced knowledge skill typing speed wpm accuracy professional experience accountant iii company name city state division student services internal operations kanawha boulevard east building room charleston wv p f phil uy assistant director fiscal office extension verified information fims computer system date accurate organized billing invoice data prepared accounts receivable paid invoices making sure information correct complete identified resolved system account issues checked online car reservation system made sure educator received state car binder secretary ii company name city state division student support services child nutrition kanawha boulevard east building room charleston wv p f richard goff executive director worked office child nutrition assigned work coordinators gloria cunningham gus nelson lynn nehoda bekki leigh well assisting others office needed made travel arrangements drafted meeting agendas supplied advance materials executed follow meetings conferences responded telephone person requests information secretary ii company name city state division teaching learning special programs reading first k anawha boulevard east building room charleston wv p f jacqueline veres secretary iii worked reading first program assisting coordinators daily basis ensure necessary tools teach educators complete school assessments regular routine office tasks fulfill federal rf grant requirements anything daily office needs answering phones routing calls taking messages corresponding via emails filing travel reimbursement forms planned executed meeting reading first program entailed mail letter inviting educators thruought state wv make database keep individual attendees room reservation purposes name tags assist making packets binder folders information attendees set block room various local hotels participants required make contract hotels search meeting location able meet needs meeting enough room amount attendees right equipment type meeting amount rooms needed attendees ect contract would made would work hotel ensure every thing necessary meeting taken care room setup sound audio needs number tables chairs type food served
FITNESS,TEACHER,child center asst dept head summary obtain position personable executive assistant capably maintains open lines communication among senior executives board members shareholders middle management administrative staff highlights results oriented time management dedicated team player proper phone etiquette meeting planning schedule management strong problem solver professional mature accomplishments increased office organization developing efficient filing system customer database protocol coordinated department functions team employees experience child center asst dept head current company name city state kids activities assistant department head assist managing operational financial budgetary responsibility kids activity programming child center area market promote sell kids activities programs throughout club community increase participation different children programs plan program curriculum prepares program schedules registers participants articulate extensive knowledge life time fitness programs products services policies procedures provide outstanding customer service developing positive relationships members everyday early childhood assistant teacher company name city state assist planning implementing daily program direction lead teacher included lesson plans using naeyc developmentally appropriate practices assist planning preparing learning environment setting interest centers preparing needed materials supplies supervise classroom lead teacher room worked closely site director family care workers classroom teaching team specialists child center department head company name city state supervise promote activities designed enhance healthy emotional social intellectual physical development children enrolled center help maintain neat organized classroom oversees daily operations managing team employees drafted meeting agendas supplied advance materials executed follow meetings team conferences responsibilities including administrative recruiting personnel issues policies procedures payroll implement curriculum plans maintain ongoing communication parents regarding children activities behavior development responded parents concerns arise maintain records reports child comes child center child center assistant department head company name city state assist department head overall direction coordination management child center assist ensuring continuous professional growth development child center staff assist recruiting interviewing employee paperwork child center engage children interactive educational activities include story telling organized arts crafts singing games member activities assistant department head fitness instructor company name city state received screened high volume internal external communications including email mail exhibit outstanding customer service developing positive relationships members children articulate extensive knowledge life time fitness programs products services policies procedures assist training team members shadowing instructors orientation direction feedback assist planning program activity curriculum prepare program schedules register participants also taught teen children fitness boot camp make hiring promotion disciplinary termination recommendations department head early childhood associate teacher school age lead teacher company name city state assist planning implementing daily program direction lead teacher included lesson plans using naeyc developmentally appropriate practic es assist planning preparing learning environment setting interest centers preparing needed materials supplies supervise classroom lead teacher room long periods time absent help lead teacher company name city state supervise promote activities designed enhance healthy emotional social intellectual physical development children enrolled center help maintain neat organized classroom help children establish good habits personal hygiene change diapers assist toilet training education bachelor science criminal justice kaplan university city criminal justice associate arts early chilhood june oakton community college city state associates arts teaching early childhood high school diploma june evanston township hs city state skills administrative arts articulate customer service direction financial hiring managing marketing ordering materials neat payroll personnel policies programming promotion recruiting
ENGINEERING,CONSTRUCTION,engineering project manager summary seeking long term employment experience expertise education used satisfy needs company well provide opportunity personal development career advancement project coordination strongest point accept challenges encounter get job done offer less one hundred percent commitment employer co workers work definitely team player work well supervision bring company loyalty dedication great work ethics highlights effective verbal written communication meeting facilitation skills proactive adaptable self starter self motivated ability prioritize complete multiple tasks little supervision punctual extroverted personality willing available work outside normal business including weekends meet project deadlines proficiency microsoft office word excel outlook knowledge microsoft office access powerpoint minor accounting experience engineering project manager company name city state planned directed managed designated projects ensured objectives accompanied accordance outlined priorities analyzed results operations discover efficient ways utilize resources skilled securing federal state local regulatory land use approvals including construction permits texas commission environmental quality tceq vast knowledge dealing builders homeowners hoa bank issues addition diplomatically resolving concerns complaints developed ability work fast paced environment ability follow instructions well make decisions supervision assisted civil engineer preparing lot layouts residential development master planned developments international developments assistant project coordinator company name city state coordinated project submittals agencies cps time warner sbc saws sara bexar county bexar met tracked submittal dates using spreadsheets plat tracking city website b tracked critical time paths related review approval periods c followed tardy responses ascertained source difficulty coordinated resolutions approvals completed final project packages approval planning commission director development services researched plat related issues preliminary overall area development plans planned unit development plans development rights permits vested rights permits familiarity city website personnel environmental secretary company name city state unit secretary employees responsibilities included heavy phone usage heavy typing research via internet heavy client contact coordination meetings hotel accommodations rental car service project file set created spreadsheets excel access vast mail outs special unit requests delegated purchasing clerk company name city state coordination import export product manufacture sale including proofing purchase orders preparing documentation according international shipping standards executive receptionist company name city state managed front office area answered multi line telephone system directed calls took detailed messages forwarded necessary callers voicemail booked flights hotels rental cars arranged corporate pick airport coordinated company functions include birthday celebrations parties awards ceremonies local ticket events collected us mail sorted delivered personnel typed faxed mailed emailed office correspondence performed various office duties education business certification charter college city state dean list quarters present international business san antonio college city state international business member sife students free enterprise languages english fluent full knowledge spanish knowledge taking classes become fluent skills accounting c civil engineer client documentation english fast front office director meeting facilitation meetings access excel mail microsoft office office outlook powerpoint word multi line telephone enterprise personnel pick proofing quality research self motivated self starter shipping spanish spreadsheets supervision phone typing website written communication
DIGITAL-MEDIA,BANKING,digital consultant summary seeking position continue growth strategic leadership position mobile continue drive design complex new products services enhancements lead financial industry constantly ask others skills strong analytical skills strong collaborative skills mobile application development market research analysis product development launch strategic alliances experience digital consultant current company name city state business innovator lead team deliver ceo mobile extension apple watch within weeks using bau funds developed lead pot ai modeling specific financial use cases lead apple watch team develop deliver apple watch mobile bio metrics demos afp partnering risk authentication team launch biometrics ios android lead product team mobile token strong auth apps identity product penetration within one month leading efforts touch quick links ios partnering uxr ux cia cwi tm product team diverse mobile efforts redesign break points mobile tablet fraud manager international ach internal wires apple watch remember mobile deposit soft token lead remember functionality mobile apps participated second ever user centered design wells fargo championing ideals team members creating push notifications design ideation mobile lead pns efforts marketing liaison mobile team created program service team increased channel first time sign ons months created mobile marketing videos ccer mobile deposit mobile app mobile team lead ach dtd wires payment apps launched android app ceo mobile mobile lead redesign efforts dtd wires mobile lead ach int l bring fxol exchange flow customer service liaison mobile team ensure feedback issue resolutions incorporated roadmap lead conducted emcs kofax poc image auto capture mobile deposit lead effort bring vendors explore co browsing text chat video wells fargo presented findings use cases senior leadership received funding livelook pot lead redesign effort fraud manager mobile bring three unique yet similar products one product mobile production channel management product manager company name city state development enhancements process review top image deposit smart decision deposit maintenance created new customer facing fraud analysis report patent pending created new ar check poc patent pending created new internet product top image deposit ground gap assessment fulfillment converting rd party customers develop customer facing user reference guides technical requirements install guides create top image deposit customer facing sales demo maintain product blog creating business project lifecycle documents brds business cases etc cross functional support collaboration internal partners sales technical product consulting service implementation operations crossed trained team member products desktop deposit rdc vendor relations contract reviews scorecards management code remediation rd party engagement code review vendor deployment code remediation testing cycle project manager company name city state act liaison advocate tms client delivery business units technical teams planning conducting documenting analysis complex business needs implementation service initiatives reviewing brds fsds test plans support ongoing evaluation implementation service work flows procedures process customer experience ensure effectively serving customers fulfill cross organization business needs develop data entry guides implementation process guides client walk guides system validation guides client service process procedure develop deliver internal communication use share point info source post documentation distribute communication tms client delivery lead ceo portal wellstax dda branch depository desktop deposit secondary ceo mobile map strategies customer implementation servicing present project initiatives senior service implementation management provide classroom training well present tipps qa calls service implementation onsite migration escalation team tms client delivery conversion events provide subject matter expertise conversion issue effecting customer detail service support implementations plans mitigate customer impacts learning development consultant company name city state evaluate employee performance based product knowledge systems use business process customer service skills identify sales opportunities referrals coach team members develop facilitate programs new hire new products business processes enhancements using following tools power point net meeting ekod virtual classroom design create maintain content e quality best practices websites track employee performance create monthly reports analyze department performance based jd powers client feedback department criteria identify present opportunities growth upper management create road shows web content recognition programs promote brand e quality increase program awareness manager team buy interim project manger pilot team since implement new products establish timelines coordinate provide updates meetings across department lines streamline business process based feedback clients business partners evaluate document client technical feedback pilot products services presentation product support product development internet solutions edc ceo solutions latest project ceo dtd carlar acted one two leads client service consultant company name city state provided support wells fargo products services well right fit resolutions complex issues external internal clients document analyze client business process preparing presenting service product reviews high value clients relationship team management cross sell growth opportunities account analysis customer profiling maintaining portfolio high value clients compliance position documentation exceptions overdraft accounting etc train new staff education training ba theater arts philosophy california state university state theater arts philosophy certificate program fund raising pr university california city skills streamline business processes business process share point product development sales validation vendor relations additional information interests activities founding member innovation zone formally known wells fargo best practices holder three patents wells fargo volunteer prospect theater project service excellence award ceo dtd pilot team excellence award q work top stellar award contribution wachovia merger
ACCOUNTANT,SALES,accountant summary reliable customer service representative extensive track record demanding sales account management environments personable responsible cashier years retail customer service solid team player upbeat positive attitude results driven proven ability establish rapport clients highlights strong organizational skills active listening skills sharp problem solver energetic work attitude resourceful dedicated team player account management results oriented self directed time management strong problem solver strong interpersonal skills accomplishments customer assistance worked company systems live support diligently completed assigned tasks working overtime needed quality communication interacted affiliate stations us puerto rico ensuring reliable high speed delivery residential small business customers computed data reports provided required weekly monthly quarterly reports listing sales figures client track records customer service researched calmed rapidly resolved client conflicts prevent loss key accounts sales consistently generated additional revenue skilled sales techniques product sales cross sold services rate upgrading customers different plans product packages market research interviewed clients via market research surveys identify product issues customer needs customer interface greeted customers upon entrance handled cash credit transactions assisted customers phone regarding store operations product promotions orders multi tasking cashiered two cash registers tandem maximize customer flow database maintenance assisted managing company database verified edited modified members information experience accountant company name city state investigated resolved discrepancies monthly bank accounts tight deadlines collaborated extensively auditors preliminary year end audit processes tracked capital spending approved capital requests aligned financial activity regulations gaap thoroughly reviewed financial statements tax audits correct discrepancies managed cash stock inventory balances accurately maintained adequate cash supply cash drawers multiple checkout stations processed issued money orders customers marketing sales company name city state contributed relevant conferences events line online increase brand awareness analyzed ratings programming features competitors evaluate effectiveness marketing strategies managed inbound outbound marketing campaigns generate new business support partner sales teams coordinated pre show post show activities trade shows coordinated monthly quarterly marketing community events aitel mobile money online banking presented current promotions public events tradeshows implemented evolved high impact strategies target new business opportunities new markets successfully interacted customers retail buyers expedite orders customer service company name city state maintained date knowledge store policies regarding payments returns exchanges prevented store losses using awareness attention detail integrity organized weekly sales reports sales department track product success attended local regional national trade shows product development training defined territory needs worked strict deadlines responded service requests emergency call outs promptly responded general inquiries members staff clients via mail e mail fax successfully interacted customers retail buyers expedite orders assisted customers store product complaints processed issued money orders customers responsible ringing customers timely manner guaranteeing high level customer service administrative assistant company name city state drafted meeting agendas supplied advance materials executed follow meetings team conferences managed receptionist area including greeting visitors responding telephone person requests information maintained front desk reception area neat organized fashion served central point contact outside vendors needing gain access building planned meetings prepared conference rooms dispersed incoming mail correct recipients throughout office supplied key cards building access employees visitors made copies sent faxes handled incoming outgoing correspondence created weekly monthly reports presentations managed day day calendar company senior director education associate arts international business makerere university business school city state uganda coursework business marketing communications affiliations makerere business school skills professional friendly careful active listener multi tasking strong public speaker cash handling account management creative customer service time management telephone skills
AGRICULTURE,PUBLIC-RELATIONS,communications director event planner professional experience communications director event planner january april company name city state created launched comprehensive communications program department resulted increased visibility awareness department activities developed executed media plans including social paid media organized managed details department annual event showcasing iowa centenarians including securing attendance iowa governor lieutenant governor director communications january december company name city state successfully led external communication efforts department including handling publicity working closely media increased visibility awareness department activities liaison department several agricultural based committees advisory teams collaborating various initiatives increase public knowledge raise funds conceptualized authored news grow column iowa secretary agriculture ran rural newspapers printed media outlets throughout iowa administered good neighbor award first nation initiative honors iowa livestock producers environmental animal stewardship media consultant nasda national association state departments agriculture u food export showcase received leveraging collaboration award superior performance innovation fda food drug administration member monkey pox interagency work group member implemented collaborative multi federal state local agency response outbreak zoonotic animal disease development coordinator event planner september may company name city state successfully led fund raising activities volunteer recruitment event planning nonprofit agency managed popular annual ppgi book fair held state fair grounds resulting record sales two years involved received star performer award organizing supervising sold annual dinner securing dr ruth westheimer keynote speaker education degree political science public administration grandview university political science public administration associate degree paralegal legal research writing des moines area community college paralegal legal research writing certificate fund raising management university indiana center philanthropy interests iowa council homelessness participated discussions voting efforts remedy homelessness iowa iowa food bank world food prize hunger summit participates organizing events help end hunger state emergency operations center seoc homeland security helped coordinate emergency preparedness communication efforts within various state agencies inter agency state committee coordinated events iowa insurance division attorney general office public outreach iowans governor volunteer iowa initiative coordinated department volunteer response statewide initiative iowa council international understanding volunteer event host drake community center worked inner city youth improving writing literacy skills iowa lutheran services volunteer teacher eslp english second language program additional information boards committees community activities iowa council homelessness participated discussions voting efforts remedy homelessness iowa iowa food bank world food prize hunger summit participates organizing events help end hunger state emergency operations center seoc homeland security helped coordinate emergency preparedness communication efforts within various state agencies inter agency state committee coordinated events iowa insurance division attorney general office public outreach iowans governor volunteer iowa initiative coordinated department volunteer response statewide initiative iowa council international understanding volunteer event host drake community center worked inner city youth improving writing literacy skills iowa lutheran services volunteer teacher eslp english second language program skills agency book consultant event planning fund raising funds innovation leadership managing people media plans mentoring newspapers organizing profit project management public relations speaker public speaking publicity recruitment sales supervising writing skills
DIGITAL-MEDIA,INFORMATION-TECHNOLOGY,sprint isp management vendor qualifications windows xp windows windows nt red hat limited ubuntu limited virtualization technology esx esxi ms hyperv security systems load balancers brocade ssl load balancer f bigip aft ltm load balancer ssl cert management sites watchguard work experience sprint isp management vendor may current company name performed system administration clients kcmo ks worked project move critical servers data center without interruption worked team resolve issues moved weekend started training project azure aws project move production servers services cloud services worked cost analysis procure complete change physical cloud environment moved complete office infrastructure new office designed network infrastructure worked major isps att twc provide internet managed services setup wireless infrastructure put pbx grandstream system worked providers move analog fiber pbx installation restructured backup process include dell appassure configured backup vm windows server including sql microsoft exchange servers completed p v project using esxi essentials licensing converted servers configured orion solar winds monitor report network devices utilizing several monitoring processes worked vendor cut remote locations att sprint isp management vendor took work load allowed outsourced company monitor manage remote offices technologies sonicwall cisco asa firewall windows server pertino networks esxi exchange iis servers dell switches dell servers appassure azure aws implemented pertino emc vnx vnxe systems engineer january may company name city state moved contract role company sold relocated company production network mainmark datacenter layered tech atc built new infrastructure cisco ucs b blade server vmware esxi enterprise emc vnx san fibre channel technology gb fabric connectors cisco switches moved ssl certs outdated brokade load balancers f bigip ltm configured orion solar winds monitor report network devices utilizing several monitoring processes redesigned new esxi installation utilize ha dfs vmotion configured access via fibre channel protocol gb connection san technologies f cisco asa firewall cisco ucs blade server emc san windows server esxi solarwinds exchange iis servers dell switches dell servers trilead vmx veeam unitrends director september january company name city state performs hardware software network upgrades company installed server ms windows enterprise edition based network upgraded r responsible implementing maintaining system security configurations company servers providing support include planning software hardware configuration staff end users implements overall worksite infrastructure using esxi virtualization went server shop vm analyzes information determine recommend plan layout type computers peripheral equipment modifications existing systems technologies watchguard firewall cisco switches dell switches hp switches hp servers windows server esx esxi exchange dag iis servers trilead vmx veeam unitrends kansas state government contractor january january company name city state education training bs business management ottawa university city state us ottawa university overland park ks campus currently pursuing bs minor business management certifications ccna ccda msce vmware esxi technologies watchguard firewall technologies exchange os netware dos lan manager many years exposure networks windows server nt office f bigip afm ltm installation administration emc vnx san technologies training experience new unisphere vnxe unisphere ax navisphere experience iscsi smb cisco ucs blade server technologies supporting gb fabric connect technologies ucs san vmware deployment backup dr applications business continuity programs technology cisco router cisco catalyst switch switching technologies layer ethernet fastethernet gigethernet hp dell cisco managed switches cisco switching latest watchguard xseries f bigip ltm asm dhcp tcp ip dns ssl cert mgmt wireless b g ac gb skills cisco exchange firewall iis internet information services support layout microsoft windows r sap security system security virtualization windows windows server cisco asa emc emc vnx orion vnx access atc dfs engineer fibre channel marketing san solarwinds ssl storage area network systems engineer vmware analog aws clients cost analysis data center emc vnxe isp microsoft exchange pbx sql system administration systems administration training virtual machine vm vnxe wireless ac brocade business continuity catalyst ccna deployment dhcp dns dos emc navisphere ethernet iscsi lan lan manager layer navisphere netware os red hat router switching tcp tcp ip windows windows business management
ARTS,TEACHER,language arts grade teacher summary enthusiastic language arts educator seeking growth education specialist within school dedicated academic socio emotional success student population core qualifications motivating students learning style assessment active listening skills differentiated instruction experience working special needs students classroom management effectively work parents clear public speaking skills achievements student development increased th grade language arts standardized test scores analyzing pre post data introducing effective learning techniques technology integration student run lesson plans increased th grade reading comprehension scores students reading th th grade level grade level end school year program called voyager reading used targeting weaknesses education strategies employed journalism writing techniques th graders instruction improve development writing essays students mastered standard learning exam first time four years school improvement status counseling served student mentor students academic problems personal adjustments arose meeting guardians reach solutions making recommendations guidance counselor goal setting established clear objectives lessons projects communicated students achieving total understanding grading rubric overall class expectations professional experience company name city state language arts grade teacher developed lesson plans meet academic intellectual social needs students performed student background reviews develop culturally diverse lessons used variety teaching techniques encourage critical thinking discussion language arts class empowered learners reflect self assess performance established enforced rules behavior procedures maintaining order among class students developed administered corrected assessments timely manner earned positive verbal written feedback parents administration regarding classroom instruction management student learning outcomes collaborated ideas performance improvement iep meetings presented effective professional development learning strategies faculty empowered students engage community opportunities beyond school company name city state administrative assistant chief nursing officer supported team four administrators clerical duties addition directly working chief nursing officer designed new filing system efficient work flow managed multiple projects nursing directors handled multiple phone line system coordinated conferences site documented reports confidential patient concerns managed administrative calendars created correspondence presentations using microsoft word programs company name city state administrative assistant nursing director managed director calendar travel arrangements organized nursing conferences site handled multi line phone system created correspondence using microsoft office programs company name city state project manager headed recruitment clerical staff trained five employees advised president staff promotion managed release press kits created edited content website collaborated web designer content layout designed stockholder certificates lectured trade shows seattle paris instructed business professionals use products services education master education instruction curriculum assessment strayer university city state graduated summa cum laude gpa professional development education university phoenix credits education course work focusing growing theories reading methods curriculum instructional strategies bachelor science broadcast journalism brooklyn college city state additional credits sociology coursework associate applied science print media journalism kingsborough community college city state skills research journal databases writing apa style speed writing note taking informal formal observations oral presentations training teaching classroom management evaluating analyzing data problem solving typing powerpoint presentations excel spreadsheet microsoft word publisher
BPO,HEALTHCARE,claims subject matter expert professional summary experienced customer service representative years experience worked healthcare industry years humana passport excellus bcbs ny successfully trained seasonal associates open enrollment worked client subject matter expert shps inc skills hcpcs coding guidelines understands anesthesia coding insurance collections procedures understands insurance benefits drg pc grouping ambulance coding familiarity composed professional demeanor research data analysis resourceful reliable worker excellent problem solver close attention detail medical terminology expert billing collection procedures expert office support phones faxing filing excellent verbal communication adept ulti tasker office support phones faxing filing fast learner records management professional icd international classification disease systems familiar commercial private insurance carrier insurance collections procedures drg pc grouping understands insurance benefits ambulance coding familiarity composed professional demeanor research data analysis excellent problem solver office management professional close attention detail excellent verbal communication work history claims subject matter expert company name city state worked special projects assigned management responsible meeting claims production goal claims per day processed professional hcfa ambulance anesthesia labs office visits etc professional hcfa responsible claims processing medicaid plans hmo university health hmo ahcss worked claims subject matter expert banner health benefit plan admin client service expert company name city state responsible duties support f departmental efficiencies assigned management scheduled refills per patients plan benefit keyed orders sent fulfillment processed rx refills customers assisted outbound calling providers patient pharmacies obtain additional info need process rx refill answered incoming calls patient access rep company name city state responsible duties support departmental efficiencies may include limited performing scheduling registration patient pre admission admission reception discharge functions verify medical benefits eligibility payers calculate patient liability collection amounts completes whole patient financial clearance process including educating patients liability collection patient liabilities due completes account documentation enters correct activity code required secures insurance authorizations services updates account accordingly performs payment reconciliation secured payment entry adherence financial cash control policies procedures claims subject matter expert dst company name city state worked claims examiner dst solutions based delaware responsible processing commercial medicare plans adjusted backlog claims using clients claims system adjudication knowledgeable citrix platform applications utilized claims matrix determine authorization delivery well baby newborn inpatient claims nursing home etc claims examiner company name city state worked claims examiner client kaiser permanente southern california responsible data processing incoming hospital ub medicare kpsa plan contract interpretation validate proper payment logic claim adjudication identify billing coding errors submit documentation provider necessary corrected claims forms sent medicare compliance guidelines adjudicate replacement late charge claims etc accordingly per client guidelines processing proficient microsoft word excel power point outlook internet explorer cms pricers drg calculator icd cpt basic office systems various web applications claims subject matter expert company name city state worked contracted claims expert excellus bcbs ny responsible claims processing home commercial medicare medicaid plans processed claims host side plan updating provider files credentials support claims adjustment worked special projects assigned management provider claims service unit representative company name city state responsible immediate responses incoming provider calls regarding claims issues process incoming correspondence providers claims issues need resolved passport health medicaid passport advantage reprocessing claims identified incoming phone calls submitted provider relations staff identifying systematic procedural issues resulting claims processing errors initiating action resolve issues documenting calls problems resolutions future reference proficient microsoft word excel power point outlook internet explorer facets ika systems cms pricers drg calculator icd cpt basic office systems web application worked special projects assigned management benefits plan administration eligibility enrollment client service expert company name city state answered incoming calls regarding eligibility claims processing billing inquires administered employee group benefits retirees active long term disability cobra participants resolved issues billing carrier eligibility etc organized special projects web inquiry responses updating accurate information knowledge base customer service tool assigned management team lead initiated training full time temporary associates ongoing call center open enrollment customer service claims specialist chicago medicare commercial medicaid company name city state supported chicago medicare medicaid commercial markets received inbound outbound calls insured members clients brokers agents providers mailed related correspondence enrollment material forms brochures members processed medical claims needed adjustment knowledgeable drg icd cpt coding managed customer calls effectively efficiently complex fast paced challenging call center environment accurately documented researched resolved customer service issues managed high call volume tact professionalism acted professionally patiently addressing negative customer feedback resolved service pricing technical problems customers asking clear specific questions effectively managed high volume inbound outbound customer calls claims examiner company name city state worked claims examiner client kaiser permanente southern california responsible data processing incoming hospital ub medicare kpsa plan contract interpretation validate proper payment logic claim adjudication identify billing coding errors submit documentation provider necessary corrected claims forms sent medicare compliance guidelines adjudicate replacement bill type late charge claims etc accordingly per client guidelines processing proficient microsoft word excel power point outlook internet explorer cms pricers drg calculator icd cpt basic office systems variousweb applications precisely completed appropriate claims paperwork documentation system entry thoroughly researched newly identified diagnoses medical procedures expand skills knowledge resourcefully used various coding books procedure manuals line encoders actively maintained current working knowledge cpt icd coding principles government regulation protocols third party requirements regarding billing education bachelor science psychology current liberty university city state psychology christian counseling administration advocacy case management community relations counseling mental health services programming certification medical coding may ashworth college skills balance basic benefits billing brochures calculator call center cms cpt coding cpt credit client clients customer service forms icd internet explorer team lead team leader microsoft access excel office outlook powerpoint power point word microsoft word police coding sales phone
FINANCE,ACCOUNTANT,finance assistant summary accurate alert ambitious analytical articulate efficient dependable responsible people oriented honest independent hardworking integrity competence honesty growth family decisiveness stability leadership accomplishments awards improved employee year year company mbs accounting services cc awards emerald award hard work dedication work year first quarter company anglo american gss emea accounting services awards amber award hard work dedication work year last quarter company anglo american gss emea accounting services personal strengths profile professional experience finance assistant january december company name city state receive purchase request forms processing issuing purchase orders suppliers send purchase orders suppliers submit supplier invoices payment follow delivery goods received vouchers grv corresponding suppliers get tax invoices payment processing quotations invoices system submit transactions documents line manager approval daily follow outstanding invoices submitting supplier forms line manager maintaining asset register reconciliations per creditor ensure receive statements suppliers print proof payments send proof payments suppliers ensure enough funds available invoices paid monitoring funds available assisting audit information monthly processing capturing payroll debtors receipt invoice request forms request line manager create customers system ensuring allocations correct processing sales order system forward original invoice requestor corresponding commercial venture staff regarding payments outstanding debtor follow weekly handover outstanding debt liaising attorneys monthly debtor reconciliations cash management capture payments fnb business banking daily capture payments nedbank business banking daily ensure two signatories approve payments weekly bank reconciliations nedbank procurement credit cards ensure reminder slips send weekly basis nedbank bank statements distributed collect slips allocate slips correct account receive slips procurement credit cards compile slips statements process pastel cashbook processing journals ensure recon statements signed th month ad hoc tasks answer telephones take messages creating new files needed filling assisting staff office administration monthly reconciliations sub systems financial statements prepare financial statements university johannesburg companies caseware companies fixed asset management reason looking temporary contract months management accountant august january company name city state general ledger system management perform month end procedures finalise accounts produce monthly budget variance report perform month end reconciliations balance sheet accounts prepare monthly management reports distribute management participate budgeting forecasting processes participate year plan process assist preparation running audit prepare annual tax returns monthly expenses analysis compared budget calculate monthly incentives store staff allocate expense lines stores liaise store managers case spending managing rental expenses making sure landlords paid month invoicing mtn cell c vodacom cellular providers monthly cellular income following unpaid invoices management credit cards petrol cards calculating margin making sure agrees merchandise cellular department kpis reason leaving raise son least year senior accounts assistant september august company name city state transitioning fixed assets duties business units within anglo american group global shared service environment managing fixed asset registers anglo american group calculating depreciation posting reconciling disposing assets transactions involve fixed assets analysing depreciation also help project management anglo coal reason leaving looking exposure accounting fields growth career trainee accountant saica trainee september september company name city state cashbooks vat returns manual irp emp bank reconciliation finalizing vat advising clients preparing financial statements debtors reconciliation creditors recon fixed asset register reason leaving looking better opportunities growth education professional training national diploma internal auditing walter sisulu university technology city state south africa internal auditing matric standard thubalethu senior secondary school city state south africa b com internal auditing university south africa city state south africa complete modules rd year still outstanding languages english isixhosa isizulu sesotho personal information id details family marital status married nationality south african date birth skills accounting general accounting accountant articulate balance balance sheet bank reconciliations bank reconciliation banking bookkeeping budgeting budgets budget c caseware cash management com credit creditor clients delivery dependable english filling finance financial management financial statements prepare financial statements fixed asset register fixed assets forecasting forms funds general ledger hyperion invoicing leadership managing excel outlook powerpoint word office administration organizing problem solving processes process management project management reconciling reporting retail sap shared service statistics take messages tax tax returns team player telephones type vat returns
SALES,BUSINESS-DEVELOPMENT,merchandiser sales summary job title equipped excellent negotiation skills market insight business acumen necessary guide struggling newly formed companies financial success highlights organizational skills marketing lead generation strategic consultative selling interpersonal collaboration skills b b sales customer retention account management developing expanding territories c level technical presentations project management excellent sales techniques accomplishments member since elected executive board took time help earthquake relief organize fundraisers benefits manage recruit volunteers made contacts significant contributors corporate relations organized ship containers medical supplies food water clothes haiti achieved high honors elavon vp sales conducted training north eastern team cold calling techniques awarded best pend percentage october north east region managed major accounts worth k four territories reviewed grew account base surpass given objectives interviewed observed potential candidates employment mentored new hires established new clients grow profitable territories meet set objectives per quarter provided clients profitable marketing strategy print advertisement internet marketing continuously maintained established solid relationships clients met publication internet deadlines achieved sales quotas elected captain speaker yorktown peekskill county team presidential achievement award ranked th must top region experience merchandiser sales current company name city state southern wine spirits family owned sales distribution organization renowned history consistently delivering impeccable service employees covering states build relationships store owners strategically place merchandising marketing materials stores discuss plan future opportunities merchandising management team point contact sales reps assisting field help sales reps sell product stores booking high end merchandising materials locations organize warehouse pallets distribute pos samples bar kits racks appropriate divisions build relationship store owners discuss marketing materials store owners notable accomplishments built strong relationships key accounts responsible opening closing storage unit implemented organized system distributing samples booked strategic platform window displays account manager current company name city state forgotten children haiti established non profit organization supporting pediatric hospital orphanage school member since elected executive board took time help earthquake relief organize fundraisers benefits manage recruit volunteers made contacts significant contributors corporate relations organized ship containers medical supplies food water clothes haiti notable accomplishments increase donations months spokesman events people press interviews shipped containers medical supplies food water la fitness locations expanding new york one largest fitness chains country offering amenities competitors established la fitness new club yonkers marketing business individuals grew club volume members months promoted management included responsibilities following areas reporting club numbers meeting club developers creating marketing strategies leading sales meetings one one trainings notable accomplishments commissions country pay periods july november avg comm top commissions country june january avg comm top sales counselor june february top closing percentage rep month july january top sales months hebrew hospital home continuum care non profit non sectarian health care organization comprehensive health care system whose mission rehabilitate patients providing highest standards care individualized treatment responsible expanding queens county territory valuable referral source accounts contracting doctors medical offices partner hhh home health network organize perform sales presentations medical groups doctors prospect develop relationships maintain steady referral sources doctors office managers cold calls networking sales events coordinate sales events collaboration sales representatives notable accomplishments exceeded month goal accounts accounts developed queens territory distributed accounts new account managers generated referrals first quarter referrals quarter met account penetration goals consistently top territory account executive company name city state us banks partnered elavon elavon manages million merchants small retail merchants largest organizations segments hospitality health care public sector delivering reliable secure payment solutions help businesses succeed achieved high honors elavon vp sales conducted training north eastern team cold calling techniques leader among peers achieved surpassed sales quotas goals contests recognition managed five counties totaling banks established new clients maintained strong relationships bank regional president managers staff organized performed presentations bank personnel area meetings notable accomplishments ranked among peers stack ranking east region top rep month february activations monthly fees may north east region bundles contest january north east region awarded best pend percentage october north east region account executive company name city state yellowbook largest independent publishers yellow pages nationwide offers multi channel marketing solutions tailored meet specific needs clients audience target brand built service integrity end goal delivering complete relevant local business information consumers managed major accounts worth k four territories reviewed grew account base surpass given objectives interviewed observed potential candidates employment mentored new hires established new clients grow profitable territories meet set objectives per quarter provided clients profitable marketing strategy print advertisement internet marketing continuously maintained established solid relationships clients met publication internet deadlines achieved sales quotas elected captain speaker yorktown peekskill county team notable accomplishments presidential achievement award ranked th must top region net gain achieving quota two time rep month september february ranked th approximately reps region new business sales totaling k significantly surpassed overall sales quota three years row quota buster promoted within months hire education bachelors arts basketball leagues skiing exercise programs marist college city state us marist college poughkeepsie ny bachelors arts competitive achievements sports guru competitor actively involved basketball leagues skiing exercise programs member marist ski team competed schools slalom giant slalom events well player marist rugby team competed teams region competed ncc speech debate team traveled portland oregon placed ncc rd place nationwide phi ro pi national championships multiple awards dramatic interpretation bronze competitors parliamentary debate bronze teams debate team overall bronze schools languages french spanish professional affiliations fundraiser events coordinator executive presentations c level technical presentations skills sales benefits increase pediatric marketing account executive clients sales sales quotas solutions closing award channel marketing internet marketing major accounts marketing strategy new hires overall sales quota sales quota yellow pages cold calling million retail retail marketing training marketing sales key accounts merchandising owned sales point sale pos sales sales reps account manager accounts accounts sales coordinate sales networking new account sales events sales presentations sales representatives territory sales sales sales sales meetings senior sales top sales account management b b b b lead generation project management
CHEF,HEALTHCARE,kitchen utility worker evening weekend chef professional summary fast learning recent cna graduate fast paced enthusiastic working hospital adult family home retirement home years experience taking care mentally ill dementia alzheimer schizophrenic hospice end life care patients focus lot patient care needs make sure client comfortable times licenses fundamentals caregiving first aid cpr dementia training mental health training nurse delegations cna license skill highlights understands mobility assistance needs charting expertise understands medical procedures trained grooming bathing assistance documentation procedures expert trained catheter change preparation quick problem solver patient positioning understanding chart preparation filing aptness body mechanics competency alphabetical numerical filing mastery adept oxygen machine maintenance feeding assistance specialist enthusiastic caregiver general housekeeping ability professional experience april january company name city state kitchen utility worker evening weekend chef planned prepared served meals snacks according prescribed diets maintained clean orderly well stocked environment participated maintenance safe conditions within facility related areas promoted personal co worker safety january april company name city state caregiver pca observed documented patient status reported patient complaints case manager read recorded temperature pulse respiration collected urine fecal samples support duties diagnostic technical treatment procedures setting operating special medical equipment apparatus provided transportation assistance companionship clients cleaned organized patients living quarters performed household tasks laundry dusting washing dishes vacuuming facilitated games activities engage clients positioned residents comfort prevent skin pressure problems assisted transferring residents wheelchairs adaptive equipment kept facility stocked necessary supplies equipment instruments tended patients chronic illnesses charted daily information residents mood changes mobility activity eating percentages daily inputs outputs recognized reported abnormalities changes patients health status nursing staff documented resident records daily flow sheets assisted adls provided patients families emotional support exhibited compassionate care communication regard issues death dying comforted patients provided reassurance encouragement promoted personal co worker safety april current company name city state caregiver maintained clean orderly well stocked environment participated maintenance safe conditions within facility related areas promoted continuity care accurately completely communicating caregivers status patients care provided sensitive needs geriatric patients exhibited compassionate care communication regard issues death dying provided patients families emotional support assisted adls documented resident records daily flow sheets recognized reported abnormalities changes patients health status nursing staff charted daily information residents mood changes mobility activity eating percentages daily inputs outputs tended patients chronic illnesses provided personal nursing care pre post operative situations kept facility stocked necessary supplies equipment instruments assisted transferring residents wheelchairs adaptive equipment positioned residents comfort prevent skin pressure problems performed household tasks laundry dusting washing dishes vacuuming cleaned organized patients living quarters provided transportation assistance companionship clients planned prepared served meals snacks according prescribed diets assisted adequate nutrition fluid intake support duties diagnostic technical treatment procedures setting operating special medical equipment apparatus collected urine fecal samples completed submitted clinical documentation accordance agency guidelines observed documented patient status reported patient complaints case manager read recorded temperature pulse respiration april august company name city state attendant counselor work developmentally disabled adults adl activities preparing meals cleaning assisting personal care observed documented patient status reported patient complaints case manager read recorded temperature pulse respiration planned prepared served meals snacks according prescribed diets cleaned organized patients living quarters performed household tasks laundry dusting washing dishes vacuuming facilitated games activities engage clients positioned residents comfort prevent skin pressure problems assisted transferring residents wheelchairs adaptive equipment kept facility stocked necessary supplies equipment instruments tended patients chronic illnesses charted daily information residents mood changes mobility activity eating percentages daily inputs outputs assisted adls april october company name city state med tech promoted continuity care accurately completely communicating caregivers status patients care provided promoted personal co worker safety participated maintenance safe conditions within facility related areas maintained clean orderly well stocked environment provided patients families emotional support recognized reported abnormalities changes patients health status nursing staff charted daily information residents mood changes mobility activity eating percentages daily inputs outputs tended patients chronic illnesses assisted adequate nutrition fluid intake collected urine fecal samples read recorded temperature pulse respiration observed documented patient status reported patient complaints case manager october company name city state caregiver observed documented patient status reported patient complaints case manager read recorded temperature pulse respiration completed submitted clinical documentation accordance agency guidelines prepared patient rooms prior arrival collected urine fecal samples assisted adequate nutrition fluid intake planned prepared served meals snacks according prescribed diets provided transportation assistance companionship clients cleaned organized patients living quarters performed household tasks laundry dusting washing dishes vacuuming facilitated games activities engage clients kept facility stocked necessary supplies equipment instruments provided necessary supplies support assistance medical staff patients unit specific procedures recognized reported abnormalities changes patients health status nursing staff assisted adls provided patients families emotional support comforted patients provided reassurance encouragement participated maintenance safe conditions within facility related areas maintained clean orderly well stocked environment education training orting high school city state high school diploma skills patient focused care compassionate trustworthy caregiver detail oriented effectively interacts patients families hospice care provider preparation healthy meals snacks catheter preparation change charting record keeping
ARTS,TEACHER,eighth ninth tenth english teacher summary motivated literacy specialist reading la teacher extensive knowledge education system educational testing standards exceptional communicator advanced problem solving skills versed working well learning styles effectively leads special education teachers liaises teams facilitate high quality education students highlights certified english certified reading k gifted endorsed special ed experience strong communicator classroom management e reading strategic planning project management team leadership professional development accomplishments reading department chair national writing project help students reach iep goals facilitate small reading writing groups mentor struggling students graduation progress monitoring manage classes students accompany field trips school activities cultivate excellent student growth test score results foster love literacy experience eighth ninth tenth english teacher march june company name city state develop general knowledge entire program curriculum detailed knowledge courses responsible support students parents alternate strategies provide additional assistance daily assignments projects communicate regularly parents students guidance counselors curriculum specialists use computer telephone keep student records data date including cumulative files student family information attendance accounting log student parent contacts consult teachers staff learning specialists develop alternate enrichment activities modifications students programs increase student understanding seventh eighth grade reading teacher department chair august july company name city state performing exceptional standard position demonstrate skills abilities earn promotion position reading department chair utilizing expertise curriculum ensure provision engaging facilitative learning environment efficiently managing classroom gifted advanced reading students conducting detailed assessments learning capabilities students altering teaching strategy ensure inclusion subsequent development students fostering relationships students diverse selection cultural backgrounds furthering skills collaboration working closely parents colleagues administration personnel seventh grade reading language arts teacher august july company name city state adhering tier tier interventions delivering flexible teaching practices students striving ensure academic development students differing abilities performing comprehensive assessments evaluations progress goals student within title one education plan order provide detailed feedback parents administration staff students implementing disciplinary procedures necessary order ensure provision safe focused learning environment sixth grade reading language arts educator august july company name city state closely adhering relevant guidelines processes preparing applying tailored lesson plan playing instrumental role team nine ten colleagues order deliver effective learning environment students abilities heavily involved development effective implementation language arts curriculum participating heavily curriculum development meetings advancing skills relation analysis gathering evaluating data related student performance creating lesson plan based information ninth eleventh grade reading language arts educator august january company name city state striving ensure academic success students providing rigorous lessons students education ed curriculum instruction reading secondary reading curriculum grand canyon university city state b liberal studies english writing multi cultural anthropology university central florida city state liberal studies english writing multi cultural anthropology professional affiliations national writing project fgcu ucf ascd conferences florida virtual school florida literacy coalition springboard education achieve series j n ding darling wildlife refuge education licensed florida realtor skills communication curriculum literacy lesson planning critical thinking documentation email microsoft outlook microsoft office organizational reading comprehension research time management travel planning writing
FITNESS,SALES,kids club attendant summary reliable friendly customer service sales associate quickly learns masters new concepts skills passionate helping customers creating satisfying experience objective seeking part time full time position budtender utilize customer service skills extensive knowledge medical marijuana building long lasting relationships patients community members skills vast knowledge strains affects trimming experience professional friendly clean careful active listener cash handling pos system knowledge microsoft word literate customer service oriented experience kids club attendant company name city state supervise activities assigned children kid club area ensures child remains designated area responsible general cleaning duties kids club including disinfecting toys report member complaints kid club supervisor operations manager service representative company name city state greet incoming members guests ensure check procedures followed operate pos system ensure open close break procedures followed promote sell merchandise retail sales associate company name city state helped customers select products best fit personal needs maintained visually appealing effective displays entire store replenished floor stock processed shipments ensure product availability customers kindergarten teachers assistant company name city state education africana studies university arizona city state usa attended august may kineciology wellness pasadena city college city state usa attending august present certifications medical marijuana recommendation valid additional information trimming experience
CONSULTANT,ADVOCATE,consultant account summary letter express interest believe skills qualifications make viable candidate opportunity brief summary skill set consideration confident experience professional dedication enable provide organization skills expect staff look forward meeting contacted skills professional summary experienced results oriented customer service supervisor proven record achieving business goals objectives adept communicating levels management sales internal departments coordinate overall customer experience efforts demonstrate success implementing executing key projects leadership years process improvement proven project management skills year strategic account planning manage cross functional teams strong analytical skills customer experience retention excellent negotiation skills experience consultant account current company name responsible strategic tactical execution project management initiatives support account management workgroup define project scope goals deliverables support business goals collaboration leadership key stakeholders drive online portal utilization strategies approaches increase business automation launched core team promote business automation points q q drive evaluate best practices determine approaches customer relationships driving record breaking results customer loyalty index south record breaking survey score south net promoter score drive evaluate ways minimize churn protect verizon customer base audit certify action plan initiative drive desired results collaborate field partners drive opportunities penetration ves accounts proactively conduct analysis identify root causes data trends across key account management metrics verizon business government customer operations supervisor account management global enterprise advisors company name city state define develop implement strategic account plans encompassing ar reduction business automation utilization monthly audits proactive servicing led self serve execution team south area initiative communicate customers management internal departments coordinate account projects outlined strategic account plan delivered strong engagement account level able overcome substantial opportunities inherited relationships customer relationship survey h top supervisor team net promoter score h professional experience continued novella walton phone email novella walton verizonwireless com page lead direct forward thinking global enterprise advisor team servicing fortune customers assisting sales renew existing contracts introducing new services via migrations strong q leadership net promoter score improvement june july manage provide sales services key enterprise contracts representing million revenue base supervisor account company name provide support internal external customers equipment order processing account maintenance transactions national major smb accounts partnering business sales channel service customers assist escalations handle large research requests required focus complete requests sent workflow manager accuracy timely manner ensuring commitment times customers maintained role provide online support needed answer account equipment ordering biz vec related questions national account business service center supervisor company name city state responsible working peers provide alternative successfully increase quality productivity measures implemented strategies reduce churn offer alternatives scripting increase customer satisfaction net promoter scores interface training identify training needs assign smes subject matter experts monitor track phone team performance intraday reporting systems evaluate individual performance daily interactions audits monitoring feedback education training bachelor arts communications mercer university city state communications skills account management process improvement sales additional information awards recognitions top team award august october ranked supervisory teams th quarter leader winner circle award alltel migration projects strategic churn reduction team center champion release implementation onesource e l f supervisor enrichment leadership fundamentals alltel migration project nsa account team supervisor june mar consumer support cma supervisor may june
HEALTHCARE,FINANCE,senior director business operations healthcare executive profile operations executive solid experience demonstrating strong leadership achieve overall corporate goals objectives fast paced high growth organizations skill highlights strategic planning budgeting multi million dollar p l management operations management budgeting expertise leadership communication skills professional services management total quality management professional experience company name city state senior director business operations healthcare current accountable managing business operations nuance healthcare b division nuance oversee forecasting healthcare division tracking pipeline bookings revenue accuracy rate within quarterly basis continuous implementation operational best practices across various lines business drive common process output result displayed key metrics dashboards driver operational cadence within division includes managing participating quarterly business reviews oversee fiscal budgeting cycle multi year planning analysis partner leadership manage divisional p l partake driving cost efficiencies fy resulted reducing operating budget driving cost efficiency program reducing waste increasing productivity several areas division nominated high performer awarded chairmans club results company name city state vice president professional services led client implementation talent team consisted eight direct reports two hundred plus implementation consultants including global services team pune india accountable connecting community subject matter experts ensuring proper training tools coaching deliver successful project results ultimately leading superb client satisfaction scaling hiring one hundred fifty plus best implementation talent resources meet demands client commitments associated meaningful use engaged team clients implementations go lives sites ensure project time lines clients satisfied service levels company name city state vice president professional services operations prior allscripts merger drove services revenue average deal size k division p l oversight pipeline key leader professional services organization participated organizational design division reduced cost ten percent annual basis increased billable utilization oversaw operations holding people accountable key metrics utilization headcount revenue order achieve p l profitability developed exclusive partnership program key strategic partners instrumental augmenting staff deploy software strong p l management prior moving professional services division oversaw eclipsys p l director fp reporting cfo managed company fiscal planning cycle ensured company profitability three year outlook company name city state associate director finance directed financial operations general motors wyeth additional client accounts accountable monthly quarterly close development monthly quarterly financial forecasts pricing margin analysis fiscal planning managed team six employees achieve corporate goals initiatives interacted various organizations levels management presented financial forecasts margin reporting strategically aligned senior leadership establish budgets general motors difficult financial time client built complex financial models identify utilization staffing pricing margin ongoing potential projects presented results findings various levels management company name city state finance manager supported numerous divisions within comverse final area concentration managing americas region north south million revenue oversaw day day operations guided finance teams responsible managing region provided financial margin analysis business models drove cost controls staffed regional offices implemented processes procedures manage day day operational activities achieved million dollar cost savings collaborating divisions unused available hardware supported regional subsidiaries interfaced local banks customers accounting firms legal counsel within latin america implemented financial controls negotiated country distributors collaborated country counsel various labor tax issues collected worth outstanding accounts receivable latin america difficult economic time region selected achiever club comverse highest level recognition received comverse sales star award education mba business administration university massachusetts lowell manning school business city state usa bachelor arts sociology university massachusetts lowell city state usa skills salesforce com oracle clarity ppm tool microsoft office various systems strategic management harvard extension
ARTS,ADVOCATE,expressive arts program leader professional experience expressive arts program leader city state formulated proposed authorized implement arts project weekly therapeutic expressive arts program risk cps middle school students residing low income urban neighborhood arts project incorporates methods evidence informed therapeutic interventions enhance social emotional skills self esteem grit self control regulation reduce stereotype threat company name city state designed delivered curriculum weekly coping skills sessions groups early adolescents mentors tailored sessions address unique risk factors faced youth e g community violence chronic poverty school dropout integrated therapeutic approaches various evidence based practices dbt cbt mindfulness based stress reduction produced administered usability feasibility satisfaction forms coping skills training attendees staff mentors mentees evaluated amended curriculum based youth mentor staff feedback mentor supervision team leader supervisor city state developed measures organized platforms mentors report contact mentee conducted thorough interviews potential mentors youth participants parents youth mentoring intervention arrange meaningful lasting youth mentor relationships supervised mentor mentee pairs time monitored documented contact activities pairs combined forces teachers parents regularly assess needs establish protective resources youth organized weekly meetings supervisee problem solve provide support address conflicts concerns regarding mentoring relationship teaching assistant company name city state course academic terms promoted engaging discussions critical thinking warm learning environment groups undergraduate students enrolled psy community based service learning course selected four graduate assistants head teaching assistant course throughout academic year education training present master science general psychology clinical child depaul university city state gpa gpa general psychology clinical child gpa bachelor arts general psychology human development depaul university city state gpa gpa awarded dean list academic terms general psychology human development gpa awarded dean list academic terms present mentor training certificate mentoring central present safe zone allies training build diversity certification depaul university present tf cbt ctg adaptation certificate childhood traumatic grief web present collaborative institutional training initiative citi human subjects human subjects interests child life volunteer children memorial hospital chicago il united way volunteer hearts west michigan united way grand rapids mi animal shelter volunteer kent county animal shelter grand rapids mi summer camp volunteer springhill camps evart mi personal information community living support person moka western michigan jun aug guided individuals developmental disabilities achieving personal goals overcoming barriers participating activities choice recorded progress skill development achievement served role model mentor demonstrated coached social behavioral skill development prompted praised use independent living skills cooking money management household shopping laundry personal hygiene additional information community living support person moka western michigan jun aug guided individuals developmental disabilities achieving personal goals overcoming barriers participating activities choice recorded progress skill development achievement served role model mentor demonstrated coached social behavioral skill development prompted praised use independent living skills cooking money management household shopping laundry personal hygiene volunteer experience child life volunteer children memorial hospital chicago il united way volunteer hearts west michigan united way grand rapids mi animal shelter volunteer kent county animal shelter grand rapids mi summer camp volunteer springhill camps evart mi skills academic arts critical thinking forms international business latin meetings mentor mentoring psychology teaching therapeutic interventions unique
SALES,BUSINESS-DEVELOPMENT,sales professional summary experienced manager excellent client project management skills action oriented strong ability communicate effectively technology executive business audiences analyst extensive experience microsoft office proficiencies include microsoft word microsoft outlook effectively multitask challenging situations meet critical deadlines self motivated work well independently need little supervision core qualifications excellent comprehension retention skills work short deadlines pressure offering fresh perspective customer service needs computer technical literacy strong organization skills ability plan ahead always thorough job articulate persuasive present ideas public expert creative problem solving education professional placement customer needs assessment experience appointment scheduling contract negotiation review drafting change management advertising business development marketing multi task management project management sales statement billings weekly payroll experience sales company name city state sales firearms accessories developed tool track monitor personal sales opportunities deals progress finished contracts responsible implementing business building relationship building expectations uniquely assigned accounts customers took daily inbound calls key entered orders faxes backorders credit memos assigned accounts clients consistently met exceeded department expectations productivity accuracy levels developed promotional programs optimize revenue levels co owner manager company name city state palace pet grooming hwy ste oakhurst ca defined strategies business plans palace pet grooming directed strategic initiatives achieve strong business plan launched inspired husband wife dream created business model still thriving day created sales strategies promote advertising offerings motivate larger deals completed strategic competitive analysis assessing strengths weaknesses competitors worked effectively heavily cross functional fast paced environment developed innovative product solutions grounded clear understanding customer needs spearheaded creation blogs social media content produced engaging online marketing campaigns led concept development organized sales operations resources correctional officer company name city state maintain security within institution oversee health safety staff prisoners patrol inspect units yards buildings prisoners prisoner property clothing etc ensure welfare safety security maintain surveillance grounds foot vehicle perform inspections searches premises cells checking contraband compliance regulations conduct searches prisoners visitors observe prisoners directly indirectly visual audio video monitoring ensure physical safety prisoners staff public monitor radio transmissions staff order respond immediately calls security support needed provide escort security visitors comply enforce security procedures equipment supplies operate control room monitor gates cameras alarms video terminals enforce institutional rules standard operation procedures sop initiate segregation disciplinary procedures perform enforcement activities compliance department policies explain rules procedures facility individual group prisoners understand expectations consequences supervise prisoners maintain general order daily activities work assignments programming monitor inmate phones mail etc apply appropriate level force accordance policies ranging verbal warnings physical presence use soft hard restraints extreme cases deadly force maintain order discipline dormitories shops work details recreational activities report infractions rules handle unruly violent prisoners using minimum necessary force perform head counts prisoners confirm inmate identity conducting facility count compile data necessary written incident required reports stabilize provide backup emergency situations protection public staff prisoners situations aggressive behavior fights riots disruptive behavior escape attempts fires accidents medical emergencies education high school diploma general studies automotive technology yosemite high city state general studies automotive technology universal technical institute city state professional affiliations past experience years combined skill commercial truck driver everything local route work sanitation engineer construction material delivery long haul otr driver well listed ten years paid call firefighter pcf madera county function one many things learned duties radio dispatch protocol accomplishments instrumental instituting new scheduling practice streamlined booking process results new scheduling procedure increased booking appointments booking month booking every weeks years developed new advanced payment option clients pre pay onto debit style card choose set amount funds option get percentage discount taken booking year cards reload anytime creative plan drastically increased predictability income variables skills event management promotion leader strong negotiation skills team building team leadership
CONSULTANT,PUBLIC-RELATIONS,consultant summary accomplished results driven marketing sales manager professional extensive experience new business development branding customer relations account people management training development new emerging traditional media leverages practical experience strong communication skills working well levels organization possesses proven track record turning underperforming business units profit centers creative thinker reliable producer drives strategic initiatives conceptualization implementation highlights business turnarounds b b b c expertise consistently executes objectives account management supervisory management excellent presentation skills project management analytical ensure successful strategy social media nimble highly creative visionary capabilities experience consultant current company name city state founded company earned profits quickly cold calling client following bringing new ideas new emerging media mix e g social media online marketing campaigns handled coordination day day company operations people management training strategic planning marketing strategy development local regional major account management development implementation specialized marketing programs strategies budgeting vendor procurement client relations stayed abreast marketing advertising trends negotiated media buying saving clients money e g saved one client maximized clients financial investment developed implemented strong online strategies including social media mixed traditional media clients marketing efforts earned client loyalty increased revenues created award winning websites commercials print designs packaging developed series national public service announcements garnering massive media attention additional experience time warner cable media sales chatsworth california television advertising account manager hired new position expand local regional business learned executed television media advertising logistics scratch transformed zero billings billings exceeded performance representatives less one year generated clients cold calling efforts educating prospects value ease television advertising oversaw production worked managed producers clients earned confidence clients defining strategies ensure proper budget management setting expectations well researching collecting demographic information ad campaigns los angeles daily news los angeles california advertising account manager sold newspaper advertisements local accounts cold calling efforts tripled revenue underperforming territory first year promoted second underperforming territory quadrupled revenue local business handled accounts daily met hourly deadlines made presentations clients created special sections insert paper creative selling efforts participated layout ad copy reviewing proofs clients managing production art staff training sales reps planned advertising campaigns clients daily pilot costa mesa california advertising account manager sold newspaper advertisements local regional accounts cold calling efforts increased billing three months handled accounts daily met hourly deadlines made presentations clients created special sections insert paper creative selling efforts convinced agencies national advertisers advertise small local newspaper recognized consistent top performer broke sales records served president public speaking organization ambassador costa mesa chamber commerce south county news mission viejo california account executive entrusted growing challenging accounts several months company turned profit center created sections sell generated new revenue affiliations women cable telecommunications wict los angeles california president southern california chapter managed senior level entertainment executives local chapter board directors assigning delegating responsibilities executed several events aligned organization mission statement develop women leaders transform industry raised money chapter host events members developed comprehensive package sponsorship opportunities demonstrated great cost savings sponsors securing funds run chapter tripled membership secured high value creative sponsorships met exceeded objectives required national association vice president southern california chapter assisted president running chapter securing sponsorship dollars helped create launch formal mentoring program served formal mentor secured funds sponsorships sold large corporations including disney abc time warner sponsorship chair southern california chapter formalized structure sponsorships assigned teams raise money secured funds events education b marketing vanguard university city state professional development public speaking toastmasters international networkers costa mesa chamber commerce advertising vanguard university publications manire speak current ongoing blog women cable telecommunications wict multichannel news university public perceptions study commissioned vanguard university computer skills microsoft office excel word powerpoint iwork numbers pages keynote quicktime quickbooks tweet adder adobe readers gotomeeting join preview skype
TEACHER,ARTS,teacher experience teacher company name city state implement instructional activities contributing meaningful learning experiences prepare syllabi detailed lesson plans based course standards objectives communicate effectively orally writing students parents professionals regular basis established maintained cooperative working relationships students parents co workers collaborate peers enhance instructional environment current social services specialist company name city state ensure new mothers necessary supplies resources needed safe newborn discharge arrange newborn maternal appointments primary providers follow care coordinate assess evaluate patients specific needs facilitate discharge planning provide community referrals agencies resources ensure continuity care prepare case records including nature problems patient family needs final disposition patient referrals services arranged patient arrange required durable medical equipment ensure patient continuity care social work intern company name city state supervision coordinate assess evaluate patients specific needs facilitate discharge planning supervision provide community referrals agencies resources ensure continuity care supervision prepare case records including nature problems patient family needs final disposition patient referrals services arranged patient education training may bachelor arts psychology warner university city state psychology bachelor arts social work nova southeastern university city state social work present master science forensic psychology legal systems southeastern university city state forensic psychology legal systems master social work clinical progress student athlete softball scholarship received bright futures scholarship maintained gpa required naia student athlete honors alpha lambda delta honors society phi alpha honors society pi gamma mu honors society magna cum laude honors society dean list academic conference team skills discharge planning lesson plans evaluate patients supervision activities honors national association social workers nasw vice president social work psychology student association warner university phi alpha chapter president
ARTS,BPO,senior network security engineer professional summary overall years experience network security engineering includes strong hands experience palo alto firewalls cisco asa firewalls check point firewalls along comprehensive working knowledge load balancers wireless networking vmware data center management areas expertise include designing manageable networks threat prevention management routing switching troubleshooting network performance issues documentation overall years experience network security engineering includes strong hands experience palo alto firewalls cisco asa firewalls check point firewalls along comprehensive working knowledge load balancers wireless networking vmware data center management areas expertise include designing manageable networks threat prevention management routing switching troubleshooting network performance issues documentation skills eigrp ospf bgp route redistribution acls policy based routing nat pat switching hsrp vrrp glbp vlans vtp link aggregation lacp pagp stp pvst firewalls palo alto cisco asa check point routers cisco routers catalyst nexus asr asr switches cisco switches nexus series series catalyst series series security concepts app id user id wildfire globalprotect url filtering blue coat proxy pki ssl decryption ike ipsec hip checks site site vpns load balancers f big ip ltm gtm citrix netscaler wireless networking cisco meraki aruba clear pass cisco wlan wireless aps x b g n ac software applications panorama cisco ios nx os smart dash board vmware tools splunk solar winds sevone wireshark ms visio lucid chart bmc remedy routing eigrp ospf bgp route redistribution acls policy based routing nat pat switching hsrp vrrp glbp vlans vtp link aggregation lacp pagp stp pvst risk management processes analysis firewalls palo alto cisco asa check point routers cisco routers catalyst nexus asr asr switches cisco switches nexus series series catalyst series series security concepts app id user id wildfire globalprotect url filtering blue coat proxy pki ssl decryption ike ipsec hip checks site site vpns load balancers f big ip ltm gtm citrix netscaler wireless networking cisco meraki aruba clear pass cisco wlan wireless aps x b g n ac software applications panorama cisco ios nx os smart dash board vmware tools splunk solar winds sevone wireshark ms visio lucid chart bmc remedy work history senior network security engineer current company name city state worked layer switching vlans trunking technologies spanning tree protocols worked cisco switches routers including physical cabling ip addressing wide area network configurations performed troubleshooting tcp ip related problems connectivity issues performed troubleshooting resolved layer layer issues established network specifications conferring users analysing work flow access information designing router administration interface configuration routing protocols established redundancy network evaluating network performance issues including availability utilization throughput latency created network diagrams documentation design using documentation tools like ms visio maintained network performance network monitoring analysis performance tuning escalating support vendors network security engineer company name city state network engineer company name junior network engineer company name education master degree computer science wright state university state computer science bachelor degree electronics communications jntu electronics communications skills ad ads anti virus antivirus aps basic bgp cabling cli cisco cisco cisco ios cisco cisco routers citrix content encryption client decryption designing dhcp disaster recovery documentation eigrp engineering support ethernet event management fast features firewalls firewall frame relay ftp gateways gateway gui ids inspection ip lan logging loss prevention mac managing access mail migration enterprise nac network access control nac network administration network servers network networking networks next os optimization ospf pci policies policy analysis protocols proxy requirement router routers routing servers snmp ssl switches cisco switches tcp ip technical support technical assistance technical documentation troubleshoot troubleshooting upgrades upgrading view vpn visio vm web servers wide area network wan wireless lan certifications ccna ccnp palo alto ace
SALES,APPAREL,sales associate highlights computer proficiency client relations experience sales associate october current company name city state responsibilities assist store management merchandising store accordance company directed standards supervise sales staff generate sales effective sales techniques approved customer service practices maintain current knowledge product apply servicing customer sell merchandise assist store manager assistant manager ensure store school inventory account ready supervise staff absence store manager assistant manage assist training sales staff company policies procedures particular selling techniques ensure staff well versed company directed customer service practices comply company directed policies procedures relate store operations receiving merchandise store opening closing cash register transactions daily cash reconciliation inventory control maintain security store understand operations store security system skills used participated various incentive programs contests designed support achievement production goals worked independently part team achieve numerous objectives described use operation merchandise customers received processed cash credit payments store purchases opened closed store including counting cash opening closing cash registers creating staff assignments used pos systems accurately take orders receive payments sales associate march february company name city state responsibilities assist store management merchandising store accordance company directed standards supervise sales staff generate sales effective sales techniques approved customer service practices maintain current knowledge product apply servicing customer sell merchandise assist store manager assistant manager ensure store school inventory account ready supervise staff absence store manager assistant manage assist training sales staff company policies procedures particular selling techniques ensure staff well versed company directed customer service practices comply company directed policies procedures relate store operations receiving merchandise store opening closing cash register transactions daily cash reconciliation inventory control maintain security store understand operations store security system skills used participated various incentive programs contests designed support achievement production goals worked independently part team achieve numerous objectives described use operation merchandise customers received processed cash credit payments store purchases opened closed store including counting cash opening closing cash registers creating staff assignments used pos systems accurately take orders receive payments team member cashier february december company name city state responsibilities participated various incentive programs contests designed support achievement production goals worked independently part team achieve numerous objectives described use operation merchandise customers received processed cash credit payments store purchases opened closed store including counting cash opening closing cash registers creating staff assignments used pos systems accurately take orders receive payments skills used assist store management merchandising store accordance company directed standards supervise sales staff generate sales effective sales techniques approved customer service practices maintain current knowledge product apply servicing customer sell merchandise assist store manager assistant manager ensure store school inventory account ready supervise staff absence store manager assistant manage assist training sales staff company policies procedures particular selling techniques ensure staff well versed company directed customer service practices comply company directed policies procedures relate store operations receiving merchandise store opening closing cash register transactions daily cash reconciliation inventory control maintain security store understand operations store security system administrative assistant receptionist august january company name city state responsibilities drafted meeting agendas supplied advance materials executed follow meetings team conferences managed receptionist area including greeting visitors responding telephone person requests information designed electronic file systems maintained electronic paper files maintained front desk reception area neat organized fashion received screened high volume internal external communications including email mail skills used mathematical aptitude customer service oriented ms office proficient pos systems exceptional customer service cash handling accuracy excel spreadsheets excellent communication skills understands grammar flexible schedule education ba communications university phoenix city state us ba communications marketing sales university phoenix phoenix az professional affiliations team member cashier presentations team conferences skills sales marketing sales cash customer service point sale pos pos systems receptionist retail sales cash register closing credit effective sales generate sales incentive programs inventory inventory control merchandising sales operations payments reconciliation sales staff sales techniques sales security selling techniques sales training associate sales associate administrative assistant cash handling excel excellent communication skills file file systems front desk greeting ms office telephone cashier client relations
CONSTRUCTION,BANKING,loan assistant commercial construction real estate small business loans summary obtain position banking lending field emphasis customer service provide added value company clients time seeking challenges gain knowledge experience career years experience customer service years experience commercial real estate lending years experience working distressed workout loans years sba loan experience motivated self starter strong organization communication customer service skills highlights microsoft windows excel word outlook alchemy loan file database files loan file program fidelity ability grow adapt fast paced environment excellent verbal written communication skills strong leadership organizational skills effective time management multi task capabilities experience current loan assistant commercial construction real estate small business loans company name city state primary point contact customer throughout loan closing process prepare proposal letter checklist borrowers approved new loan collect manage necessary due diligence order appraisals environmental phase reports related loan work closely documentation disbursement teams review loan documents prepare closing package borrower work closely title companies title engagement requests review closings manage operations procedures process payoffs releases tax payments title liens etc input manage track update ticklers pipeline loan file management tracking loan file documentation process adverse action files denied withdrawn paperwork pipeline process material change forms loan extensions downgrades loan assistant loan workout portfolio company name city state maintenance security sale real estate properties obtained foreclosure managing expenses invoices oreo properties loan file management payoffs releases ticklers due diligence taxes title tracking loan file documentation workout activities including limited foreclosure deed lieu short sales work directly attorney throughout foreclosure process process loan payments assistant vice president senior lending assistant special credits company name city state work directly fdic resolve distressed commercial real estate loans workout activities involving collateral collection repossession sale oreo property liquidation order necessary reports condition title preparation pre litigation analysis preparation pre litigation referral analysis preparation asset management cases associated documentation assistant vice president commercial real estate lending assistant company name city state served primary relationship contact commercial real estate loan customers assist loan proposal preparation complete due diligence approved commercial real estate loans work directly auditors internal external quarterly house annual audits monitor commercial real estate loans ensure compliance contract terms conditions assist oversee preparation loan documents worked directly assist loan officers special projects assigned commercial real estate administrative assistant company name city state customer service liaison loan officers customers preparation loan documentation including closing funding loan proceeds calculation loan amounts set new loan worksheets loan payments quoted loan payoffs received processed incoming loan payments set loan files including ticklers loan file management store area manager company name city state customer service developed implemented managed programs achieve retail objectives regarding sales revenue expenses inventory control customer service trained supervised motivated evaluated staff employees facilitated individual goal setting conducted performance evaluations store manager company name city state developed implemented managed programs achieve retail objectives regarding sales revenue expenses inventory control customer service directed recruitment retention staff trained supervised motivated evaluated staff employees facilitated individual goal setting conducted performance evaluations coached sales teams ensure sales quotas achieved education certificate successful completion nursing assistant program nur anatomy physiology psychology paradise valley community college city state anatomy physiology psychology certificate fashion display coordination business accounting marketing saddleback community college city state business accounting marketing diploma laguna hills high school city state successful completion financial analyst tax analysis preparation course skills asset management attorney closing excellent customer service customer service data entry database documentation due diligence fashion fast file management financial analyst forms goal setting inventory control leadership litigation loan documentation managing excel outlook windows word nursing organizational skills proposal proposal preparation real estate recruitment retail sales tax taxes time management written communication skills
HR,ADVOCATE,hr senior specialist career overview dedicated service representative professional motivated maintain customer satisfaction contribute company success core strengths excel data entry systems outlook microsoft systems amisys access able master process apply new skills concepts quickly customer service expert telephone inquiries specialist courteous demeanor accomplishments customer assistance worked company systems live support diligently completed assigned tasks working overtime needed customer service researched calmed rapidly resolved client conflicts prevent loss key accounts work experience hr senior specialist current company name city state health insurance benefit specialist administrative xerox corporation xerox leader bpo outsourcing across variety industries public sector thousands companies rely xerox help improve processes manage client operations focus core business duties provide administrative support functions relating personnel retirement benefits special projects specific responsibilities assist participants questions regarding medicare medicaid questions eligibility specific state guidelines qualify medicare medicaid explain health insurance coverage primary doctors specialists hospitals treatments covered medical insurance medicare medicaid covers explain changes insurance choice keep date changes health insurance coverage processes changes responsible processing calculating retirees pension educate participants retirement plan benefits handle inbound outbound calls team handle administrative tasks associated calls work special projects including corrections payment setups tax forms r requests process commencement retirees package process pension calculations educate retirees different payment options offered answer questions regarding health insurance offered retirees type coverage entitled provide support supervisor team meetings preparing issues concerns discussed take minutes meeting significant achievement received certificate excellent award self development going beyond call duty skilled conducting interviews hiring process mentored team members phone etiquette score high quality monitoring worked administrative assistant million international consumer bank operating continents member claims representative company name city state provided support bilingual unit supervisor absence provided assistance guidance new bilingual hired performed activities designed establish maintain positive productive relations amerigroup network providers specific responsibilities facilitated care coordination members critical care needs medicaid population worked special projects assigned director customer service department projects included providing administrative support vice president assistant vice president outbound director inbound director absence vacation secretaries assisting following executive secretary assistant company name city state amerigroup corporation reporting call center directors executive vp gm responsible performing advanced diversified confidential secretarial administrative duties requiring broad comprehensive experience skills knowledge organization policies practices primary duties included limited write routes confidential correspondence screened handled distributes incoming phone calls complaints maintained confidential correspondence general files orders supplies coordinated travel plans prepared submitted expense reports compiled distributed meeting minutes collates assembles materials makes arrangements meetings presentations prepared forms reviewed documentation conformance internal policies procedures utilized various software packages spreadsheet word processing data base internet prepare presentations documents researched verified prepared reports created maintained databases coached new hires handling supervisor escalated calls provided assistance escalated line followed resolved members concerns complaints order maintain members satisfaction claims provider representative responsibilities included responding inquiries providers network well network handled issues related members benefits claims resolution appeal status administrative secretary company name city state signature group market leader signature group million direct marketing company serving many recognized customer service companies america acquired equity interest consumers car club leading provider vehicle buying ownership products services since duties managed project prepared various reports planned arranged conference calls scheduled meetings training classes arranged travel accommodations managers also performed general clerical tasks specific responsibilities provided administrative support center manager inbound unit various customer service teams supervision well training department provided administrative support center manager outbound unit human resources dept managed incoming correspondence scheduled conferences made travel arrangements prepared training material used class filing ordered supplies processed invoices prepared expense reports receipts managed attendance vacation schedules personnel records maintaining extreme confidentiality performed telephone interviews bilingual candidates executive complaint professional company name city state served consumer advocate chief executive officer responsibility included serving liaison company government agencies like better business bureau attorney general offices successfully retained customers calling complaint company products employees resolved company issues phone correspondence responsible establishing contact internal key managers order resolve customer concern maintained direct contact regional directors chain stores jurisdiction obtain results behalf customer responsible submit report complaints received phone mail ceo review input reported open complaints awaiting resolution closed complaints details resolved complaint reported complaints escalated attorney general office better business bureau significant achievements processed complaints month executive level customer complaint resolved satisfactorily turned retained customers executive complaint professional company name city state educational background associate applied science secretarial science laguardia community college applied science secretarial science tidewater community college interests church god ebenezer director multi media church real time translator also translate utilizing translation devices church bookkeeper assistant languages fluent english spanish skills administrative administrative assistant administrative support attorney benefits call center clerical conferences client customer service data entry databases data base direct marketing documentation fluent english equity filing focus forms general office government hiring human resources insurance director market materials meetings access excel mail outlook network personnel policies presentations processes quality reporting secretarial spanish spreadsheet supervisor supervision tax telephone phone phone etiquette travel arrangements type word processing additional information volunteer work church god ebenezer director multi media church real time translator also translate utilizing translation devices church bookkeeper assistant
APPAREL,BUSINESS-DEVELOPMENT,sales consultant summary talented sales professional effectively multi tasks balances customer needs company demands efficiently builds loyalty long term relationships customers consistently reaching sales targets accomplishments golden eagle award winner golden eagle award winner awarded service star award providing excellent customer service trained business development proven sales track record accomplished relationship selling adept closing sales ms office proficiency iowa territory specialist north american monthly sales mvp experience sales consultant november current company name city state proactively manages day day activities supervision team customer service representatives responsible targeted results customer retention route sales r collection answered customers questions regarding products prices availability responded customer inquiries timely manner collaborated members departments complete sales transactions golden eagle award winner march north america sales mvp time k club member proactively sought new customers secured new sales company expanded market share converting prospective clients new customers providing solutions business needs efficiently prospected landed new customers securing strong presence company within assigned area operations supervisor november april company name city state delighted customer offering simple yet superior level personalized professional service ensured inviting environment customers fellow team members maintaining neat clean store exemplified clean stock store priorities maintained proper procedures cash handling back end processing merchandise led store shrink safety awareness program advised store team leaders unusual activities unsafe practices directed associates participated setting store planograms validated store merchandising standards including data integrity maintained times monitored operational reports identify opportunities improved execution implementation senior communications consultant february june company name city state provided immediate supervision group employees assigning tasks checking work periodic intervals maintaining schedules possessed enthusiasm necessary motivate dedicated sales team meet exceed sales objective maintaining competitive fun work environment responsible operations sprint nextel retail store familiar aspects wireless retail including hiring scheduling training marketing loss prevention team leadership keeping date local competitor services primary point contact employees retail store well customer requiring extra attention achieve sales goals led team inside sales outside events outbound marketing developed team approach problem solving encouraged personal development employees led example responsibilities also included ensuring employees trained date features operation equipment accessories worked member management team high traffic retail environment created outbound sales marketing presentations prospective business clients awarded service star award providing excellent customer service performed opening closing retail duties including reconciliation cash tills education bachelor marketing university nebraska city state us bachelor degree marketing may university nebraska lincoln nebraska b b marketing b b marketing professional affiliations time k club presentations created outbound sales marketing presentations prospective business clients skills sales award clients marketing market share model view presenter mvp new sales sales consultant sales solutions retail retail marketing operations cash exceed inside sales loss prevention problem solving sales goals sales team scheduling training wireless wireless retail marketing closing customer service receptionist reconciliation retail sales sales r collection customer inquiries route sales service center business development closing sales monthly sales ms office sales professional sales targets territory back end cash handling data integrity merchandising
AGRICULTURE,ENGINEERING,conservation technician maintenance summary build career local community improve skills biological science field skills microsoft word documents excel spreadsheets power point presentations experienced arc geographic information systems experience conservation technician maintenance company name city state worked previously retail environments tend fast paced high energy work requiring close attention detail able lift heavy loads standing long periods time responding customers friendly positive attitudes previously employed position head cashier home depot located frederick maryland primary responsibilities ensure customer needs met checkout returns special service department prodesk registers train coach new existing cashiers also responsible creating editing schedule accommodate needs sales flow acquired multi tasking customer service management skills previous employment opportunity directly applicable conservation technician responsible openings closing procedures park regular upkeep park buildings structures roadways picnic camping areas primary goals position position requires array knowledgeable skills areas carpentry plumbing masonry heavy equipment operation general mechanic conservation technician maintenance company name city state conversation technician responsible opening closing procedures park regular upkeep park buildings structures assisting staff summer programs park visitor events goal position position requires technician exposed severe weather conditions operate heavy equipment operate state vehicle knowledgeable areas plumbing electrical hand power tools wood cutting requires employee regularly maintain service equipment field technician larvicider company name city state technician records site survey assessment performs quality checks biological control agents applications technician collects records processes data pertaining environment pesticide concentration including targeted non targeted species indigenous treatment area technician responsible use state department motor vehicle safe manner public roadways within state times education training may bachelor science shepherd university city state completed summer capstone research project totaling hours logged work team building outdoor education programs claude e kitchen fairview outdoor school blair valley wildlife management area western maryland department natural resources field office located clear spring maryland robinwood drive hagerstown md hagerstown community college associate science interests strong work ethic positive attitude recipient retail monthly recognition numerous times eagle scout award highest honor boy scouts america excellent youth young adult leadership guide experience frequently performs community volunteer work american red cross chesapeake bay foundation skills attention detail carpentry cashier closing coach customer service editing equipment operation fast information systems team building management skills masonry mechanic excel spreadsheets office power point microsoft word multi tasking natural resources plumbing power tools presentations processes quality research retail sales technician additional information strong work ethic positive attitude recipient retail monthly recognition numerous times eagle scout award highest honor boy scouts america excellent youth young adult leadership guide experience frequently performs community volunteer work american red cross chesapeake bay foundation
APPAREL,HR,substitute teacher summary seeking administrative position professional experience education allow make immediate contribution integral part progressive company require apply knowledge assist company accomplishment goals develop excellent work environment extensive background hr generalist affairs including experience recruitment retention staff development mediation conflict resolution benefits compensation highly knowledgeable hr policies development legal compliance ability balance books handle finances responsible manner effectively developed team building programs including writing personal manuals corporate policies job descriptions management reports bilingual fluent spanish english experience substitute teacher december may company name city state prepare classwork based lesson plans established primary teacher demonstrate versatility methods instruction understanding lesson development plan demonstrate understanding adopting school cultural practices observing teachers adapting quickly work environment ability manage time teachers students within adopting school schedule frequently substituted teachers esl esol spanish elementary level special education classes managed selected paraprofessional students special needs genesis tcm corp orlando fl human resources manager january july prepared handled assignments employees establishing conducting orientation training program maintained work structure updating job requirements job descriptions positions created updated comprehensive employee recruiting strategies supplement staffing attract talented candidates audited workplace ensured employee management policies procedures followed controlling cost ensuring exceed budgets updated key human resources metrics including turnover termination using reporting tools hrms database store manager december july company name city state managed administered entire store included human resources payroll budget planning educated advised employees group health plans voluntary benefits k retirement plans fmla fsa pto hipaa work compensation benefits responsible interviewing new employees facilitated new hire orientation direct personnel training labor relations activities identifying vacancies post open job screen match applicant open positions background reference checks providing leadership management coaching monitoring direction employees achieve targets maintaining personal file employees updated keeps tracking record attendance responding letters emails general correspondence providing clerical administrative support staff human resources department handling employee full final settlement exit interviews process responsible preparing developing loss prevention meetings special assignments xthepanie club restaurant san juan pr general manager partner may january responsible daily operation restructuring tasks throughout day assisting day day hr related questions provided leadership direction new strategies process staff hands operational management recruited hired trained retained high quality select employees developed new strategies control inventory reduce inventory shortages planned special events parties accordance company policies client needs coordinated meeting new clients vendors ensure daily tasks schedule managed set operating budget followed daily operating numbers education real estate institute trei city state sales associate frec pre licensing sep b b management may university turabo ut suagm city state management b journalism may universidad del sagrado coraz n usc city state journalism type personal name type personal name skills administrative support benefits budget planning budgets budget clerical coaching client clients database direction special events fsa human resources hr instruction inventory labor relations leadership lesson plans letters loss prevention meetings payroll personnel policies pr quality recruiting reporting sales san spanish staffing teacher type
DIGITAL-MEDIA,APPAREL,digital project manager highlights html css ms office magento simparel active collab visuality pro familiar google analytics photoshop axure ftp systems managed integrations kwi blue cherry avalara smart focus exact target quiet logistics bergen logistics pay pal authorize net international checkout experience digital project manager current company name city state liaison creative marketing studio e commerce divisions reporting directly studio director route creative assets tommy com including bi weekly site refreshes blog posts global campaign initiatives serve main point contact creative teams third party agencies internal departments special site projects paid digital advertising projects well requests wholesale company stores manage day day priorities team designers house developer established efficient work flow processes spearheading alignment us global creative teams e commerce project manager company name city state managed day day business functional technical enhancements e commerce platforms multiple fashion brands spanning product management third party integrations spearheaded projects work cross functionally designers developers third party agencies drive innovation best practice meeting business goals time budget operational responsibilities included product uploads product merchandising content management generating analyzing reports interacting logistics fulfillment centers well third party vendors managed site builds redesigns added functionality features liaised clients designers developers projects ensure project requirements goals thoroughly accurately translated parties spearheaded multiple integrations erp pos systems payment gateways email service providers tax compliance vendors worked closely marketing design teams help create assets content marketing campaigns headed client meetings coordinate multiple tasks project deadlines using project tracking tools adjust schedules based new inquiries fluctuating needs account executive company name city state developed implemented business strategies new dress brand reporting directly president held responsible specialty account business grew account base one year generating additional sales operational logistical responsibility company including order management coordinating finance team communicating delivery changes accounts merchandised deliveries design team provided design direction based sales analysis represented brand regional markets managed regional reps dallas atlanta las vegas nyc account executive company name city state managed specialty store business annual volume million reporting directly president sales ceo grew account base generating additional sales yearly consistently exceeded seasonal goals contributed million european private label sales analyzed sales plan year year reporting feedback president sales creative director ceo represented company trade shows regional markets nyc las vegas dallas consistently exceeded show goals presented new collections best sellers private label buyers selected prints fabrics match storyboards communicated needs fabric research development team well print design team ensure maximized possibilities sales success sales associate company name city state assisted marketing selling internal operations across portfolio licensed private label eyewear brands including david yurman cole haan betsey johnson leiber eyewear cache ann taylor opened new specialty accounts resulting additional sales education general assembly front end web development university kentucky bba marketing fashion merchandising marist college marketing fashion merchandising skills net photoshop advertising budget bi business strategies com content content management creative director css client clients delivery direction e commerce email erp fashion features finance focus ftp functional gateways google analytics html innovation logistics director marketing meetings merchandising ms office developer order management pal pos print design processes product management reporting research selling sales sales analysis tax compliance trade shows web development
PUBLIC-RELATIONS,HR,market analyst promoted assistant director brand strategy professional summary dear cristina team second found position found extremely excited knew right away something part something deeply regret try looking really start career involved something grow invest long term see customer marketing coordinator position excited opportunity zendesk marketing company supporting entire staff demographic research target market campaigns enjoyed marketing aspect always thought find back somehow consider lucky part amazing company put best effort everything given know zendesk place want responsible coordinating every interview within san francisco office greeting candidates onsite maintaining organized status database well main responsibilities also managed office expansion filled administrative duties needed pleasure assisting planning holiday party well team activities love recruiting much personable interaction daily basis different backgrounds different personalities privilege trained always poised appropriate response every situation guidelines utmost professionalism every phone screen reference call email person interview recently opportunity visit college campuses promote zendesk realized much enjoy educating others making believe found perfect company ready perfect position combines everything love excel planning coordinating evangelizing history marketing current role used supporting entire team entire company manage multiple projects highly dependable extremely detailed zendesk made passionate professional would love opportunity promote vision customer love best regards zendesk looking recruiting program associate ready wear multiple hats within recruiting ideal associate skilled areas project management event planning vendor university relations budgeting training person glue recruiting day day operations operate cross functionally across global organization external vendors order ensure hitting hiring goals keeping eye cost per hire course candidate experience responsibilities partner recruiting manager efforts drive talent acquisition results period high growth serve point contact headcount matters maintain relationships external vendors agencies promote manage employee referral program demonstrate subject matter expertise comes ats linkedin work human resources manage immigration needs new hires existing staff coordinate job board postings manage maintain ats run reports organize job descriptions add delete employee access etc assist recruiting manager tracking department budget roi plan organize recruiting events college fairs hackathons meet ups assist reference calls needed manage new hire background check process collaborate human resources ensure seamless candidate boarding educate new hires hiring managers zendesk recruiting process create ad hoc reports presentations needed required years experience human resources recruiting administrative role years experience working ats jobvite preferred basic understanding recruiting world tools processes data drive talent acquisition passion driving best class candidate experience ability maintain confidentiality demonstrated success developing relationships stakeholders across organization exceptional service oriented attitude strong written verbal communication skills track record successfully able manage multiple projects multiple deadlines multiple owners high attention detail organizational skills demonstrated integrity maturity professionalism sensitivity comfortable ambiguity bachelor degree related experience clear jamie responsible point contact headcount matters meaning question whether hm seat open timing filling seat according finance please check jamie first core qualifications pitney bowes mapinfo including targetpro mapmarker predcitive analytics software geoscape market intelligence software nielsen primelocation market structure segmentation software microsoft office word excel powerpoint cision media services workamajig jobvite zendesk experience current company name city state maintain relationships external agencies need approve new agency contract agency playing rules seek jamie help jamie work legal get new contracts approved manage maintain jobvite recruiters still responsible drafting opening reqs within jobvite send req jamie approval jamie insure integrity data ats follow recruiters candidates hanging without disposition assist pulling reports various metrics jamie also responsible adding deleting employees jobvite access promote manage employee referral program questions whether employee getting credit questions program timing payment etc sent jamie also jamie monitoring referrals closely please stick sla getting back referrals within business days submitted consideration jamie responsible pointing stale referrals contacted recruiters monitor job board postings recruiters still responsible postings jamie monitor insure li job slots full stale etc please see jamie new posting ad like place collaborate hr ensure seamless candidate boarding means jamie touch hr inform us issues background check clearing also monitor reference calls process ensure calls made documented within jobvite addition jamie also continue assist presentations event planning tracking budget educating new hires recruiting processes market analyst promoted assistant director brand strategy company name city state data visualization demographics assistant ceo team twenty performed market analysis metro pcs comcast develop mico marketing campaigns used psycho graphic anddemographic research identify trends consumer behavior develop brand strategy responsible evaluating target market clients providing analysis effective marketing strategies performed research built models numerous micro marketing campaigns nationwide converted raw statistical data useful actionable information clients company name city state responsible creating media lists public outreach facilitated organized focus groups numerous clients compiled earned media portfolios clients organized product based hit books worked members media daily basis company name city state helped prepare stimulus materials child reach age appropriate development implementing son rise program autism treatment center america communicated case directly consulting therapist parents participated team clinics training meetings workshops develop maintain date therapeutic interventions education bachelor arts sciences psychology sociology french studies university portland city state france psychology sociology french studies dean list personal information hope clarifies jamie role items work directly let know questions detailed skills administrative ad agency autism brand strategy budget consulting contracts credit clients data visualization drafting event planning facilities management focus graphic hr legal mapinfo market analysis marketing strategies marketing market materials meetings access excel microsoft office powerpoint word presentations processes recruiting research sla phone therapeutic interventions vision workshops additional information hope clarifies jamie role items work directly let know questions detailed
HEALTHCARE,ARTS,owner summary results oriented individual diverse background management customer service dedicated providing excellent customer service strong work ethic professional demeanor great initiative highlights microsoft office proficiency employee training development schedule management results oriented dedicated team player resourceful bilingual language arts crafts aptitude meeting planning scheduling concierge duties operations management marketing sales specialist excellent interpersonal coaching skills recruiting selection techniques interviewing staff development training internet savvy able work independently member team comfortable diverse populations excellent relationship building skills excellent writing critical thinking skills interpersonal oral written communication skills clear public speaking skills strong organizational skills seasoned conflict resolution customer oriented social media marketing event planning strong planning skills supervision training client relations specialist exceptional writing skills event planning microsoft office suite dedicated team player certified early childhood education classroom management parent teacher conferences behavioral cognitive skills development teaching tutoring counseling effectively work parents motivating students interactive teaching learning innovative lesson planning conflict resolution techniques calm patient curriculum development excellent classroom management excellent reading comprehension accomplishments customer service handled customers effectively identifying needs quickly gaining trust approaching complex situations resolving problems maximize efficiency administration performed administration tasks filing developing spreadsheets faxing reports photocopying collateral scanning documents inter departmental use sales promotion planned executed promotional events market services successfully planned executed corporate meetings lunches special events medical students residents faculty program management initiated managed student technology leadership program stlp customer service handled customers effectively identifying needs quickly gaining trust approaching complex situations resolving problems maximize efficiency experience owner current company name city state non medical senior care event party planning shopping occasions wedding showers groceries etc pet house sitting administrative assistant clerk intermediate healthcare company name city state planning many aspects graduation recruitment orientation various projects throughout year responsible tracking resident evaluations compiling results monthly evaluation committee meeting ensuring residents completed required components throughout four year residency supervising various resident events registering residents required courses workshops throughout four year residency working faculty staff market promote residency program beauty consultant company name city state managed customer accounts coordinated sales promotional events tracking product inventory account management administrative assistant company name city state assist principal investigators lab personnel animal protocol information requests compile distribute track annual reviews animal labs campus participated planning orientation new committee members assisting updates approved animal protocols modifications ensure accuracy creating updating office standard operating procedures administrative specialist associate program manager company name city state laid due lack funding position administrative manager coordinator k grant funded clinical scholars training program post doctoral managed application process including advertising interviews arranging materials planned implemented aspects graduation clinical scholars coordinated meetings scheduling program events led planning two day annual symposium including marketing poster session trainees travel arrangements invitation mailing speaker arrangements administrative assistant company name city state provided administrative support family medicine clerkship working third fourth year medical students well support faculty development institute communicated students faculty physicians coordinate student assignments coordinated student manual preceptor manual updates assembly distribution semi annual basis responsible proctoring national board exam every four weeks initiated developed procedures manual clerkship academic secretary iii company name city state administrative support first fourth year medical student components main student contact participated planning organization week long comprehensive clinical assessment exam third year students assisted planning orientation third year medical students coordinated planned ongoing faculty student meetings worked closely variety departments faculty programs within medical school external sources organized prepared student syllabi schedules assignments first second year students throughout year initiated developed procedures manual job position daily office procedures education bachelor science language literature communication theater arts social science eastern michigan university city state curriculum early childhood education elementary education language literature communication theater arts social science interests planning marketing fundraising community events contributing time church community activities working elderly skills account management administrative support program management advertising marketing materials meeting planning microsoft office personnel program planning recruitment research sales supervising training symposium planning travel arrangements planning workshops
ARTS,AVIATION,executive director career overview highly motivated public servant years multitude facets include administrative management logistics management budget management emergency management quality improvement management physical personal security management antiterrorism force protection shipboard operations navigation maritime law enforcement combat readiness training instruction skill highlights problem resolution self starter collaboration coordination service orientation budget microsoft office quickbooks spreadsheets career accomplishments received various medals accommodations superior performance peace time combat units professional experience company name city state executive director administrator non profit arts cultural organization kodiak alaska actively pursued funding sources private governmental continuous interaction community local state federal agencies arts education cultural programming remote island community promote organizations goals public forums advertisement marketing use media brochures various online media outlets aggressively realigned organizations strategic plan current near future goals directly responsible grant applications process creation reporting managed grants state local sources sole administrator kodiak arts council required understand provisions grants promulgated administered annual art grants community members effectively realized percent increase patrons use underutilized web social network programs adapted ecological friendly system disseminate newsletters mass mailings special event notifications applied strategic plan dimensions annual budget percent increase operating funds budgeted contracted presented productions throughout year professional amateur performers directed volunteers various performances events contracted presented master classes age groups dance music continually added collaborative arts education events local cultural organizations throughout year reached served populations community video teleconferencing outlying villages workshops sought received additional funds subsidize performance tickets served students community collaborated local museums alutiiq baranov public entities u fish wildlife refuge plan art exhibitions promote collections enhance preservation exhibits company name chief warrant officer four detailed directing forward operating base personnel kuwait operation iraqi freedom ctf ctf assets deck watch officer multiple patrol boats support operation iraqi freedom liaison officer ctf oman yemen uae kuwait djibouti detailed planning executing training events sea enforcement planned directed personal protective services us foreign senior officials inconus attached ctf operation iraqi freedom directed emergency management efforts military base included civilian populace initiated background investigations base personnel provided follow reporting derogatory information coast guard intelligence center led full police force assigned provide security safety enforce federal state laws liaison local federal law enforcement agencies led oversaw investigations criminal civil cases administration leadership command enlisted advisor officer charge forward operating base kuwait managed daily routine aspects administrative support personnel assigned units administrative matters included limited travel coordination performance reviews daily event job schedule management training administration work site coordination units groups duties assigned higher authority developed implemented tracking system qualifications certifications operational units positions unit meet mission requirements trained personnel various units human resource requirements sexual harassment diversity workplace environment work life issues administered preventive maintenance program shipboard small craft foot atv systems including cranes winches pulley systems fire control systems minor machinery compressors generators etc contracting officer technical representative cotr various projects throughout military career included large cutter renovations small vessel acceptance small vessel renovations alterations cotr various contractors subcontractors recurring shipboard maintenance programs flight deck renewal interior renovations systems renovations repairs etc worked area command staff develop contract rfp various shipboard projects including flight deck renewal interior renovations systems renovations repairs small craft purchases large maintenance equipment purchases communications law enforcement officer drug interdiction alien migration interdiction maritime law enforcement domestic international fisheries enforcement counterterrorism antiterrorism strong communications public speaking senior senior instructor security officer liaison officer extensive senior level presentations foreign military officials education u coast guard certification antiterrorism force protection level ii certification excelsior college bs liberal arts bs management psychology excelsior college bs liberal arts administration management psychology focus military education command security officer course export domestic maritime training law enforcement boarding officer course ics applied suicide intervention course military experience company name chief warrant officer four united states coast guard may september chief warrant officer four bosn operations officer th crew uscg patforswa patrol forces southwest asia detailed directing forward operating base personnel kuwait operation iraqi freedom ctf ctf assets deck watch officer multiple patrol boats support operation iraqi freedom liaison officer ctf oman yemen uae kuwait djibouti detailed planning executing training events sea enforcement planned directed personal protective services us foreign senior officials inconus attached ctf operation iraqi freedom directed emergency management efforts military base included civilian populace law enforcement officer drug interdiction alien migration interdiction maritime law enforcement domestic international fisheries enforcement counterterrorism antiterrorism security officer chief police coast guards largest base initiated background investigations base personnel provided follow reporting derogatory information coast guard intelligence center led full police force assigned provide security safety enforce federal state laws liaison local federal law enforcement agencies led oversaw investigations criminal civil cases administration leadership managed administrative offices executive petty officer command enlisted advisor officer charge forward operating base kuwait managed daily routine aspects administrative support personnel assigned units administrative matters included limited travel coordination performance reviews daily event job schedule management training administration work site coordination units groups duties assigned higher authority developed implemented tracking system qualifications certifications operational units positions unit meet mission requirements trained personnel various units human resource requirements sexual harassment diversity workplace environment work life issues administered preventive maintenance program shipboard small craft foot atv systems including cranes winches pulley systems fire control systems minor machinery compressors generators etc contracting officer technical representative cotr various projects throughout military career included large cutter renovations small vessel acceptance small vessel renovations alterations cotr various contractors subcontractors recurring shipboard maintenance programs flight deck renewal interior renovations systems renovations repairs etc worked area command staff develop contract rfp various shipboard projects including flight deck renewal interior renovations systems renovations repairs small craft purchases large maintenance equipment purchases communications strong communications public speaking senior level presentation experience instructor senior instructor security officer liaison officer extensive senior level presentations foreign military officials certifications antiterrorism force protection level ii certification professional affiliations kodiak high school booster club presentations strong communications public speaking senior level presentation experience instructor senior instructor security officer liaison officer extensive senior level presentations foreign military officials skills liaison security training budget collections credit increase marketing video teleconferencing cases instructor administrative support compressors control systems fire control generators industrial machinery interior renovations maintenance preventive maintenance operations budget management logistics logistics management
BUSINESS-DEVELOPMENT,ACCOUNTANT,business development manager summary hard working energetic management professional focused customer satisfaction throughout stages sales life cycle highlights excellent communication skills energetic resolution oriented compelling leadership skills exceptional multi tasker effective retail sales manager experience business development manager september march company name resolve customer complaints regarding sales service determine price schedules discount rates review operational records reports project sales determine profitability monitor customer preferences determine focus sales efforts confer consult department heads plan advertising services secure information equipment customer specifications direct coordinate activities involving sales manufactured products services commodities real estate subjects sale confer potential customers regarding equipment needs advise customers types equipment purchase advise dealers distributors policies operating procedures ensure functional effectiveness business represent company trade association meetings promote products maintained friendly professional customer interactions shared product knowledge customers making personal recommendations administrative assistant april june company name city state direct coordinate supportive services department business agency organization prepare review operational reports schedules ensure accuracy efficiency acquire distribute store supplies analyze internal processes recommend implement procedural policy changes improve operations supply changes disposal records hire terminate clerical administrative personnel conduct classes teach procedures staff direct coordinate supportive services department business agency organization operate computers programmed accounting software record store analyze information check figures postings documents correct entry mathematical accuracy proper codes classify record summarize numerical financial data compile keep financial records using journals ledgers computers debit credit total accounts computer spreadsheets databases using specialized accounting software operate key calculators typewriters copy machines perform calculations produce documents receive record bank cash checks vouchers comply federal state company policies procedures regulations compile statistical financial accounting auditing reports tables pertaining matters cash receipts expenditures accounts payable receivable profits losses code documents according company procedures reconcile note report discrepancies found records access computerized financial information answer general questions well related specific accounts match order forms invoices record necessary information perform general office duties filing answering telephones handling routine correspondence perform personal bookkeeping services calculate prepare issue bills invoices account statements financial statements according established procedures calculate prepare checks utilities taxes payments prepare process payroll information compare computer printouts manually maintained journals determine match reconcile records bank transactions transfer details separate journals general ledgers data processing sheets complete submit tax forms returns workers compensation forms pension contribution forms government documents prepare purchase orders expense reports perform financial calculations amounts due interest charges balances discounts equity principal calculate costs materials overhead expenses based estimates quotations price lists maintain inventory records office coordinator april april company name city state confer customers telephone person provide information products services take enter orders cancel accounts obtain details complaints keep records customer interactions transactions recording details inquiries complaints comments well actions taken check ensure appropriate changes made resolve customers problems determine charges services requested collect deposits payments arrange billing refer unresolved customer grievances designated departments investigation resolve customers service billing complaints performing activities exchanging merchandise refunding money adjusting bills compare disputed merchandise original requisitions information invoices prepare invoices returned goods prepare invoices reports memos letters financial statements documents using word processing spreadsheet database presentation software answer phone calls direct calls appropriate parties take messages greet visitors determine whether given access specific individuals perform general office duties ordering supplies maintaining records management database systems performing basic bookkeeping work file retrieve corporate documents records reports open sort distribute incoming correspondence including faxes email make travel arrangements executives prepare responses correspondence containing routine inquiries prepare agendas make arrangements coordinating catering luncheons committee board meetings coordinate direct office services records departmental finances budget preparation personnel issues housekeeping aid executives provide clerical support departments manage maintain executives schedules process payroll information set oversee administrative policies procedures offices organizations supervise train clerical staff arrange employee training scheduling training organizing training material interpret administrative operating policies procedures employees april april education retail management purdue university city state usa high school diploma college preparation may bluffton high school city state usa graduated top national honor society skills key accounting accounting software accounts payable administrative billing bookkeeping calculators charts clerical commodities email fax filing financial statements general office duties government insurance inventory letters materials meetings merchandising messaging mail office equipment organizing payroll personnel copy machines coding recording retail management sales scheduling speeches spreadsheets multi line telephone employee training travel arrangements typewriter voice mail word processing
CHEF,TEACHER,kindergarten teacher professional summary energetic results oriented team player eager bring strong administrative skills growing company need top level support high performing administrative assistant extensive experience working diverse client base delivering results core qualifications microsoft office word powerpoint excel outlook inspiration software publisher software quick learner adaptable strong typing skills lifelong learner proofreading grammar strong interpersonal skills resourceful adaptable professional mature self starter self directed results oriented flexible adaptable time management meticulous attention detail experience company name city state kindergarten teacher current create engaging inquiry based lesson plans accordance district wide curriculum units following common core standards kindergarten differentiate instruction according students ability skill level work diverse student population including english language learner ell students non english speaking students delegate tasks teacher assistants volunteers establish positive relationships students parents fellow teachers well collaborate plan schedule lessons promoting learning student engagement earned positive verbal written feedback parents regarding classroom instruction student learning success received award boys girls club nashua teacher year award kindergarten company name city state k literacy math interventionist provided daily small group literacy math intervention services using researched based programs students k risk failing meet district state standards communicated effectively students progress needs established positive relationships students parents specialists fellow teachers various grade levels company name city state student teacher substitute teacher student teacher grades substitute teacher grades k high school substitute teacher hollis brookline high school company name city state director independent contractor pampered chef successfully operated home based direct sales business marketing kitchen tools home cooking demonstrations achieving top personal sales top recruiter well three expense paid trips two company name city state pharmacy technician assisted preparation filling prescriptions requiring accuracy company name city state owned operated home daycare company name city state accountant responsible entire billing cycle various government contracts requiring accuracy company name city state accountant assistant responsible entire billing cycle company name city state administrative clerk proposal preparation audit support material reconciliation company name city state secretary provide secretarial support ten administrators program manager education masters education elementary education rivier university city state usa nh elementary educator certificate k current praxis ii april sept bachelor science business management rivier university city state usa associate science administrative secretarial management nashua community college city state usa non degree program intel math ii plymouth university unh manchester city state usa earned graduate credits hours content intensive professional development learning strategies regarding k core mathematic concepts professional affiliations nashua garden club present medic alert community ambassador organized distributed medicalert collateral surrounding medical community charlotte avenue elementary school classroom pto volunteer room mom reading math groups chaperone baker hospitality garden club ski chess club skills computer proficiency organizational skills multi tasking customer service proofreading prioritization secretarial skills time management accounting direct sales data collecting marketing recruiting proposal preparation education cooking baking teach non english speaking person speak read write english computer skills microsoft office suite word excel powerpoint outlook inspiration software publisher open learning new software
ACCOUNTANT,SALES,supervisor accountant professional summary motivated sales professional years sales representative experience customer service sales expert qualified plus years fast paced customer service call center environments warehouse worker year machine operator years experience reviewing work orders running several different machines simultaneously environment experience warehouse pick pack fulfillment distribution environment machine operator positive attitude commitment safety quality customer service lean manufacturing skilled exceeding sales goals company expectations expanding client base maintaining high standards customer service year experience running aftermarket radiator company duties included bookkeeping working excel supervising sales team make quality sales business keeping inventory parts outgoing friendly hard worker works well others positive attitude core qualifications initiative work independently customer service quality inspection team building excel spreadsheet strong initiative energetic work attitude outstanding customer service active listening skills strong communication skills call center experience strong organizational skills strong organizational skills telecommunication skills proper phone etiquette opening closing procedures knowledgeable quality excellent communication skills control standards strong interpersonal skills experience supervisor accountant company name city state supervised trained sales team kept track product inventory filed documents business managed incoming outgoing calls scheduled confirmed appointments communicated business customers via phone email organized inventory parts quality controlled phone calls created excel spreadsheets inventory organized weekly sales reports sales department track product success trained new employees promptly responded general inquiries members staff clients via mail e mail fax generated sales inventory reports excel guaranteed positive customer experiences resolved assisted customers store product complaints accurately logged daily shipping receiving orders executed outbound calls existing customer base increase sales generated leads new sales telephone email contact customers processed merchandise returns exchanges customer service rep company name city state consistently recognized management providing superior customer service created repeat business developing long term relationships regular customers participated various incentive programs contests designed support achievement production goals recognized top sales generator increasing sales levels took daily inbound calls key entered orders faxes customers consistently met exceeded department expectations productivity accuracy levels regularly sought opportunities sell add additional products provided accurate appropriate information response customer inquiries developed effective relationships call center departments clear communication built customer loyalty placing follow calls customers general helper machine operator warehouse state produced quality products shipped quality products stored filed company records consistently generated additional revenue skilled sales techniques maintained accurate accounts including cash inventory prepaid debit transactions greeted customers upon entrance handled cash credit transactions assisted customers phone regarding store operations product promotions order trained new new operators safe efficient handling machines used operational knowledge systems parts components solve problems arose assembly packed products guarantee orders shipped time packed assembled many different company products supervised trained sales team meet company goals answered customer calls cold called customers offer additional products services contacted business offered new services business ran hero automotive everyday business operations included paying bills buying supplies ordering products answering calls filing paying bills ran several different machines changed equipment new product helped achieve company goals supporting production workers inspected finished products quality adherence customer specifications monitored adjusted production processes equipment quality productivity adhered applicable regulations policies procedures health safety environmental compliance calibrated adjusted equipment ensure quality production using tools calipers micrometers height gauges protractors ring gauges started shut processing equipment troubleshooted problems equipment devices products operated shipping system efficiently accurately oversaw warehousing storage practices housekeeping unloaded product pallets ship packaged shipped product removed empty pallets pallet jack banded wrapped packaged cleaned equipment assembled components hand locked tagged machinery clean fix worked several different machines created load tickets shipping lubricated wiped machines tools workplace maintain safety cleanliness completed entered quality records scrap reports machine logs timely manner reviewed verified work compliance sales orders customer requirements retrieved correct materials product inventory perform various fabrication duties determine materials tools equipment needed product orders education high school diploma scribner snyder scribner ne dodge accomplishments operated computers programmed accounting software record store analyze information skills automotive business operations calipers call center closing strong interpersonal skills excellent communication strong communication skills credit clients customer service customer service debit e mail email environmental compliance faxes fax filing inspection inventory team building listening machinery materials micrometers excel spreadsheets excel mail strong organizational skills pallet jack policies processes quality receiving safety sales sales reports shipping spreadsheet telecommunication telephone phone phone etiquette warehousing
CONSTRUCTION,CONSULTANT,construction development consultant summary diverse experience planning development construction project development technical experience using autocad gis systems background qualifications ten years college credits combined years work experience experience construction development consultant company name city state provided professional guidance constructing government housing rural regions south africa including developing implementing administering methods obtaining materials costs improved methods regards labor tasks building structures using primarily cement mortar utilized management experience garnered past work united states differed long used methods south africa created maps task lists materials list network contact logs including vital daily interaction communication foreman laborers alike assistant general manager company name city state administrate daily operations effective leadership includes making vital decisions allowing company expand new markets inform board directors progress potential road blocks may hinder progress provided recommendations may ensure revenue growth value importance networking emphasis enterprise enterprise development director planning development company name city state coordinate projects tribal council providing detail information including project status reports introduce tribal council different perspective community development statistics revealing impacts community probable funding source primary focuses within planning realm new housing development land use process facilities business districts municipalities environmental impacts manager operations company name city state managed functionality five distinct community service programs including directors staff individual department much responsibility fulfill needs concerns entire community expedient professional manner manager data engineering company name city state managed technical staff converted paper maps digital formats targeting uranium deposits organized existing maps developed exploration maps ore reserve maps regional location maps planning extraction uranium uranium resources inc operation provide alternative energy future power plants throughout united states office engineer company name city state served assistant project manager performed periodic inspections construction performed large earth substance dam near durango colorado assisted engineers office managers company multi million dollar pay estimates monthly basis developed high quality structural lift drawings using autocad software worked closely bureau reclamation concrete specifications design used construct large earthen dam natural resource planner autocad technician company name city state established new work station utilizing autocad arcview software programs ute mountain ute tribe planning department allowed better mapping system community development purposes produced compiled comprehensive ten year natural resource plan examined annual reports provided recommendations fifty three departments reviewed project specifications offered insight possible changes effecting community development oversaw department needs assessments relation departmental goals objectives fifty three departments education training master business management colorado tech university business management bachelor science geography business information systems utah state university city state geography business information systems associate science general studies college eastern utah state general studies associate applied science computer aided drafting itt technical institute city state computer aided drafting certifications business management scheduling development osha cpr certified tribal government human resources native native networking project management business networking employee relations hiring retention administration business government liaison development consulting community planning business development international business skills arcview autocad business development business management consulting council cpr certified employee relations government hiring human resources international business leadership materials office natural enterprise network networking progress project management quality scheduling statistics annual reports
CHEF,SALES,table games dealer summary throughout years trained give best service customer care job right make sure customer satisfied experience progressed cashier waitress recent employment blackjack dealer giving total three years experience customer care however skills limited description sure perfect fit position available highlights typing speed wpm powerpoint word access excel photoshop trained deal blackjack ultimatetexas hold em three card poker customer service experience course training cash handling reliable team worker neat clean professional appearance comfortable standing long time periods math language skills delivers exceptional customer service engaging personality excellent multi tasker experience table games dealer november june company name city state educated customers game rules mathematical probabilities various wagers increased volume loyalty casino attracting new players building one one relationships guests took paid bets retrieved cards inspected cards equipment used games verify proper functioning processed customer transactions involving cash casino chips calculated change currency chips vouchers checks provided excellent customer service players time including guests server hostess cashier april may company name city state delivered exceptional service greeting serving customers timely friendly manner facilitated prompt accurate seating service guests managed closing duties including restocking items reconciliation cash drawer consistently adhered quality expectations standards skillfully anticipated addressed guests service needs delivered exceptional friendly fast service inquired guest satisfaction anticipated additional needs happily fulfilled requests routinely cleaned table linens table settings glassware windowsills carpets counters floors storage areas service refrigerators correctly calculated charges issued bills collected payments continually kept carpets floor clear debris regularly cleaned host stand buffet area maintained professional tone voice words times including peak rush hours actively complied health department regulations rectified issues immediately operated maintained cleaning equipment tools including dishwasher hand table wash stations transported dirty tableware dining room dishwashing area proper cleaning consistently delivered exceptional customer service quickly efficiently clearing restaurant tables stocked maintained silverware linen condiments provided high quality service server waiter february january company name city state delivered exceptional service greeting serving customers timely friendly manner consistently adhered quality expectations standards delivered exceptional friendly fast service inquired guest satisfaction anticipated additional needs happily fulfilled requests prepared buffet salad bar dinner service continually kept carpets floor clear debris maintained professional tone voice words times including peak rush hours facilitated prompt accurate seating service guests regularly cleaned host stand buffet area transported dirty tableware dining room dishwashing area proper cleaning consistently delivered exceptional customer service quickly efficiently clearing restaurant tables supported areas restaurant necessary setup cleanup prep work equipment maintenance stocked maintained silverware linen condiments education high school diploma august arkansas city high school city state gpa awarded certificate special edition webster new college dictionary kansas honors program ku alumni association graduating top class presidential scholarship january awarded presidential scholarship cowley county community college academic excellence presidential academic achievement award four years awarded certificate special edition webster new college dictionary kansas honors program ku alumni association graduating top class awarded presidential scholarship cowley county community college jan academic excellence gpa coursework spanish years calculus chemistry member debate forensics club years associates psychology cowley county community college city state gpa coursework ethics computer applications statistics psychology developmental psychology skills typing speed wpm word photoshop excel access powerpoint multi tasking organizational training completed course training customer service confrontation first council casino hotel
CONSULTANT,PUBLIC-RELATIONS,consultant summary military veteran phd breadth professional experience proven expertise long short term projects tight deadlines changing requirements highlights analytical problem solving superb writer editor articulate presentation skills research analysis data collection analysis effective team leader consulting research analysis qualitative analysis quantitative analysis social media project management media analysis editor copy editing data entry drafting editorial fundraising government law enforcement personnel management networking security sop public speaking leadership policy analysis accomplishments part marine security guard contingent sec state colin powell tashkent uzbekistan dec honor graduate south dakota law enforcement training dispatcher class december publication cass voices postgraduate perspectives interdisciplinarity experience consultant awareness building donor relations uganda community farm eastern uganda pro bono consultancy services uganda community farm self help african action extreme poverty advise ucf founder public relations media relations campaigns orchestrate strategies raise ucf social media footprint fundraising profile helped plan successfully implement ucf initial fundraising campaign resulting seed money open demonstration plot regional farmers raising ucf profile enough garner partnership edinburgh global partnerships project editor prime research uk oxford primary contact editor ge renewable energy news project editorial services client media news briefs focusing commercial finance projects research news stories interest client write concise relevant abstracts story groupings upload data build newsletters high standard tight deadlines designed implemented set research procedures provide fast accurate ad hoc reports keep clients aware changing reporting trends online media associate lecturer phd candidate company name research student topical expertise security policy peace building identity construction failed states specifically afghanistan eye toward understanding role historical interactions contemporary foreign policy security debates historical contemporary documentary research analysis plan organize deliver undergraduate lectures seminars attend present papers seminars conferences workshops marine security guard company name top secret security clearance expired provided internal security personnel property classified materials united states embassies overseas vigilance regarding potential regional threats regards extremism terrorism governmental instability unrest etc successfully organized hosted two annual marine corps balls budget diplomatic government business involvement responsible managing marine welfare recreation fund organize oversee diplomatic community functions prior acceptance marine security guard program served mos infantry machinegunner guantanamo bay cuba education ph international relations oxford brookes university international relations phd international relations progress final drafting phase awarded john henry brookes fees based scholarship december master arts international studies oxford brookes university gpa dissertation deconstructive analyses failed state discourse historical bases contemporary form implications international security case afghanistan dissertation deconstructive analyses failed state discourse historical bases contemporary form implications international security case afghanistan international studies international studies security focus gpa top class graduating distinction honors dissertation title toward genealogy failed state discourse international studies security focus top class graduating distinction honors dissertation title toward genealogy failed state discourse bachelor science political science global studies south dakota state university city state united states political science global studies b political science global studies cultural geography political science global studies cultural geography advanced coursework cultural geography international relations organizations gpa scholarship dr john henrickson award awarded twice academic achievement field political science graduated cum laude honors scholarship dr john henrickson award awarded twice academic achievement field political science graduated cum laude honors publications szarkowski dominant voice dominant silence foucault governmentality us pakistan relationship published cass conference proceedings voices postgraduate perspectives interdisciplinarity presented published university aberdeen szarkowski need critical reflexivity one eyed king land blind paper presented cass university aberdeen szarkowski historical legacies identity constructions security policy failed states afghanistan case paper presented international studies association san franciso skills ad articulate budget concise conferences consulting copy editing client clients data collection data entry drafting editor editorial fast finance fundraising government law enforcement leadership team leader managing materials media relations money mos networking newsletters personnel personnel management policy analysis presentation skills prime problem solving progress project management public relations public speaking quantitative analysis reporting research security clearance seminars sop stories workshops writer
ADVOCATE,SALES,gradation candidate advocate executive summary high energy manager successful building motivating dynamic teams cultivates company culture staff members feel comfortable voicing questions concerns well contributing new ideas drive company growth versatile child advocate professional years experience working student focused learning environment helping students improve literacy core qualifications operations management staff development inventory control supervision training sound judgment computer savvy professional experience gradation candidate advocate mar current company name city state served mentor junior team members routinely met students parents regarding class issues learning interruptions discuss solutions developed implemented interesting interactive learning mediums increase student understanding course materials employed activities techniques techniques encourage student learning build community within classroom interviewed clients individually families determine services would best address needs retrieved requested files delivered appropriate personnel scout master jan current company name city state tutor supervise children ages planning orchestrating various trips activities mentoring coaching department supervisor jan mar company name city state maintain outstanding customer service per company standards generating sales merchandising safeguarding company assets ensure customer received exceptional service providing friendly environment included greeting acknowledging every customer timely personable manner handle cash check credit transactions register bagging merchandise use selling techniques add sales describing technical information customers enhance salesmanship reach store position sales goals played role processing replenishing organizing merchandise store hours monitoring floor stock contributed efforts maximize proceeds minimize loss improve customer satisfaction assisted floor moves display maintenance fitting room monitoring warehouse material handler jan jan company name city state distributed assisted weekly inventory product received processed large shipments merchandise printed labels loaded orders delivery identified organized appropriate orders according cart system promotions manager jan current company name city state utilize online social media networking sites promote events create increase public awareness entertainment events canvassing metro atlanta area assist venue preparation promote social nightlife atlanta university center shipping receiving clerk jan jan company name city state prepared items shipping verified reserved records incoming outgoing shipment utilized knowledge shipping procedures control shipping quality education bachelors science physical education university south carolina city state physical education personal information self motivated team oriented management sales demonstrated strengths customer service retail ability work fast paced energetic environment combined strengths include excellent organizational follow skills time management multi tasking abilities superior interpersonal verbal communication skills proactive driven professional focused achieving organizational goals open availability flexibility work varied extended hours meet needs business affiliations boy scouts america wcfl youth football league willing relocate anywhere skills handle cash coaching credit customer satisfaction customer service delivery inventory mentoring merchandising networking organizing quality selling sales shipping additional information willing relocate anywhere authorized work us employer additional information self motivated team oriented management sales demonstrated strengths customer service retail ability work fast paced energetic environment combined strengths include excellent organizational follow skills time management multi tasking abilities superior interpersonal verbal communication skills proactive driven professional focused achieving organizational goals open availability flexibility work varied extended hours meet needs business
FINANCE,ACCOUNTANT,senior manager national sales finance executive profile ambitious job title creates strategic alliances organization leaders effectively align support key business initiatives builds retains high performance teams hiring developing motivating skilled professionals skill highlights skills office software ms word excel powerpoint access systems solar business objects pc links general ledger fci fc links fec core sam professional experience senior manager national sales finance april current company name city state manage consulting services group money manager reconciliations control national sales revenue expense accruals deferral manage litigation reserves legal accruals supervise month end close balance sheet reconciliations variance analysis audit requests coordination projects production issues fa compensation information technology organization implementation new product within fa compensation dept redefined improved sox controls implemented self assessment controls administer fa compensation security entitlements manage financial advisor trainee compensation managed team professionals vice president wealth management controllers january current company name city state strengthened company controls managing implementation introducing broker single broker dealer senior fc compensation specialist october march company name city state review amortization entries processed special compensation deferred compensation programs balance sheet review sign special compensation loans deferred compensation awards prepare department sarbanes oxley control document associated risk controls assessment matrix team project leader conversion compensation feeds new people soft platform maintain general ledger payroll accounting department mapping table work payroll systems support team service requests gl system modifications establish delete change name gl accounts within payroll accounting monitor centers benchmark analysis gl accounts payroll tax accounting monitor centers contribute ongoing development web based system tracking special compensation loans generate payroll feeds special compensation income taxes inputted interest updates analyze review monthly semi monthly payroll feeds general ledger monthly analysis fringe calculation eligible earnings sb citibank associates first coordinated produced audit schedules internal outside auditors analysis quarterly cap dividend payments legal entities posting entries retained earnings prepare daily trial balance reports review analysis gl accounts payroll accounting review balance sheet schedules prepared payroll accounting group daily review margin activity various accounts feed general ledger responsible p l inquiries related payroll feeds monitored front end control fec product area feeders sent core commission system communicated back product areas rejected warned transactions analysis review worked product areas development maintenance fec feeders prepared monthly control book reports distributed rfcc mgmt sb controllers pcg admin core commission system maintenance blotters departments regions fc numbers gl accounts reviewed tested system enhancements changes resulting pcg commission policy changes reconciliation payable account citibank private bank gross production supported fc compensation specialists business objects commission system related inquiries daily trade review prior business day activity ensure compliance retail commission policy processed account overrides fc number overrides approved pcg administration reviewed input various gross journal net adjustments sales assistant arrangements ran adhoc business object queries research inquiries received sb branch offices intermediate accountant account executive compensation dept may september company name city state generated analyzed gross commission revenue reports senior management responsible calculation branch manager incentive compensation mic monthly analysis general ledger entries identify resolve variances preceding months administered organization complete procedures manual department education business administration accounting pace university city state us pace university new york ny majored accounting gpa degree business administration dec series series certifications series series skills compensation sales balance sheet general ledger audit national sales account executive accountant executive compensation litigation month end close reconciliations sales revenue variance analysis gl sarbanes oxley sarbanes oxley sox loans adjustments sales arrangements journal retail retail marketing sales assistant accounting account front end maintenance reconciliation finance security sox accounts accounts mapping payments payroll payroll accounting posting systems support tax accounting topo web based deferred compensation access excel ms word powerpoint word series series
FINANCE,ACCOUNTANT,acting finance manager summary innovative accountant proficient extracting financial data various reporting systems suggesting key operational changes accommodating job title effectively manages strict deadlines schedules repetitive tasks positive attitude accountant analyst years proven experience spanning oil gas services manufacturing trading business experience limited financial management reporting ifrs us gaap working capital management cost control reduction measures internal controls erp system implementation development oracle hyperion quick books statutory compliance payroll inventory management business insight support decision making planning budgeting forecasting capex control leadership team management dealing banks internal external auditors business lawyers advising management financial strategy commercial proposals evaluation risks coverage negotiating contract dealing client setting new kpis standards measuring performance due diligence implementation corporate policies governance key professional skills financial reporting analysis ifrs us gaap budgeting planning short medium long term system development cost controls project commercial evaluation prepare activity based cost analysis new existing business venture internal controls financial audits controllership accounting operations team leadership resource management bench marking setting kpis performance measurement erp ms office power point advance excel seeking growth oriented career accounting finance analysis planning professional knowledge skills experience effectively utilized highlights analytical reasoning computer skills advanced ms excel access word power point sap financial accounting oracle financials hyperion reporting experienced using synapse citrix database quickbooks pro quickbooks premier warehouse management system base mainframe ultriva inventory maintenance software seminars trainings workshops attended oracle financial hyperion planning consolidation cpe certificates rolling forecast leadership new age finance delegation skills abc costing certified advance ms excel iso quality standards osha first aid safety defensive driving analytical reasoning financial statement analysis budget forecasting expertise account reconciliation expert effective time management strong organizational skills general ledger accounting accomplishments achieved number cost reduction eliminating redundant processes formally recognized excellence achieved financial analysis budgeting forecasting experience acting finance manager current company name saudi arabia bahrain jordan present multinational group involved drilling petro chemicals well services engineering mining exploration production worldwide oil gas sector working chief accountant reporting general manager responsible following functions accounting operation prepare analyze monthly quarterly annual financial reports executive summary prepare consolidated financials comparative analytical reviews entities monitor cash flow report cash management report weekly basis maintain integrity general ledger including chart accounts manage accounts payable including daily invoice processing resolve payment discrepancies monitor accounts receivables developed strategies improve ar turnover ratios reconcile analyze ledger balance sheet accounts including bank reconciliations review investigate correct errors inconsistencies financial entries documents reports maintain fixed assets accounts depreciation schedule review month end inventory physical stock counts variations execute month end closing procedures journal entries including accruals prepaid accounts l cs bank guarantees arranging facilities various group companies review zakat sales tax withholding taxation liaison internal external auditors banks business lawyers supervise staff effective timely reporting develop maintain internal controls concrete document management review vendors agreements track supplier pre determine performance measures ensure validated inter company transactions develop adhoc reports require management accounting analysis planning perform cost analysis evaluate profit margins business units monitor performance efficiency company follow cost tracking monitor control correct cost allocation proper recognition thereto prepare budgets short term long term planning prepare forecasting comparative analysis achieve financial goals prepare costing model new business tender analysis cost profit evaluation prepare comprehensive activity based cost analysis conduct evaluations cost reduction opportunities ensure corrective actions taken view analysis participate strategic planning formulating long term business plans generate monthly kpis report assisted management improving existing business standards major achievements reduced cost k usd period years contract worth usd mn contract aramco developed internal reports monitor control operating cost brought receivables days implemented inventory management erp oracle financials designed reports visibility p l unit level determined basis allocation overhead cost various cost centers automated erp placed new kpis benchmarks standardize cost control improve prepared years financial plans worked acting finance manager absence finance manager year special assignments involved liquation process mb jordan operation interacted client british petroleum bp compliance taxes regulatory requirements government demobilization assets jordan accountant company name usa corporation involved trading business supplying oil gas consumer products worked accountant reporting general manager following responsibilities posted daily sales generate sales reports month end closings prepared cash deposit details reconciled bank reviewed approved retail invoices posted expenses prepared detailed monthly inventory schedules average cost basis reconcile inventory account systems general ledger verified time card sheets processed payroll weekly basis prepared ar ap aging analysis closely monitored cash flows developed internal controls secure assets inventory reconciled gl accounts executed monthly financial accounts generated structured chart accounts templates required quick books premier prepared sales tax returns monthly basis implemented quick books premier prepared customized chart accounts financial reporting inventory supply chain analyst company name usa diversified multinational hvac industry involved manufacturing engineering supply energy efficient technologies innovative products services heating air conditioning systems oil gas sectors worked inventory supply chain analyst reported purchase manager coordinated managed flow materials manufacturing process solved inventory issues cross functional multicultural environment prepared forecast analysis usd million inventory adopted strategies improve material flow cost reduction managed inventory turnover inventory supply level posted transactions system prepare month end adjustments entered system reviewed manufacturing production goals assisted management launching pilot projects analyzed variance reports month end executed audit plans supplier agreements ensuring contract compliance tracked supplier performance metrics relative kpis provided ad hoc analysis special projects required involved conducting physical inventory maintain accuracy special assignments worked buyers transition suppliers prepared comparison forecasted reports actual production generated budgeted forecasted reports pilot project isd compressors evaluated inventory one million dollar reduced inventory cost k education bachelor science business accounting finance kelley school business indiana university bachelor science business major accounting finance graduated august kelley school business indiana university usa certifications cma certified advance ms excel skills inventory accountant accounts ar basis cash cost reduction general ledger internal controls accounts sales sales tax accounting finance accounting analysis accounts payable accounts receivables balance sheet bank reconciliations budgets business plans cash management closing concrete cost analysis cost tracking document management employee resource group enterprise resource planning erp exploration financial reports financials fixed assets forecasting invoice journal liaison manage accounts oracle oracle financials petroleum receivables reconciliations strategic planning taxation ap brand marketing closings consumer products daily sales financial reporting generate sales gl invoices payroll premier prepared sales quick books quickbooks retail retail marketing sales sales reports tax returns trading ad hoc analysis adjustments air conditioning audit compressors hvac manufacturing process material flow metrics million supply chain access accounting operations audits budgeting citrix cma cost control cost controls database due diligence excel financial accounting financial audits gaap governance hyperion iso mainframe maintenance management accounting ms excel ms office operations proposals quickbooks pro sap system development team management warehouse management warehouse management system word accounting finance
BPO,BANKING,sr workforce manager summary results oriented workforce relationship manager diverse background management customer service dedicated providing excellent customer service making operational procedural improvements drive savings experience sr workforce manager company name state reduction non productive agent time workforce forecasted million yearly contacts within projection fy q savings thru allocating volume offshore reduced hours onshore million saved annually saved million annually performance improvement launched three mobile stores net revenues annually volunteer work community wide outreach activities bluestem e commerce workforce planning manager pennsylvania managed onshore team five workforce kronos analysts seven quality assurance analysts ensure optimum deliverables account management along two reporting analysts supervised real time team four two onshore locations maintaining intraday allocation budget achieve various service level objectives sales customer services queues forecasted million yearly contacts hitting within projection offshore within budgeted target setting ensure contractual compliance penalty avoidance allocated forecasted volume offshore budget fy q savings reduced non productive time thru schedule optimization workforce onshore facilitated weekly forecast meetings clients keep abreast impacts billion projected forecast assumed leadership point contact absence executive management developed coached team members departmental cross training ensure business continuity lead creation revision non existent outdated departmental sops workforce kronos qa provide consistent guidelines training materials resulting departmental manpower reduction annual savings modified hours operations reduced onshore hours saving million annually boosting employee morale managed team four enterprise schedulers along six indirect support real time staff offshore managed workforce department alorica client directv planned capacity respective nine site operation training teams meet client expectations workforce analyzed monitored reported staffing assumptions client call volume headcount requirements shrinkage attrition handle time goals provided recommendations ensure optimal financial impact organization developed detailed staffing plans line business ensured consistent achievement minute interval compliance requirements adjusted manpower needed simulated impact proposals client expansion including opening new sites recommended action staffing improved workload balance nine sites thru allocation adjustment seven lines business directed maintained weekly best practice client calls seven lines business ensure team adequate training resources succeed within roles hosted daily workforce operations conference call validate resources performance deadlines deliverables meeting contractual kpis seven lines business ebay enterprise e commerce workforce specialist wfm florida received spot award director workforce planning business intelligence included bonus leadership within group transitional period within organization resulting departmental manpower reduction ensured optimum intraday staffing performance onshore locations workforce drive cost savings setting offshore support administered real time monitoring relates queues occupancy service level handle time schedule adherence interfaced center management central operations regarding factors may impact staffing service levels assisting coordinating business activities achieve adherence workforce target prepared hosted reported webx daily tele conference meeting enterprise wide review previous day performance current future day plans staffing trends expected volume marketing campaigns ensure readiness clients verticals constructed daily impact summaries service level performance related real time account management reforecasted managed intraday call volume trends ensure effective efficient workload along adjusting intraday workforce requirements based changing dynamic forecasts million contacts annually trained new current team members sops using authored materials along updating current materials volunteer work bet building evacuation emergency response team community wide outreach activities l consultant company name supervised operations project readiness preparation implementation telecommunications customer service systems call centers ranging employees including monitoring review performance metrics workforce adherence achieve client expectations integrated senior management staff duties national customer service claims management center existing operations corporate headquarters saving million year performance improvement recruited managed trained employees developed implemented policies procedures marketing customer service strategies client specification satisfaction launched three mobile authorized dealer wireless stores net revenues annually managed client accounts identified business development opportunities b b maximizing market share increasing profits maintaining client retention promote business continuity drive cost savings charrette event facilitation planning including contract negotiations site coordination million budgets campaigns utilizing interactive intelligence coming budget promoted publicized clientele arrangement international venues including speaking engagements lectures tours using social media marketing campaigns optimize budget intraday operations analyst company name supervised intraday workforce management operations staff two onshore centers including scheduling staffing recruiting hiring training performance reviews q provide optimized support center kpis chaired weekly team meetings quality work product clientele microsoft hp deutsch bank gateway comcast symantec including providing premium customer service technical support reported daily metrics help desk performance measurements kpis clientele multi sites ranging employees including volumes averages deviations promote contractual agreements leveraged workforce intraday basis adjusted manpower real time according contractual stipulations current performance volumes trends co created co chaired stream values committee stream university established workforce development lower attrition still effect today education bachelor science social science portland state university city state social science skills account management b b balance budgets budget business development business intelligence contract negotiations clientele client clients customer services customer service e commerce executive management senior management financial gateway help desk hp hiring kronos leadership director marketing market materials meetings enterprise optimization performance reviews policies proposals speaking quality qa quality assurance real time real time recruiting reporting sales scheduling specification staffing symantec technical support telecommunications training materials
APPAREL,BUSINESS-DEVELOPMENT,account manager business development experience account manager business development company name city state responsible simplifying diagnostics improving global health providing advanced supporting advanced health care solutions identify select develop distributors end users qualified successfully represent ctk product domestically internationally collaborate current customers develop new business expand existing businesses within assigned region negotiate pricing agreements balance needs organization needs customer well monitor analyze data market conditions identify competitive advantages new current customers conduct market tours meeting end users distributors collect market feedback conduct business planning make product presentations troubleshoot train distributor sales staff representation ctk products international trade shows europe latin america engage opportunities propose effective strategies performing cost benefit analysis positioning ctk products within market outline record market environment business potential related ctk products manage distributor quotas purchase levels assigned accounts ensure achievement assigned ctk sales targets ranked account executive finished quarter increase year reach quarterly sales targets work sales team develop strategies implement brand strategies ensure consistent marketing message responsible generating new research use accounts enhance ctk products united states laboratory consumables sales representative company name city state acquired deep knowledge imeb lab equipment supplies service offerings business processes managed incoming sales leads included responding incoming inquiries considered non strategic transactional accounts within united states latin america used knowledge industry market specifically customer competitor trends build grow new existing customer base achieving defined sales goal developed implemented business plan expand business maintain pipeline opportunities meet exceed sales objectives led participated presentations conferences special projects required national sales executive company name city state provided promoted best quality nursing uniforms well selling add services lab equipment supplies patches embroidery health care professionals number sales producer dove professional apparel last years sales history developed new clients business prospecting cold calling attending national conferences responding business leads maintained high level customer service increased revenue streams existing customers well leveraged relationships expand business also monitored reviewed customer sales activity made adjustments processes strategies needed made customized presentations various accounts included onsite visits problem solving workshops administrative follow ups master knowledge dove product line value proposition market analyst business development specialist client advocate company name city state generated sales leads contacting library staff member pre registration industry conference lists seminars websites enquiries client databases client referrals provided clients regular account reviews effort elicit open communication respect value services upsell additional products processed long term agreements contracts charge reporting tracking evaluating client progress technology roadmap staying mindful critical impacts client business needs suggested implemented creative pricing payment solutions balancing customer needs pricing policies worked multiple business departments legal finance marketing operations develop solutions growth development operational best practices supported requirements customer licensing monitored accounts compliance issues business manager sales manager company name city state conducted job performance reviews manage staff personnel issues supervised customer service directly responsible meeting exceeding personal team sales goals set forth store management managed orientation development cosmetic consultants ensure increased brand awareness productivity sales fully responsible recruiting interviewing potential candidates based hiring criteria organized special events tradeshows reached outside businesses increase revenue conducted product demonstrations presentations work history account manager business development company name city state responsible simplifying diagnostics improving global health providing advanced supporting advanced health care solutions identify select develop distributors end users qualified successfully represent ctk product domestically internationally collaborate current customers develop new business expand existing businesses within assigned region negotiate pricing agreements balance needs organization needs customer well monitor analyze data market conditions identify competitive advantages new current customers conduct market tours meeting end users distributors collect market feedback conduct business planning make product presentations troubleshoot train distributor sales staff representation ctk products international trade shows europe latin america engage opportunities propose effective strategies performing cost benefit analysis positioning ctk products within market outline record market environment business potential related ctk products manage distributor quotas purchase levels assigned accounts ensure achievement assigned ctk sales targets ranked account executive finished quarter increase year reach quarterly sales targets work sales team develop strategies implement brand strategies ensure consistent marketing message responsible generating new research use accounts enhance ctk products united states laboratory consumables sales representative company name city state acquired deep knowledge imeb lab equipment supplies service offerings business processes managed incoming sales leads included responding incoming inquiries considered non strategic transactional accounts within united states latin america used knowledge industry market specifically customer competitor trends build grow new existing customer base achieving defined sales goal developed implemented business plan expand business maintain pipeline opportunities meet exceed sales objectives led participated presentations conferences special projects required national sales executive company name city state provided promoted best quality nursing uniforms well selling add services lab equipment supplies patches embroidery health care professionals number sales producer dove professional apparel last years sales history developed new clients business prospecting cold calling attending national conferences responding business leads maintained high level customer service increased revenue streams existing customers well leveraged relationships expand business also monitored reviewed customer sales activity made adjustments processes strategies needed made customized presentations various accounts included onsite visits problem solving workshops administrative follow ups master knowledge dove product line value proposition market analyst business development specialist client advocate company name city state generated sales leads contacting library staff member pre registration industry conference lists seminars websites enquiries client databases client referrals provided clients regular account reviews effort elicit open communication respect value services upsell additional products processed long term agreements contracts charge reporting tracking evaluating client progress technology roadmap staying mindful critical impacts client business needs suggested implemented creative pricing payment solutions balancing customer needs pricing policies worked multiple business departments legal finance marketing operations develop solutions growth development operational best practices supported requirements customer licensing monitored accounts compliance issues business manager sales manager company name city state conducted job performance reviews manage staff personnel issues supervised customer service directly responsible meeting exceeding personal team sales goals set forth store management managed orientation development cosmetic consultants ensure increased brand awareness productivity sales fully responsible recruiting interviewing potential candidates based hiring criteria organized special events tradeshows reached outside businesses increase revenue conducted product demonstrations presentations education bachelor science florida state university city state summary obtain sales position experience accomplishments proficiency allow opportunity growth qualifications years consistently exceeding sales goals years progressive experiencing managing staff accounts years experience product demonstrations presentations excellent computer skills work powerpoint excel proprietary inventory systems salesforce com social media years conducting business business sales fully fluent spanish english years coordinating special events tradeshows highlights administrative store management set strategic balance trade shows business plan troubleshoot business planning websites business processes workshops cold calling competitive conferences contracts client clients customer service databases special events finance forth hiring latin legal marketing market nursing performance reviews personnel policies positioning presentations pricing problem solving processes producer progress quality recruiting reporting research selling sales seminars skills administrative set balance business plan business planning business processes cold calling competitive conferences contracts client clients customer service databases special events finance forth hiring latin legal marketing market nursing performance reviews personnel policies positioning presentations pricing problem solving processes producer progress quality recruiting reporting research selling sales seminars store management strategic trade shows troubleshoot websites workshops additional information honors awards ranked th state fl top sales representatives estee lauder exceeded sales goals maintained excellent client retention rates sirsidynix eos international providing highly accessible service coupled expert industry knowledge expanded market share dove professional apparel last year numbers wrote territory business plan estee lauder prioritized sales calls resulted goal attainment
FINANCE,ACCOUNTANT,finance manager summary flexible financial manager ability multi task meet deadlines communicate effectively develop motivate staff general accounting financial reporting private public companies highlights excellent analytical communication organizational skills demonstrate initiative responsibility follow owned work strong attention detail ability multi task self directed critical thinker experience sox compliance controls knowledge business insurance experience sales use taxes payroll taxes reporting knowledge gaap stat gasb fas fas fas reporting protects organization value keeping information confidential experience company name december current finance manager city state prepare monthly quarterly analytics income statement balance sheet budget actual variances earnings source review sign gaap statutory journal entries peoplesoft general ledger prepare gaap statutory reconciliation product write commentary variances prepare quarterly annual statutory reporting package entity financial information senior management prepare quarterly financial analysis ad hoc reports boli coli products bank owned company owned life insurance draft commentary md management discussion analysis controller business segment provide supporting work papers certain disclosures act liaison assist internal external auditors planning execution quarterly annual audits including resolution accounting auditing issues assist technical accounting research including evaluating accounting financial implications complex transactions writing white papers supporting conclusions ensure compliance sox regulations internal controls liaison departments including cfo valuations product management provide accurate timely data analysis manage support analysts including completion performance reviews adequate training knowledge accounting rules company systems overall business performance implemented process improvements ebs earnings source statutory reporting reducing closing time two days conducted detailed reconciliation policy loans state connecticut insurance audit reviewed streamline fas journal entry process reducing closing time day company name february december accounting manager city state led monthly year end close process account analysis financial statement reconciliations assisted cfo group consolidation monthly variance analysis operational reporting reconciled inter company bank credit card accounts maintained fixed assets schedule applied monthly depreciation expense prepared journal entries monthly accruals classes prepared annual schedules external audits including resolution accounting auditing issues responsible cash management including monitoring sweep account activity direct deposits lock box inter company transactions negotiated annual merchant discount rates credit card companies prepared commission reports approved e weekly p selection prepared filed reports internal revenue service provided oversight general direction accounting staff p r billing collections payroll including recruiting training staff performance served liaison bank insurance contacts participated fp meetings help safeguard business objectives reviewed terms building automobile leases allocate expense appropriate entity identified applied technology related improvements streamline business processes participated mas financial software implementation evaluation conversion signed completion streamlined banking process increase cash flow domestic overseas business company name april february accounting supervisor city state prepare weekly bi weekly house payroll employees prepared reconciled benefits plan reports registered company multi state tax prepared filed weekly bi weekly federal state payroll taxes supervised staff six p r billing payroll collections human resources reconciled analyzed income statement balance sheet accounts reconciled bank inter company accounts prepare post journal entries prepared weekly cash forecast wire vendor payments maintained fixed assets seclude post expense system administrator mas including monthly module closing coordinated quarterly audits company external auditors resolve follow accounting auditing issues education rutgers university master science accounting city state united states anticipated graduation date may kean university bachelor science accounting city state united states computer skills accpac plus adp aggreso business works cognos power play fixed assets sage best software hyperion future proof jantek lotus notes oracle mas mas sage software peachtree peoplesoft quick books real world microsoft office products
APPAREL,ENGINEERING,senior materials analyst summary requirements position include bachelor degree business management related field minimum years directly relevant work related experience additional years experience required lieu degree demonstrated knowledge product processes proven experience strategic business planning excellent verbal written communication skills including meeting facilitation presentations strong ability communicate complex controversial topics concepts wide diverse audience must possess strong client focused approach work effective project resource management experience proactive approach team specific issues change agent ability adapt flexible demonstrate integrity fairness respect openness honesty requires courage initiative strong sense personal responsibility ability travel highlights brio hyperion mapper mmx pps pdm deep knowledge nike apparel material process calendars advanced microsoft office skills including excel powerpoint outlook word sharepoint experienced learning new technologies necessary extensive experience tableau spc doe online survey tools various statistical programs familiar manufacturing processes casting injection molding rolling extruding forging drawing physical mechanical testing spectrometer hardness tensile compression fracture fatigue testing x ray diffraction several types microscopes microscopy foundry processes accomplishments six sigma green belt trained experience working lean manufacturing environment strong verbal written communication skills including experience connecting peers senior level colleagues departments third party vendors overseas contacts clients well working matrix organization activities interests member american society quality present alpha phi alumnae present montrose city council awarded key city montrose experience current senior materials analyst company name city state materials analyst analyze ideate inform present materials leadership team mlt data regards materials gate keeper analysis providing direction statistics many aspects including limited much age etc analysis provide basis core palette framework seasonal category fabric line plan context discussion cross category level support material operations director planning tracking key business milestones category maintain strong connections category product creation centers manufacturing offices providing visibility mlt vendor key performance indicator reports ensure pricing targets established align meet category goals nike apparel equipment product integrity quality analyst city state work cross functionally various nike teams maximize reach impact global quality data part core team people striving align quality metrics sales sourcing demand planning manufacturing data inform supplier sourcing decisions responsible identifying analyzing reporting reject rates poor quality materials quantifying aesthetics materials provide insight consumer preference define product process improvement projects team people across globe provide nike supplier base quality metrics allowing focus right initiatives increase performance decrease poor quality connect material garment returns quality data present comprehensive product quality lifecycle review led initiative project product integrity acquire report align supplier data effectively move quality data actions closer source base company name city state led participated six sigma continuous improvement lean manufacturing projects improve processes product developments using statistical techniques gage r r pareto control charts test anova regression etc performed quality reviews testing inspections final validation aerospace ballistic aluminum performed root cause analysis facilitated designed experiments process product improvements including project improve flatness product types reduced scrap rate saved k per year maintained best class standards conducted studies equipment analyzed data product performance correlations prepared helped facilitate external iso astm nadcap internal audits well developed maintained best practices standard operating procedures project coordinator company name city state created contracts change orders using aia software multiple jobs organized job files bid files called subcontractors regarding billing project bids various issues education bs metallurgy materials engineering colorado school mines state metallurgy materials engineering focused core classes manufacturing processes participated several team projects one resulted patent school held leadership positions alpha phi international sorority mines activity council associated students colorado school mines served orientation leader multiple years additional information sports activities holiday half marathon nike women full marathon hood coast team e fueled fine wine half marathon lacamas lake half marathon national breast cancer half marathon coed kickball softball spokane half marathon bloomsday volunteer nike materials library pbs phone thon advisor alpha phi eastern washington university skills aia alpha analyst billing brio charts continuous improvement contracts council direction experiments focus drawing hyperion internal audits iso leadership lean manufacturing director manufacturing processes mapper materials mechanical excel microsoft office outlook powerpoint sharepoint word pdm pricing processes improve processes process improvement quality reporting sales six sigma spc statistics tableau validation x ray
CONSULTANT,SALES,consultant summary professional dedicated hard worker years customer service experience self motivated inside sales representative excellent verbal written communication skills strong computer crm experience customer service professional dedicated effective team management customer satisfaction management professional effective building highly motivated teams well leading cross functional teams fast paced environment enthusiastic resourceful high school graduate academic professional background ability establish priorities meet challenges head strong project management skills organized independent worker strong time management skills excellent juggling multiple tasks working pressure skill highlights adobe proficient windows xp proficiency windows expertise proficient ms office crm expertise dealersocket proficiency l inventory control procedures employee scheduling cash handling accuracy strong communication skills superb sales professional excellent multi tasker time management professional experience consultant june september company name city state help customers select products best fit needs complete customer order professionally time advise customers services product month inform customer knowledge survey pack plus services pack ship customer packages sales february june company name city state maintained accuracy calculation discounts interest commissions assist customers finding vehicle fits needs wants inform customer features vehicles different trim levels contacted customer per internet request make appointments bring advise customer warranty service information manager february january company name city state composed effective accounting reports summarizing accounts payable data balanced monthly general ledger accounts accurately record cost month end accruals created daily weekly cash reports accounting management supervised invoice processing purchase orders expense reports credit memos payment transactions supervised employees following company polices hired terminated employees sales march september company name city state identified qualified customer needs developed sales strategies negotiated closed profitable sales success rate consistently hit exceeded sales goals assisted customers purchasing vehicle fit needs affordable rates customer service rep april february company name city state effectively managed high volume inbound outbound customer calls addressed resolved customer product complaints empathetically professionally defused volatile customer situations calmly courteously managed customer calls effectively efficiently complex fast paced challenging call center environment identified chronic customer issues creating maintaining customer complaint log resolved service pricing technical problems customers asking clear specific questions customer service rep march may company name city state effectively managed high volume inbound outbound customer calls addressed resolved customer product complaints empathetically professionally gathered verified required customer information tracking purposes defused customer situations calmly courteously identified chronic customer issues creating maintaining customer complaint log price team specialist april march company name city state resolved customer complaints professional manner prioritizing customer satisfaction priced merchandise stocked shelves took inventory supplies cashier handled customer relations issues gracious manner accordance company policies determined customer needs asking relevant questions listening actively responses swing manager august april company name city state interviewed job candidates made staffing decisions verified cash drawers made bank deposits assigned employees specific duties best meet needs store reordered inventory dropped predetermined levels instructed staff appropriately handling difficult complicated sales hired trained evaluated personnel sales marketing examined merchandise verify correctly priced displayed planned budgets authorized payments merchandise returns reported distract manager regarding store staff issues education high school diploma general education pine ridge high school city state usa references available upon request
ADVOCATE,HR,human resources professional professional summary experienced working fast paced environments demanding strong organizational technical interpersonal skills highly trustworthy ethical discreet committed superior customer service confident poised interactions individuals levels detail oriented resourceful completing projects able multitask effectively skills networking partnership development decision making report preparation human resources management systems procedure compliance person telephone interviewing employment data tracking new hire onboarding orientation termination documentation conflict resolution documentation recordkeeping willingness learn remote conferencing communication microsoft office employee applicant assessment work history human resources professional company name city state hands experience distribution environment employee relations conflict resolution policy process guidance initial workforce hiring pre acquisition due diligence post acquisition hr integration completed days onboarding process every week ranging initial presentation companies policies overview revising e verify process making badges assuring system certifications fdu completed upon starting new role managed updated personnel files old new hires human resources information system database lawson assessed streamlined training coach program drive consistency company processes fostered teamwork environment conducive positive dialogue across organization personal efforts cited great driving force behind dc employee retention rate within industry high turnover norm saved company thousands dollars every month reducing reliance employment agencies brought majority formerly outsourced recruiting functions house reduce billable hours completed distribution weekly reporting assuring sent corporate timely manner weekly reporting consisted planned vs actual terminations prior week new hires onboarded oversaw associates pay onboarding relocation departments facilities assured managers sent time details report direct reports upon received would revised daily make necessary revisions kronos took part various meetings ranging union sensitivity training hr meetings regarding program rollouts staffing meetings concluding final decisions investigation took place unemployment claims meditation completed success rate provided various resources associates including work number information tuition reimbursement access information adjust form payment managed aspects leave administration health benefits employees created various spreadsheet documents streamline efficient workflow provided support assistance management team handling resolving human resource issues interviewed counseled terminated employees provide exceptional performance safe motivating workplace hris software lawson kronos pro watch myinfo onsite supervisor company name city state worked behalf best candiates staffing agency providing top notch service park west client oversaw employees filled applications inserted coats software interviewed counseled terminated employees provide exceptional performance safe motivating workplace assure employees present every shift time beginning shift come back breaks absent needed justified reasons missing provide warning upon employment needed learn warning system park west operated assure employees following protocol handling art pieces tools looking safety employees employees proper uniform equipment operate efficiently kept files date employee information software system excel template provide documentation employees want request vacation time refused medical attention created kept proper documentation employees excused absences vacation requests refusal medical attention file accident incident report inserted employee hours pay rate excel sheet negotiator company name city state responsible maintaining files according file would start continue mitigation process lender behalf client photocopied verified faxed paperwork prepared packages spoke lenders clients submitted various forms documents client behalf lenders hopes receiving modification answered various calls time solved questions concerns timely matter education business administration miami dade college city gpa high school diploma mater academy charter high school city state gpa languages english native bilingual english native bilingual spanish native bilingual spanish native bilingual
ARTS,TEACHER,bilingual language arts sixth grade teacher summary dedicated enthusiastic professional four years experience education proven expertise establishing rapport building trust among students parents administrators community members possess strong communication skills ability partner across departments within outside organization meet needs students motivating students school improvement committee interactive teaching learning interdisciplinary teaching innovative lesson planning effectively work parents professional experience current bilingual language arts sixth grade teacher company name city state developed implemented interesting interactive learning mediums increase student understanding course materials build community within classroom participate development intervention plans students within classroom setting mvp time tutoring hour well school tutoring oversee read program participants monitor progress part intervention strategy implementation newer educational technology programs order teach students new techniques use within presentations showcase knowledge examples include prezi storyboard edmodo thinglink others participate district community ambassador program campus improvement committee bilingual substitute teacher company name city state worked elementary schools substitute several classroom programs inclusive early childhood mainstream spanish immersion bilingual spanish early childhood special education provided key support teachers leave bilingual th grade teacher company name city state developed implemented plans inclusive following independent education plans special education gifted talented curriculum mainstream english spanish language arts writing history analyze data plan implement appropriate instruction reflect accommodations individual students cooperate members staff planning implementing instructional goals objectives establish maintain open lines communication students parents participate wide range district campus professional development include gifted talented coursework wide range education technology applications well love logic training student development assistant company name city state coordinated community tours prospective students families community visitors created data intensive reports based taks staar test results local feeder schools supervisor present upper administration collaborated fwisd vital link program create summer college exploration internship program local middle school students academic advisor spanish instructor company name city state assisted students one one college preparation assignments career exploration school selection resume writing letters recommendation taught students hybrid course introduction spanish hispanic latin american studies program coordinator company name city state oversaw development start organization managed federal gear grant utilized research based best practices create community workshops parents students well developed staff advisor manuals developed community partnerships presented nacrc organizations received promotion americorps vista position math teacher company name city state taught beginner english grammar literature world history toefl prep international students tutored algebra promoted remedial math teacher position advised international students tutored spanish education training may tarrant county college employee month educational support services department february americorps vista inspirational employee december northern arizona university bachelor arts international studies elon university city state international studies presidential scholar resident assistant ra month february october global experience program costa rica internship winter term paris london elon volunteers boys girls club alamance county community college affiliations association texas professional educators atpe languages english spanish skills arts english instruction latin letters logic materials math presentations progress promotion read research spanish spanish language strategy supervisor teacher tutoring vista workshops
FINANCE,ACCOUNTANT,director finance professional summary seeking position financial general accounting highly meticulous reliable finance director outstanding client service record adept multitasker able handle number cash management projects professionalism accuracy strong research skills optimizing current efficient cash management team operation experience director finance may current company name city state manages day day accounting department including hands monthly close commission reports financial statements manages financial tasks budgeting overall accounting company develop implement short long term financial strategies tactics alignment company business plan strategic initiatives develop monitor policies procedures within generally accepted accounting principles corporate guidelines ensure sufficient cash flow reduced operating cost increased revenues forecast monitor performance prepare analytical information management reports enable effective decision making ceo manage develop clear precise financial records analyze financial statement ensuring integrity financials maintain internal control manages monthly yearly closing responsibilities including system closing journal entry preparation inventory reconciliation prepare review documentation required meet reporting deadlines provide financial reports analysis executive staff serve primary liaison outside cpa firm assurance income tax preparation services sr operations analyst fund accounting september april company name city state process funds trade activity communicate funds investment manager daily basis prepares review position cash reconciliations investment manager custodians utilizing internal third party custody platforms resolve cash position reconciling items timely basis evaluate confirms trades settlements prepares cash portfolio reconciliations equities fixed income performs daily monthly analysis quarterly reporting institutional investors communicates daily custodians prime brokers resolve trading operational accounting issues prepares financial statement funds participate ad hoc projects needed financial analyst general accounting october september company name city state prepares month end quarter end year end account analysis reconciliation including reconciliation bank statements finance ledger prepares financial reports utilizing accounting support systems within scope established controls procedures research prove account balances maintains reconciles general ledger subsidiary ledger dda accounts performs variety routine accounting functions accordance united states generally accepted accounting principles sarbanes oxley act prepares financial statement reconciliation report analyzing general ledger activity propose appropriate adjusting entries assists audits providing supporting records documentation prepares reviews verifies accuracy journal entries accounting classifications assigned various records reconciles intercompany balance sheet accounts monthly basis report variances assists documentation processes establishment internal controls evaluate effectiveness efficiency business processes procedures accounting assumptions ongoing basis leads participate various finance ad hoc projects needed sap eledger transition tax analyst june august company name city state trained preparation federal tax provisions related financial statements disclosures trained preparation federal excise tax calculations experienced reconciliation detailed realized gain loss reports experienced pfic mark market adjustment computation using passive foreign investment company pfic identification procedures team lead sr research financial analyst june september company name city state helped clients understand historical transaction statements analyzed explained transactional transcripts e general ledger financial advisors assist clients researched cost basis shareholders cpas help preparation tax returns processed corrections adjustments complex transactions clients e monetary adjustments non monetary account maintenance monetary distributions researched retirement accounts shareholders enable make contributory distributor decisions recorded managed data within appropriate timelines gathered analyzed presented data resolve client escalation issues worked closely legal department resolve legal issues investment fraud subpoenas assisted department manager implementation quality control procedures communicated clients resolve problems regular basis investor services specialist october june company name city state reviewed market quotes acceptable fluctuation reasonableness accuracy responsible quality control financial transactions performed data entry generate shareholder reports regularly communicated clients assist retirement accounts assisted quality control processes include monitoring status reconciling fee bill processing assuring written policies procedures consistently applied identifying areas additional training needed utilized variety databases applications complete shareholders request results oriented hands skill research analysis business operations customer client support education mba accounting johnson wales university city state accounting bachelor science accounting johnson wales university city state accounting skills accurate bloomberg dtcc pace asset arena essbase great plains hyperion eledger sap access excel word powerpoint oracle quickbooks fiscal budgeting knowledge financial reporting
FITNESS,SALES,accommodation service executive professional summary customer service sales expert identifies customer needs delivers solutions problems driven exceed sales customer satisfaction goals build long term relationships clients creates positive experience high quality customer care bilingual manager able build lead train efficient friendly service teams core qualifications client focused results oriented quick learner superior communication skills cheerful energetic effective team player experience accommodation service executive current company name city state communicate partners telephone e mail provide guidance assistance regarding booking com platform extranet provide commercial advise orientation partners based booking com business model gather information solve partner guests issues regarding reservations order coordinate assistance customer service department review process new partnership registrations set ready open booking com webpage keep partners guests center operations guarantee maximum satisfaction customer service executive company name city state communicate customers telephone e mail provide information hotel reservations take enter information cancel reservations gather complaints details keep records customer interactions transactions recording details inquiries complaints comments well actions taken check ensure appropriate changes made resolve customers problems contact customers respond inquiries notify claim investigation results planned adjustments refer unresolved customer grievances designated departments investigation general manager sales manager company name city state managed sales team generating daily new memberships according sales quota interacted prospects new customers provided high level service achieve customer satisfaction company revenue hired trained sales customer service staff monitored customer preferences determine focus sales efforts developed implemented monitored programs maximize customer satisfaction manage projects contribute committee team work create maintain enter information databases general manager company name city state managed sales customer service operation control retention attrition responsible new hire process supervised employees reported district vice president guest service manager company name city state served public relations representative hotel assisted guests special requests visits answer inquiries pertaining hotel services guest registration travel directions make recommendations regarding shopping dining entertainment record guest comments complaints referring customers managers necessary transmit receive messages using telephones telephone switchboards accomplishments researched calmed rapidly resolved client conflicts ensure customer retention increasing per month consistently generated additional revenue skilled customer services sales techniques used generate new corporate accounts service high volume employee corporations satisfactory managed company new locations pre saleand openings guarantee revenue profit investment return education j law universidad santa maria city state venezuela law courses military law criminology bachelor science tourism iutirla city venezuela tourism hospitality management barcelona hospitality tourism instituto universitario de tecnologia industrial rodolfo loero arismendi el morro anzoategui graduated cum laude professional affiliations national association professional trainers languages bilingual english spanish proficient portuguese french italian skills customer services supervision decision making dependable staff training development problem solver public relations dynamic team player able motivate employees reach high level performance using maximum potential online skills development courses open university commercial awareness conversations interviews developing high trust work relationships difference challenge teams discovering development management facilitating group discussions making decisions speeches speech making importance interpersonal skills role manager three principles coaching approach
APPAREL,CONSTRUCTION,grocery clerk experience grocery clerk company name city state used pallet jacks hand trucks move merchandise sales floor stocking checked product shelves make sure contained proper price labels handled price changes requested manager pleasantly greeted customers provided prompt courteous service times maintained safe neat clean working environment times built displays hung signage products operated various types equipment including balers power jacks slicing machines rotated grocery products ensuring expired spoiled items immediately removed adhered first first rule removed trash swept mopped floors professional appearance received unloaded new items upon delivery checked products damage order accuracy assisted customers price checking finding requested items store recommended products customers drive sales uav technician avionics maintenance technician company name city state install remove inspect test maintain repair systems components ancillary equipment perform launch recovery flight line operations organizational maintenance box truck driver technician company name city state inspected truck defects safe operating condition trips established maintained excellent customer relationships safely loaded unloaded deliveries according size load content description inspected tires lights brakes gas oil water levels reported accidents damage malfunctions involving company equipment management answered customer questions regarding delivery promptly accurately used hand tools build crates hang chandeliers tv connect disconnect washers dryers set grandfather clocks picker ambassador company name city state pulled orders efficient manner maintain demanding productivity goals utilized system receive orders directions correct item locations printed labels packaged boxes loaded outbound containers removed items shelves storage bins scanned tags picked products specific routes according pick sheets delivery driver company name city state communicated customer complaints requests feedback company management contacted customers prior delivery confirm coordinate delivery times routinely answered customer questions regarding merchandise pricing worked night weekend shifts holiday season operated cash register cash check credit card transactions stower company name city state filled customer orders efficiency accuracy maintained clean organized workspace studied company safety procedures emergency protocols sorted products onto shelves according type separated damaged items functional ones placing shelves divided cargo received account number intended location tracked time spent assignments day productivity reporting warehouse manager driver company name city state trained new staff job duties company policies safety procedures rapid onboarding provided updates critical shipments corporate departments customers requested implemented enforced policies procedures entire logistics department maintained established levels goods based sales forecasts demand fulfill orders time handled employee conflicts efficient manner following company procedures ensured warehouse personnel properly trained certified equipment including forklifts pallet movers picked incoming stock delivered materials designated locations drafted budgets monitored warehouse costs reduced expenses possible maintained accurate stock records schedules conducted monthly inventories materials work floor communicated emergencies delays due weather carrier schedule changes customers supervisors oversaw hiring training new employees tracked time spent assignments day productivity reporting apparel clerk pic company name city state engaged customers sincere friendly manner worked management team implement proper division responsibilities completed point sale opening closing procedures including counting contents cash register actively pursued personal learning development opportunities cleaned organized store including checkout desk displays completed daily tasks special assignments efficient quality driven approach priced merchandise stocked shelves took inventory supplies built relationships customers increase likelihood repeat business assigned work team members based company needs personal strengths job knowledge verified customers received receipts purchases used time efficiently serving customers including folding clothes cleaning fitting rooms prioritized helping customers completing routine tasks store followed merchandising guidelines present visually appealing displays mentored new sales associates contribute store positive culture maintained established merchandising standards including window sales floor promotional displays steel worker current company name city state identified potential jobsite issues spoke supervisors immediately determine effective solutions operated heavy machinery safest manner avoid injuries accidents used hand tools change worn cutting tools consistently assumed additional responsibilities worked extended hours meet project deadlines prepared administered preventative maintenance work orders kept site work safe line budget schedule applicable building codes attended monthly safety meetings ensure machine operation safety inspected machine parts conformance product specifications met production goals maintaining cost effective levels spare parts inventory responsible wide variety duties including pipe fitting painting carpentry electrical repair installation building repair promoted shop safety working safe manner informed supervisors machines needed major service prepared cleaned construction sites removing debris loaded unloaded building materials used construction education high school diploma auburn mountainview high school city state summary collaborative individual well versed using heavy machinery job sites physically capable climbing scaffolding willing work shift necessary dedicated worker known providing daily updates supervisors considered team oriented player communicator skills approach backhoe bobcat budgets budget building codes carpentry cash register closing basic computer skills content credit delivery dependable driving forklift forklifts functional hand tools hand trucks hiring inspect inventory logistics machine operation machinery materials math meetings merchandising window works neat oil organizational painting personnel pick policies power tools pricing protocols quality fast learner reporting safety sales team player tv type written communication
BANKING,ACCOUNTANT,corporate controller summary flexible controller adapts seamlessly constantly evolving accounting processes technologies years accounting finance experience leadership staff executive team merger acquisition experience international public private equity firms diverse manufacturing software facilities staffing mortgage bank education airline multiple corporate structures fortune public private international multi state multi million dollar accounts general ledger cash mgt fixed assets budgets forecasts experience company name september current corporate controller city state oversaw accounting functions person staff accounts payable accounts receivable general accounting taxes payroll cash management finance lead acquisition grew company almost tenfold kimco facility services llc created acquired portion another company private equity firm revenue grew increased employees states grew accounting department approximately hired trained new staff led financial transition accounts payable accounts receivable payroll general accounting within months met transition team deadlines set new internal financial system database payroll accounts payable etc established new bank relationship accounts company finances primary contact bank account implementation day day finances setup ach positive pay files automatic payments user security settings payroll transferred employee records rd party payroll company within months set payroll tax interface direct deposit payroll debit cards accounts receivable transferred approximately k customer accounts implemented credit card payments changed remittances company new bank accounts payable set vendors transferred invoices rents utilities subcontractors implemented online expense reports transferred employee cellphone lines issued credit cards transferred vehicle licenses issued gas cards company vehicles business analyst moved back colorado dec worked remote traveled direct report executive team solve acquisition issues implement software process improvements including accounting procedures customer work order processes developed implemented billable work procedures linked revenue expense billable project increased revenue generation developed procedures trained field operations web mobile devices analyzed various options improve streamline company customer work order process implemented system track work orders company customers easier work order management field operations states improved key indicators internal customer needs gave management visibility developed work flows include auto assignments work orders managed database new users security setup work zones jobs provided annual budget analysis worked operations run reports analyze variances update system company name march current us accounting manager city state accounting manager person staff responsible us accounting payroll compiled us month end reporting debt stock management holding companies lead coordinator international offices australia asia pacific united kingdom russia south africa germany organized led annual external audit reduced audit time compared prior year reduced company month end close time days implemented world wide close schedule used us international offices key accountant acquisition german software company merged accounting systems generated k additional monthly income implementing new investment strategies company name january july campus controller city state oversaw accounting budget forecast month end campuses revenue led person staff multiple functional areas accounting financials student accounts financial aid bookstores scholarships responsible financials expenses financial policies student financial issues analyzed reported financials executive leadership team company name april august financial tax analyst city state analyzed interpreted monthly financial data used corporate board reporting created budget forecast australian deal assisted setting subsidiary company prepared tax information canadian us corporate tax returns filings company name december april corporate controller city state annual revenue consolidated financials holding companies states processed monthly transactions financial statements reviewed financials general managers corporate officers key accountant acquisition pepsi lane pepsi bottle group fortune public integral lane financial consolidation pbg due diligence effort merged lane accounting financial processes pgb structure company name april february corporate controller city state controller day day accounting operations led staff compile month end reporting general ledger bank reconciliations fuel cost payroll acct employees month end variances rents landings utilities maintained fixed asset account airplanes vehicles equipment airports company name december april account reconciliation coordinator city state company name december april staff accountant city state company name february february staff accountant city state education regis university mba business administration city state university northern colorado bachelor science business administration finance minor city state skills accounting financial statements business financial analysis budgeting month end close bank reconciliation cash management general ledger fixed assets streamline processes review implement software policies accounts payable accounts receivable expense reports software accounting winteam citrix budgeting peoplesoft ability brio reporting mas accpac fas best quickbooks general outlook microsoft corrigo work order network excel mortgageware jack henry jd edwards campus vue professional affiliations leadership pikes peak june
HEALTHCARE,INFORMATION-TECHNOLOGY,system administrator assistant supervisor professional background years experience diversified background facilitator contingency planning seasoned information technology leader team player technologist ability evaluate problems develop strategies implement information technology solutions years progressive experience developing implementing logistics system support aircraft logistics healthcare management information command control systems particularly adept handling change start problem situations involving business processes supporting systems directed successful implementation financial healthcare logistics management technical information systems completely knowledgeable experienced support planning techniques weapon logistics transportation security healthcare management critical mission computer systems architectures support provided ranges technical systems functional contributor program manager business developer consultant depending needs program customer skill highlights strong medical ethic problem resolution ability professional experience current system administrator assistant supervisor company name city state edwin combs supervisor assistant amc supervisor functional systems administrator fsa scott air force base amc logistics systems focal point integrating ustranscom af maf amc logistics c logistics management systems insure seamless user friendly system support mobility air forces global reach mobility missions primarily insures basic infrastructure policies programs support worldwide enterprise logistics system delivering implementing lean logistics framework needed provide support af e log initiatives needed integrate dod joint af support war fighter understand technologies xml java interface communications technologies needed support af amc efforts areas technical data logistics management business intelligences implementation distribution user access levels mobility enterprise additionally completely understand technologies transactional processing systems unix windows publish subscribe using web services bi seamless data sharing relational databases data repositories gui tools wireless networks etc provides technical advice design development sustainment management c logistics systems assists development functional guidance new systems major system modifications system integration needed support logistics operations planning management execution business processes needed support amc mobility operational concepts af digital technical data st century ten years specialized experience diagnostics troubleshooting personal computers lan local area network related components windows vista xp networks users configures user accounts security groups directory resources administrator dra lead technician setting private network shipped site bases include microsoft server active directory created standard operation procedure sop vtc operating instruction oi communications security comsec coordinates schedules provides training users vtc equipment tandberg vosip telephones computer related equipment divisions primary video teleconference facilitator eight years maintains one vtc room unclassified classified vtc responsible coordination setting vtc approximately month primary comsec responsible officer commands vtc healthcare consultant company name directed successfully implemented health screenings include blood pressures cholesterol diabetes testing fortune companies daimler chrysler union pacific railroad database management using health risk assessment tool analyzed data provide companies detailed metrics employee health assessments contacted major health organizations request informational materials addition created fact sheets presented individuals regarding results screening answered general questions often recommend customers contact physician provided educational materials customers contact information customers needed physician assistance clinical research associate company name responsible developing documenting advocating implementing integrated medical system concepts bmt division program lead four pharmaceutical companies hospital clinical trials lead data integration within bmt division developed maintained records database study patients information identified reported provided recommendations bmt staff regarding clinical studies responsibilities included patient contact inform procedures side effects follow physician established effective working relationship persons different organizational levels company name responsible developing documenting advocating implementing integrated medical system concepts bmt division program lead four pharmaceutical companies hospital clinical trials lead data integration within bmt division developed maintained records database study patients information identified reported provided recommendations bmt staff regarding clinical studies responsibilities included patient contact inform procedures side effects follow physician established effective working relationship persons different organizational levels united healthcare roho incorporated education training masters information management webster university city state information management bachelor science health education southern illinois university city state health education may master arts computer resource information management webster university computer resource information management coursework program management systems analysis design database management security business administration business administration bachelor arts community health education southern illinois university edwardsville il community health education associate science southwestern illinois community college may microsoft certified systems engeneer mcse microsoft certified systems engineer certification managing maintaining windows server environment implementing managing maintaining windows server network infrastructure may security certification skills active directory air force basic bi business processes database management database fsa functional gui instruction java local area network lan logistics managing materials access microsoft certified microsoft certified systems engineer mcse windows enterprise network networks organizational policies program management relational databases risk assessment standard operation procedure sop supervisor systems analysis design system integration technician telephones troubleshooting unix video vista xml
AVIATION,HR,aviation safety assistant career overview receive telephone calls give routine non routine information answer questions direct calls visitors appropriate person office receive control internal external correspondence congress commissioners well suspense items routing materials directly appropriate person office action prepare type variety correspondence reports forms requisitions requests personnel actions legal documents using personal computer reviewing grammar syntax according established policies prior routing final copies signature determine deadlines offer suggestions concerning actions taken organize maintain official files records manuals handbooks data manual electronic maintain supervisor calendar schedule appointments meetings conferences prepare notes regarding topics discussed make travel arrangements prepare travel vouchers serves purchase card holder business unit responsible procuring supplies materials balancing reconciling credit card statements invoices ensure accuracy collecting retrieving consolidating responses program managers used reporting documenting tracking commitments behalf program managers business units ensure deadlines time frames met timekeeper employees supervision director utilizes office automation software word processing database management electronic spreadsheet applications recommends implements changes clerical administrative policies procedures office along providing accurate timely advice regarding administrative processes efficiencies whole applies comprehensive body human resources rules procedures technical methods necessary support staffing functions applies appointing authority criteria qualification standards employment regulations procedures assist specialists managers recruiting selecting applicants employment initiates tentative firm job offers selected applicants explaining federal employment benefits applicants obtaining transfer data applicants currently federal service mentors throughout hiring process program specialist boarding processes new hires acceptance letters boarding paperwork issuing oath office assisting collection processing new hire documentation alternate program specialist training agency wide staffing time keeping benefits compiling weekly activity gains losses reports completed certificate courses graduate school federal human resources overview position classification staffing employee labor relations served records management custodian human resources answering phones scheduling appointments maintaining calendars multiple directors ordering supplies arranging facilitating staff meetings component heads directors taking minutes maintaining files records management systems compiling merging organizational charts phone rosters emergency recall systems arranging travel staff using government authorized systems time attendance keeping drafting editing inter outer office correspondence tracking suspense items response completion working budget finance personnel funding tracking funding spend plans fiscal quarter event coordination planning front office project management greeting visitors distributing mail drafting editing operating instructions memos according standardized dod templates duties assigned sorts distributes mail answers phones inspector general executive staff greets announces visitors executive staff performs time keeping duties front office inspector general maintains orders supplies executive staff inspector general updates contact lists inspector general staff treasury executives manages calendars executive staff schedules meetings appointments hosts teleconferences internet meetings directors executives prepares weekly report treasury reviews controls edits maintains correspondence system suspense items congressional correspondence updates reports reconciles purchase order requests invoices director finance accountability takes minutes senior staff meetings directors meetings via webex prepares various forms internal external correspondence inspector general approval signature posts assignments sharepoint website review chief operations enters tracks retrieves data various electronic databases handles travel arrangements inspector general special advisor associate inspector general mission support needed govtrip attends meetings delegated management represent tigta serves resource person administrative staff training various systems projects needed aids boarding process new executives new hires teaching various procedures systems training overview editing reviewing gathering compiling information ig review using judgment various projects determine best course action areas concern able work independently utilize available resources needed support guidance receiving calls visitors determining nature business giving routine non routine information answering questions accordance service policies operations directs callers visitors appropriate person office sorting distributing mail suspense items routing directly appropriate person office action following outstanding controls assembling background information routing mail supervisor preparing correspondence reports requisitions requests personnel actions legal documents using electronic typewriter word processor pc reviewing outgoing correspondence proper format conformance procedural instructions grammar punctuation spelling attachments organizing maintaining files records manuals handbooks related materials keeping master files updated maintaining manager calendar schedules appointments assembles background materials prepares agenda coordinates travel arrangements inputting retrieving extracting information using electronic databases building case files revenue officers managing case files needed per manager discretion handling sensitive confidential information according procedures ensure data security participating workgroup training meeting sessions document minutes providing basic coordination pertinent information office functions internal external customers ordering required tests requesting ad managing medical records ensuring accuracy completion according policy scheduling appointments patients greeting patients family members visitors clinical setting requesting maintaining medical records encounter forms internal external providers determining eligibility means testing travel vouchers upon requests upon due date requests transcribing doctors orders essential testing return appointments registering patients er visits updating demographics financial information using electronic databases processing patients id cards photos compiling inpatient daily census reports creating maintaining updating medical records using terminal digit filing system processing requests medical records accordance privacy act hippa guidelines ensure patient privacy protection maintaining daily contact staff patients visitors exceptional people skills performing reception duties records keeping clerical duties related patient care handling request lab ekg x ray procedures transcribing doctors orders coordinating referrals specialty areas scheduling patients appointments answering incoming calls general public well patients family members regarding appointment changes directions instructions sourcing interviewing patients regarding initial treatment eligibility treatment capturing patient demographics registering new patients medical treatment reviews records administrative errors ensures means tests completed prior patient seen supervisor ola mcghee okay contact supervisor yes professional experience aviation safety assistant company name city state supervisor greg benson salary usd per year hours per week series pay plan fg grade administrative assistant company name city state supervisor barbara fiebich salary usd per year hours per week series pay plan gs grade human resources administrative assistant company name city state supervisor patrick waller salary usd per year hours per week series pay plan gs grade group secretary company name city state supervisor bobbie graham salary usd per year hours per week series pay plan gs grade education nursing business college gpa gpa gpa maximum credits earned semester hours nursing business human growth development anatomy physiology ii medical terminology public speaking general psychology ii english composition intro computers safety training medical terminology ms office hippa training present typing wpm idrs training ics windows fed state training tcm paris webta webex sharepoint management assistant cpe sharepoint training visio training federal human resources overview graduate school position classification graduate school staffing graduate school employee labor relations graduate school general education office education central high city state united states general education office education nursing organizational leadership college gpa gpa gpa maximum credits earned semester hours nursing organizational leadership medical terminology anatomy physiology anatomy physiology ii psychology ii iii nutrition english composition public speaking psychology organizational theory foundations math english reading analysis public administration leadership development university memphis city state united states southwest tennessee community college city state united states certifications time keeping purchase card holder govtrip recommending ensuring cost effective use funds operation maintenance travel program travel card holder records management budgeting pcps regis formerly boss performing basic budget accounting assignments collecting financial data performing reconciliations compile summarize data prepare reports compiling obtaining summarizing narrative information quantitative data using excel ms word office software programs e g power point serve tools accounting reporting enter modify retrieve delete information automated accounting system answering phones collecting distributing preparing mail data entry case updates eir preparing requisitions forms maintenance preparing training materials providing technology logistics support gathering information use conducting analysis policies impact programs internal revenue service ellin road lanham md personal information united states salary usd per year hours per week series pay plan gs grade languages read spanish skills accounting basic budgeting budget data entry english financial forms funds human resources hr labor relations leadership development logistics math medical terminology excel mail ms office office power point windows ms word organizational personnel policies psychology psychology public speaking reading read reporting safety spanish staffing supervisor tax answering phones training materials treasury typing wpm visio written composition additional information united states salary usd per year hours per week series pay plan gs grade novice novice novice affiliations national honor society college students inductee additional information monetary award performance job monetary award sustained outstanding performance job pin awarded valuable suggestion submitted save money facility monetary award team effort achievement
BUSINESS-DEVELOPMENT,DIGITAL-MEDIA,director business development professional experience director business development january current company name city state advise marketing strategy business models strategic alliances private clients education scientific healthcare verticals recent projects include american chemical society developed business plan marketing strategy media relations global launch research management software product competitive stm marketplace college factual com advice brand positioning ux strategic relationships college rankings portal based consumer value led partnerships wounded warrior project veterans affairs global giving developed key marketing messages brand stories international non profit developed marketing strategy business opportunities environmental nonprofit focused transforming market healthy building materials product development pricing monetized specialized consulting services prominent clientele including leading healthcare green building commercial building owners surveyed marketplace identify service value competitive pricing yielded increased revenue market segmentation repositioned healthy materials database toxicity screens chemicals targeted green building product environment segmented product users understand product challenges opportunities vice president business development january january company name city state led cross platform revenue initiatives dominant online ranking franchise america best encompassing education health personal finance legal politics verticals strategic partnerships led cross divisional team integrate complex joint venture launching revenue producing website within days pricing renegotiated underperforming partnerships analyzing google trends optimize pricing deal structuring doubled annual revenue health insurer analyzing value google keywords renegotiated contract realize additional revenues increase cpl product development generated four new products nine months estimated produce k annually developed lucrative marketing program focused hospitals high margin specialties initiated hybrid partnership lead generation brand licensing senior living category tripled value brand licensing health education categories via pricing analysis home advertising top ten media markets director content strategy january january company name city state sourced negotiated managed cross platform distribution partnerships leading cable companies including charter communications virgin media negotiating negotiated complex licensing partnerships news music games sports technology providers resulting margin company partnerships managed successful business relationships national accounts including viacom associated press major league baseball weather channel american greetings deal structure sourced internet radio provider provide channels customized content backdrop digital copyright restructuring legislation budget management reduced content costs renegotiating deal terms large media content partners resulted budget savings annually retention business critical providers vice president business development january january company name city state director developed digital business initiatives four national magazines cable channel built consensus across divisions invest new business models protected advanced iconic brand online revenue development generated k annually syndication revenue product development four week deadline sourced produced skus big box store distribution deal resuscitated flagship reference product line bankruptcies doubled unit sales operating income innovative licensing strategy partnerships negotiated profitable multi year marketing partnerships national isps resulting increase web traffic drive advertising e commerce revenue established profitable licensing relationships partners greece croatia germany italy vice president marketing january january company name city state recruited aol colleagues manage e commerce start including marketing strategy strategic relationships communications garnered national print broadcast coverage pre google era helped position company profitable acquisition national tea retailer manager partner marketing january january company name city state directed partner relations partner marketing hyper growth period preserving key alliances significant changes business model led cross divisional team including technical editorial legal advertising onboarding strategic partnerships national football league cbs sportsline abc news bloomberg l p nbc reuters web business week marketing strategy developed average customized marketing campaigns month national media partners viacom business week idg hachette filipacchi ziff davis nbc response rates managed multiple agencies developed successful creative resulting record setting customer acquisition alliance partnerships directed partner management hyper growth period managing key national accounts challenging restructuring effectively liaised parties preserve long term business relationships resulting savings budget development developed managed annual partner marketing budget staff six education master science communications university tennessee master science communications university tennessee bachelor arts journalism university oklahoma bachelor arts journalism university oklahoma marketing strategies growth education university north carolina chapel hill city state us marketing strategies growth executive educatio university north carolina chapel hill certifications professional affiliations executive blogger dc ecowomen washington dc skills marketing marketing strategy business development healthcare advertising business plan clients hp ux media relations unix ux product development transmissions budget national accounts restructuring increase pricing budget management games greetings finance joint venture joint ventures lead generation new products home pricing analysis sales sales accounts onboarding partner marketing audience segmentation building design building materials commercial building database market segmentation segmentation
AVIATION,ENGINEERING,software engineering co op summary highly skilled accomplished computer software specialist years technical experience programming development across multiple platforms software design development integration advanced knowledge mysql css c expertise aspects software development life cycle including requirements analysis design development production support experienced software developer dedicated constantly improving tools infrastructure maximize productivity minimize system downtime quickly respond changing needs business exclude intensive background develop testing debugging code designing interfaces administrating systems networks tenacious hard worker self directed motivated great leadership skills able work team adaptable quick changing technical environment highlights mysql postgresql sqlite nosql leveldb programming languages c c perl php python go javascript bash sql visual basic net languages css html xml markdown regular expression sass operating systems linux unix tools netbeans vim visual studio ms visio ms access wordpress git google analytics docker microsoft office package strengths include full life software life cycle development expert programming designing software testing troubleshooting advance critical thinking database object oriented development website design development software engineering object oriented development work history full stack engineer logontutor llc cincinnati oh design implement ecommerce website php using mvc oop integrate rd party tools php using xml api authorized net charging credit cards online whiteboard paypal create admin page php tracks user browsing history incomplete registrations user clicks custom links user communication exchange write command line scripts bash automate system administration tasks database backup website deployment mar present project manager seeketh org senior project cincinnati oh managed team students implementation information retrieval system php searched bible using natural language processing experience software engineering co op company name city state wrote perl script scanned file directory tree converted every file proprietary file format excel compatible csv format designed algorithm visual basic identify make changes bad sectors data education bachelor science electrical engineering jun university cincinnati city state electrical engineering present affiliations treasurer young people union city state member emerging ethnic engineering program certifications awarded university cincinnati school electronic computing systems outstanding senior design project award sep jun component engineering co op l communications ce mason oh parsed manipulated data relating electrical components updated company intranet pages mar jun skills net api automate backup bash c c credit critical thinking css database designing ecommerce engineer xml google analytics html php javascript linux ms access excel exchange microsoft office package mvc mysql natural language processing nosql object oriented oop operating systems page perl postgresql programming python scripts script software engineering software testing sql system administration troubleshooting unix visio visual basic visual studio website design development website
CONSULTANT,ACCOUNTANT,consultant summary results oriented california cpa adapts seamlessly constantly evolving accounting processes technology capable managing multiple projects consistently meeting deadlines pressure extensive knowledge accounting software processes skills complex problem solving analytical reasoning financial statement analysis sox compliance business function consolidation process engineering system requirement writing implementation testing outstanding interpersonal organizational skills excellent oracle skills modules oracle fsg report writing advance excel access proficiency high adaptability new technology account reconciliation expert experienced revenue recognition experience company name city state consultant current member special project team bring client offshore accounting function back u traveled overseas thoroughly learn understand complex revenue recognition model subsequently closed year end provided training client u team transition went smoothly efficiently completed prior original target date engaged client divestiture process responsible training transitioning accounting functionality client buyer resulting smooth transition sold business unit managed monthly maintenance changes oracle flexfields financial statement generator fsg ensure financial reporting accurate reflected date corporate rollups member oracle upgrade team created validation methodologies order ensure financial reporting integrity served key contributor client monthly quarterly close consolidation process managed monitored database close tasks journal entries coordinated various accounting groups ensure close smooth timely assisted client quarterly annual audit financial information external auditors stepped role cost accounting quarter end days notice addition contributing successful quarter end identified weakness existing inventory cost accounting process recommended solutions improvements company name city state consultant responsible complex monthly revenue recognition reporting trend analysis reviewed contracts interpret determine implement maintain royalty rate database calculated performed royalty variance analysis monitored billing royalty ratio determine reasonableness identify billing royalty miss match prevented incorrect billing royalty payments reviewed monthly closing process recommended improvements implemented work flow streamlining identified relevant reports recommended methodologies created new journal entries mid month close due client company ownership change contributed timely completion acquisition utilizing accounting hybrid experiences researched identified source data various systems designed created tools provided consolidated revenue expense ratio analysis management team company name city state business system analyst oracle application customer facing resource liaised project managers enterprise architects business users various development teams review analyze evaluate approve complex business functional requirements partnered stakeholders forecast project costs delivery time ensure senior management successful prioritization projects facilitated joint application design sessions development teams created business requirement traceable system requirements test cases method procedures short interval schedules resulting efficient timely delivery projects coordinated design system requirement approvals maintained documents doors system comply sox requirements actively communicated participated problem solving release environment teams development quality assurance user acceptance testing production post production warranty periods achieve efficient transitions various project phases supervisor revenue accounting analysis managed three revenue accounting staff members selection operation personal growth development conducted one one sessions regular basis performed mid year annual reviews ensured timely accurate reporting service revenue arpu accordance various gaap accounting rules contributed effort successfully shortening company revenue accounting closing days three weeks four business days worked closely financial planning team revenue trend analysis forecasting operation team preparation documentation development revenue recognition methods new products services cooperated external auditors quarterly annual audits internal teams sox control testing documentation supervised prepared accurate timely reports analysis aspects financial statements relation revenue deferred revenue cost revenue operation metrics prepared monthly reporting analysis packages management team implemented enhanced financial system streamline revenue reporting company name city state corporate accountant performed monthly closing variance analysis reconciliation complex accounts reviewed account balances aging trends provided flux analysis internal financial reporting forecasting external audits participated contributed account transaction data analysis oracle implementation communicated cooperated international domestic subsidiaries streamline closing process prepared monthly fixed asset mass additions deletions depreciation inter department asset transfers calculated recorded monthly foreign exchange gains losses reviewed interpreted contracts related accounting publications ensure appropriate reporting various expenses documented implemented accounting control procedures sarbanes oxley compliance company name city state marketing business analyst accounting manager completed cisco vovida integration successfully cisco acquisition teams facilitated cross functional global sales meetings field marketing teams resulting effective communication timely resolution major account issues renee chen obtained consolidated analyzed major account information sales marketing teams continuing basis resulting availability date forecasting quarterly sales revenues established vovida networks inc accounting department recruited trained managed staff accountant implemented internal controls rapidly growing start environment provided revenue expense budgeting forecasting reporting cooperated cisco acquisition teams due diligence process closed acquisition within month announcement company name city state senior accountant responsible general ledger analysis monthly year end closing project revenue cost analysis designed prepared monthly actual budget comparative financial statements departmental managers senior executives board directors responsible revenue expense forecasting corporate departmental level responsible reviewing interpreting contracts implement revenue recognition policies procedures per fasb guidelines facilitated tax returns annual audits cpa firms responsible managing maintaining platinum frs financial reporting system company name city state associate tax analyst performed financial statement auditing provided tax research planning services variety clients prepared complex quarterly annual federal state local property sales use tax returns multi state corporate clients assisted clients records provided book keeping services company name city state corporate tax analyst analyzed variety general ledger accounts interpreted financial information derive income losses tax reporting purposes education training master science accounting taxation san francisco state university accounting taxation extensive course training fields corporate finance taxation business law bachelor science business administration accounting san francisco state university business administration accounting coursework accounting finance marketing information systems skills accounting accountant accounts payable accounts receivable streamline application design auditing billing book keeping budgeting budget business law business process cisco closing excellent communication interpersonal skills contracts corporate finance cost accounting cost analysis cpa client clients data analysis database delivery documentation doors due diligence senior management external audits finance financial financial planning financial reporting financial reporting financial statements forecasting foreign exchange functional general ledger general ledger accounts information systems inventory managing marketing meetings enterprise networks oracle oracle application oracle financials oracle financial platinum policies problem solving publications quality assurance report writing reporting requirement revenue recognition sales sarbanes oxley supervisor system analyst tax tax research tax returns team player trend upgrade validation variance analysis year end activities honors california cpa completed uc santa cruz certificate project program management coursework sql relational database
HEALTHCARE,DIGITAL-MEDIA,pa media group summary position involving utilizing marketing management skills knowledge gained throughout education job experience highlights deep understanding google analytics analyzing website traffic trends help make business decisions experienced tracking optimize advertising campaigns heavy experience digital marketing search target ads email social display mobile sold managed numerous multi platform digital marketing plans reading interpreting digital reports extensive print experience effective leading team organized take direction well open minded customer service experience sufficient computer based skills work well pressure event planning experience reference available upon request experience pa media group current company name responsible maintaining growing real estate category help clients understand utilize pa media group digital marketing platforms secure leads boost brand awareness involves deep understanding audience targeting sem seo smo email pinterest video rich media content marketing realtor builder apartment specific advertising print advertising collaborate clients come best strategies fit needs monthly reporting calls clients go advertising success analyzing google analytics account must google analytics daily responsible showing success advertising campaigns google analytics also must show trends optimize campaigns using google analytics deep understanding google analytics critical making sure clients making correct advertising choices provide clients every report need google analytics assist responsible creating monthly reporting decks clients reports summarize going website website traffic working best needs changed marketing strategy currently responsible managing one company largest digital campaigns deep understanding google analytics manner utilize client healthcare account executive main responsibility grow retain new old healthcare related businesses must find new business opportunities well maintain current book business must knowledgeable full understanding audience targeting sem seo smo email blasts pinterest video ads rich media content marketing whatever new product company launches position critical deep understanding google analytics must ability tie digital campaigns back customers google analytics able able translate information google analytics customers understand also find information useful goal indispensable resource customers currently response managing maintaining companies largest digital accounts must work whole healthcare team maintain open communication overlap prospecting efforts real estate executive marketing media consultant company name responsible learning understanding selling products media kit accountable maintaining book business repair past customer experiences maintain current customer relationships create new relationships create develop effective marketing solution packages customers campaign management included utilizing google analytics optimize campaigns knowledgeable full understanding audience targeting sem seo smo email blasts youtube ads pandora ads project leader best york tab readers choice tab parade homes tab home show tab active part marketing committees york builders associations york economic alliance company representative responsible hitting monthly sales goals retail real estate digital responsible hitting goal tab responsible managing maintaining pitching largest local accounts marketing intern conference center shippensburg university spring semester worked customers internship made multiple documents packets helped coordinate set events sending e blasts trained vizergy started process getting new shippensburg brochure started designed brochure present shippensburg area commerce final project internship coordinating planning networking event guests company name sales associate responsible greeting customers assisting customers choices problems getting products selling credit card customers running cash register creating displays unloading organizing shipments unpacking shipment organizing carts putting together furniture leadership project leader point person best york tab readers choice tab parade homes tab home show tab training assisting new hires pier imports coordinated plan events internship education bachelor science marketing general management shippensburg university john l grove college business city state marketing general management aacsb international gpa gpa internship conference center shippensburg university dean list fall semester spring semester dale carnigie international gpa internship conference center shippensburg university dean list fall semester spring semester dale carnigie skills ads advertising book brochure cash register content credit client clients customer service experience direction email event planning google analytics leadership managing marketing plans marketing strategy marketing networking organizing print advertising project leader reading real estate reporting retail selling sales video website
AUTOMOBILE,ENGINEERING,data analyst professional summary industrial systems engineering graduate certified base sas programmer lean six sigma green belt strong background statistics mathematics logical problem solving looking dynamic opportunity data driven fields analytics statistical modeling core qualifications data science tools r base sas python numpy pandas matplotlib scikit learn spss minitab matlab apache spark sql ms excel ms visio tableau mysql oracle database microsoft access key competencies data extraction data wrangling data analysis data visualization regression analysis linear logistic multinomial time series analysis association rule mining monte carlo simulation optimization random forests experience current data analyst company name state student manager company name state undertook leadership advisory role training newcomers hone culinary behavioral skills projects classification customers credit card company jan may performed logistic regression credit card company dataset classify clients credible non credible extracted crucial factors simplify classification model using exploratory factor analysis developed validated model classify future customers aid decision making simulation analysis adding second parking ticket booth mall aug dec assessed distribution trends incoming customer patterns performing statistical analysis matlab expertfit additional booth modeled using arena reduced average waiting time per customer minutes minutes statistical analysis defects clutch plate manufacturing six sigma study jan may dmaic methodology define measure analyze improve control implemented understand cause defects data statistically analyzed help control charts using minitab intern company name identified areas assembly line light commercial vehicle operations could housed developed detailed model improved layout accommodate operations using autocad improve space utilization consultant self storage company classify customers worthy worthy based activity company website using random forest algorithm built model r model deployment using python currently building reservation model public storage forecast customer would reserve storage education aug masters science industrial systems engineering binghamton university state university new york industrial systems engineering may bachelors engineering mechanical engineering osmania university mechanical engineering skills apache autocad charts credit clients data analysis data visualization databases dec decision making layout leadership matlab microsoft access ms excel minitab mysql optimization oracle database python sas simulation six sigma spss sql statistical analysis tableau visio website
AUTOMOBILE,ADVOCATE,legal assistant summary dedicated focused administrative assistant excels prioritizing completing multiple tasks simultaneously following achieve project goals seeking role increased responsibility authority highlights fluent spanish microsoft office proficiency excel spreadsheets meticulous attention detail results oriented self directed time management strong problem solver accomplishments processes served sole assistant attorneys phases litigation awarded best performer month month april awarded perfect attendance year experience legal assistant company name city state schedule meetings mediations hearing dates depositions review reports witnesses police assist attorneys preparing trials court proceedings draft deposition trial subpoenas draft file pleadings motions legal assistant company name city state compose revise legal documents attorneys upload executed documents lps coordinate hearings opposing counsel set confirm hearings judicial assistants prepare file notices motions correspondence track maintain busy attorney schedules paralegal company name city state manage administrative tasks three senior partners compose revise legal documents attorneys ensure legal documents processed handled timely efficient manner order comply appropriate regulations deadlines perform whatever necessary get job done provide firm clients excellent service performance education diploma american senior high school city state associate arts legal studies keiser university city state legal studies skills administrative attention detail attorney clients legal documents meetings ms office police research fluent spanish
AVIATION,FINANCE,trip coordinator accomplishments developing new processes captures procurement minimize work flow time departments maintaining competitive cost structure restructuring response changing market acquisitions changed non manager financial technician position manager operational finance position included managing two department budgets day day operating procurement delivered results erasing million expenses along innovative ways cut cost ongoing basis professional summary skills executive summary financial analyst extensive experience aspects corporate expenses exceptional coaching mentoring leading departments support operating budgets procedures development financial forecasts guidelines models operational cost core qualifactions financial accounting procedures corporate finance reporting presentations cost control procurement pricing analysis budget development management sourcing strategies development performance optimization process management effective communication relationship management document reporting advanced microsoft products reporting presenting work history trip coordinator company name city state scheduled aircraft coordinate flight crew accomplish charter requests resolve operational failures customers owners flight crews interpret current weather weather forecasts provided faa familiarity far aim part rules regulations utilize fos nt microsoft word excel outlook responsible improving simplifying operational procedures sales operations manager company name city state accountable departments operating budget including developing annual operating plan expense forecasts executive management reporting responsibilities include negotiating competitive rates purchasing monitoring enforcing contracts compliance report executive management manage staff direct reports manager operational finance compile analyze financial information department heads managing invoice approval reconciliation billing compliance invoices per year develop integrated revenue expense analyses projections reports presentations create analyze monthly quarterly annual reports accuracy create key performance metrics finance executive management report presented weekly management lead several financial operational projects included turning aircraft air ambulance relocating company increase profits identify patterns subsequent spending activities help optimize purchasing strategies maintained departments budgets airline flight department perform financial forecasting reconciliation internal accounts chain vendors handle complex high level financial analysis cost domestically internationally present discuss analysis upper management along goals managed business relationships suppliers service providers contract providers industry experts develop annual operating plan provide monthly expense forecast identify patterns demand subsequent spending activities help optimize purchasing strategies negotiate purchase agreements long term strategic plan supplier necessary commodity thereby allowing company leveraged position terms margin enhancement determine degree risk liability contract compliance non compliance based upon annual spend vendors suppliers lead operational changes communication entire company management two fleet lear passenger operations quoting reporting profits reconciliation expenses related operations education masters business administration financial leadership franklin university city state financial leadership bachelor degree science financial management franklin university city state science financial management bachelor degree science business administration franklin university city state science business administration skills ambulance balance billing budget development management budgets budget bi coaching competitive contracts corporate finance cost control executive management expense reporting finance financial financial accounting financial analysis analyze financial information financial analyst financial forecasting financial forecasts managing mentoring microsoft products excel outlook nt microsoft word month end close negotiating optimization presenting presentations pricing pricing analysis process management procurement profit purchasing relationship management reporting sales scheduling sourcing strategies strategic annual reports
BUSINESS-DEVELOPMENT,HR,business development marketing summary business administrative professional years experience providing advanced office support busy organizations strong contract administration skill budget management client relation skills highlights florida public notary knowledge hippa policies guidelines patient safety medicaid billing using igea software ability coordinate complex projects goal oriented individual strong leadership capabilities excellent calendar management skills contract administration skills microsoft office proficiency meticulous attention detail self directed experience business development marketing november september company name city state acts public relations representative externally internal conducts facility visits directed ceo maintain high profile visibility within emergency transport service community represent cai different conferences management social media accounts liaison cai patient family posted open positions company social media websites created powerpoint presentations used business development cooperated medicare medicaid private insurance providers resolve billing issues office duties general corporate associate hr assistant august october company name city state properly routed agreements contracts invoices signature process organized files developed spreadsheets faxed reports scanned documents made copies sent faxes handled incoming outgoing correspondence dissolutions withdraws corporations llc lp etc maintain investors accounts updated sharepoint dynamo coordinated complex domestic international travel arrangements top executives provided administrative support human resources director assist hr director employee compliances including benefits workers compensations etc input vacations sick pto data system employees usa territory input new hire information data base program assisted preparation performance review forms prepared new employee files verified documentation maintained files maintain tracking system employee work authorizations ensure personnel files complete current audits informing hr department pending file requirements necessary assisted hr director various research projects special projects maintained reserved executive conference room calendar received screened high volume internal external communications including email mail received distributed faxes mail timely manner admissions director october july company name city state coordinated start care adult patients seeking home health care working managed care companies order determine level care needed verification benefits patient registration assists scheduling aide weekday weekend holiday coverage coordinate lpn rn pt schedules schedules nursing call holiday weekends hours staffing sets appointments admissions nurses verifies next kin demographic information coordinated accompanied account representatives making presentations large small clients build grew census quality mix developing market providing prospective patients responsible parties appropriate information assistance choosing nursing center updated personnel files track change personal contact information updated licenses additional education training maintained employee personnel health files office coordinator october september company name city state supported clinic operations direct involvement physician nurse respective department support clinic operations checking patients front desk verifying demographics insurance information obtaining referral authorization collecting copay deductible scheduling appointments entering daily clinic charges front desk functions answered phone triaging calls scheduled appointments scheduled diagnostic testing surgical procedures obtained referral authorizations maintaining physician calendar admissions coordinator august october company name city state complete verification benefits patient registration liaison person interfacing referral sources outside agencies health professionals field staff negotiated better pricing service medical products volume purchasing responsible facility medical supplies including maintaining inventory education bachelor sciences interdisciplinary studies keiser university city interdisciplinary studies select one languages bilingual advance fluent english spanish skills administrative support scheduling appointments benefits billing conferences contract administration data base documentation filing forms home care home health human resources hr insurance maintaining inventory leadership director management skills market sharepoint internet research patient safety personnel policies presentations pricing public relations purchasing quality research scheduling staffing phone transportation travel arrangements
PUBLIC-RELATIONS,SALES,city carrier assistant professional summary results oriented service driven psychology professional analytic problem solver capable insightful decision making skilled troubleshooter able synthesize disparate pieces data draw meaningful conclusions execute concise implementation plan astute project manager also function efficient team leader also operate team player demonstrating common sense working effectively highly pressurized workplace settings filled shifting priorities tight time frames influential consensus builder possessing finely honed interpersonal ability proven record exhibiting personal integrity organizational levels skill highlights microsoft office suite word powerpoint outlook excel spss research data public relations crisis management relationship building project management customer service quality consciousness attention details professional experience september current company name city state city carrier assistant established long term customer relationships prompt courteous service operated motor vehicles safe efficient manner met surpassed productivity targets quality standards obtained signatures needed complete process paperwork timely manner handled merchandise accordance product handling standards loaded unloaded merchandise stores vendor locations january current company name city state event ambassador developed professional sustainable relationships adult youth clients promoted events scheduled timeframe attended client events assisted setup cleanup presentations remained engaged clients event attendees assist questions concerns applied counseling crisis management protective services needed october december company name city state stock clerk selected products specific routes according pick sheets unloaded picked staged loaded products shipping transported goods racks shelves vehicles worked rapid pace meet tight deadlines may august company name city state sales assistant cashier enforced company policy demonstrated integrity facilitating cash credit transactions ensuring smooth daily operation generated sales revenue engaging customers sales floor demonstrating knowledge store discounts promotional programs positively contributing company profitability good replenished floor stock processed shipments ensure product availability customers may august company name city state stock clerk displayed advertising signs visuals merchandise attract customers promote sales stocked shelves merchandise inventoried items reordered replenished answered customers questions merchandise advised merchandise selections safely operated manual electric pallet jacks praised management fast efficient worker requiring little supervision broke heavy pallet loads cases boxes bags may august company name city state cashier host greeted seated guests timely manner provided assistance servers accurately operated cash registers pos transactions cash credit maintained awareness promotions advertisements practiced suggestive selling accurately recorded orders partnered team members serve food beverages exceeded guests expectations cleaned maintained beverage area display cases equipment order transaction area education training may morgan state university city state usa psychology bachelor science psychology hillside high school city state diploma high school diploma interests morgan state varsity football defensive end de fall agape family worship center member volunteer spring present skills active directory advertisements advertising cash registers hardware counseling credit crisis management client clients customer service information systems merchandising excel microsoft office suite outlook powerpoint word networking pos presentations project management psychology public relations quality relationship building research retail selling sales servers spss statistics affiliations achievements mae p claytor conference research conference morgan state varsity football defensive end de fall spring agape family worship center member volunteer spring present
ENGINEERING,INFORMATION-TECHNOLOGY,corporate engineering support technician summary technical support engineer technical support telecom support networking support software pc lan troubleshooting accomplished technical support years experience troubleshooting maintaining user applications workstations accounts across multiple platforms os x linux windows android ios updated written user facing facing technical provides outstanding customer service strong ability communicate technical concepts non technical manner known patience dealing frustrated users highlights installing configuring troubleshooting windows linux os x installing configuring troubleshooting soho networks creating updating documentation software installation configuring troubleshooting implementing configuring network end user security mobile device support printer support cli knowledge voip video chat support critical thinking root cause analysis encryption file structures network protocols aaa security model accounts group policy browser support technology proficiencies operating systems windows ubuntu os x chromeos ios android applications ms office word excel powerpoint outlook google apps drive docs sheets slides keep forms sites google drive sync client internet explorer firefox chrome safari edge openvpn wireshark sublime text msra microsoft rdp openssh puppet sccm ios mdm networking tcp ip dns dhcp lan wan vpn remote connectivity openvpn basic cisco ios microsoft virtual pc hyper v teamviewer terminal services netgear linksys firewall ports experience routing switching ospf bgp vlan stp strong desire learn hardware dell hp ibm lenovo apple microsoft desktop laptops android smartphones tables wearables iphones ipads printers routers switches modems wireless routers video conferencing equipment tv projectors microphones speakers security basic knowledge ipsec ssl vpn nat gre experience authentication protocols radius tacacs strong desire learn experience corporate engineering support technician current company name city state remote support employments supported wide variety platforms including windows os x linux ubuntu lts chromeos installed uninstalled configured troubleshot end user software e solidworks cad msi exe installers dpkg binaries dmg binaries system management software sccm puppet managed user account access active directory google groups based google security policies change reset lock user accounts user name changes setup account email aliases google google x nest collaborate infrastructure teams linux winops secops netops resolve difficult issues infrastructure outages help desk support analyst ii company name city state provided remote call center support new york life insurance agents advised agents recommended specifications computer equipment based agent needs installed new york life software along winmagic securedoc windows encryption reset agent port passwords access owa installed troubleshot end user software microsoft office including outlook implemented security windows firewall antivirus software browser hardening troubleshot end user issues windows malware software updates account creation worked new york life software team adapt modern standard digitally download instead cd rom distribution via mail service software updates contributed revamping new employees trained streaming information needed learn functions job pushed new york life standardize computer hardware version windows agent buying handle modern software using pluralsight com taught basics help desk support comptia training courses learned must knowledge network concepts troubleshooting comptia network n course building learning basics general computer networking troubleshooting learned concepts security comptia security sy course cbtnuggets com certifications using cbtnuggets com continued build system administration skill comptia linux lpic course built microsoft windows server mcsa course updated prior knowledge comptia network n security sy continuing networking taking course cisco ccna also moving forward security taking ec council certified ethical hacker v course understand system management better learning bash scripting python skills active directory antivirus apple bash basic bgp cad call center ccna cd rom cli cisco ios cisco com hardware computer hardware council critical thinking encryption client dell dhcp documentation dns edge email firewall forms help desk support hp ibm insurance internet explorer lan laptops linux os linux access excel mail microsoft office ms office outlook powerpoint windows microsoft windows windows word modems msi networking network networking networks operating systems os ospf policies printer printers protocols python routers routing scripting software installation solidworks ssl switches system administration tables tcp ip tv troubleshooting troubleshooting video video conferencing vpn voip wan
ARTS,HEALTHCARE,medical billing specialist skill highlights microsoft office products word excel access powerpoint type words per minute experience face face customer service interaction experience communications external clients via email conference calling create maintain detailed records given project task experience mailroom machines envelope cutters faxes copiers scanners experience reading medical documents insurance forms eobs procedure notes etc strong experience medical coding icd cpt hcpcs ii medical terminology intermediate experience icd coding professional experience july december company name city state medical billing specialist run daily report charges ready post claims able understand cpt hcpcs ii icd icd diagnosis codes code cpt codes specialized billing e charges medicare patients add appropriate modifiers needed requested contacts facility site submit charges correct rvu order following ncci guidelines work contacts site ensure charges claims submitted cleanly via internal external emails weekly conference calls inform site contacts charges nearing timely filing limits use primesuite software charge entry work insurance ar reps resolve denials issues submitted claims knowledge billing per insurance type e commercial state federal private insurances site multi specialty multi practice operation roughly providers charges submitted range retail clinics hospital procedures surgeries assigned additional diagnosis codes based specific clinical findings laboratory radiology pathology reports well clinical studies support existing diagnoses examined diagnosis codes accuracy completeness specificity appropriateness according services rendered provided administrative support multiple physicians coded outpatient encounters rate per day complex specialty coding accurately entered procedure codes diagnosis codes patient information billing software consistently ensured proper coding sequencing diagnoses procedures quickly responded staff client inquiries regarding cpt codes demonstrated knowledge hipaa privacy security regulations appropriately handling patient information added modifiers appropriate coded narrative diagnoses verified diagnoses evaluated accuracy provider charges including dates service procedures level care locations diagnoses patient identification provider signature communicated medical transcriptionists regarding patient medical records posted charges payments adjustments performed quality control data entry system verify claims payments posted correctly january march company name city state imaging specialist processed payments medical offices collections agencies utility companies sorted counted much mail client received live payments correspondences prepared live check payments processing ensuring information legible scanned checks system ensured quality batches submitting payment processing scanned correspondences client ensuring documents legible prepared mailed rejected payments return mail client every afternoon maintained logs totals client mail incoming outgoing monthly billing purposes september january company name city state cashier handled customer transactions sales responsible handling counting large amounts cash offered product insurance customers applicable ask offered customer rewards card customers may november company name city state cashier handled customer transactions sales returns answered telephones routed calls correct department responsible handling counting large amounts cash offered product insurance customers applicable asked offered customer rewards card customers directed customers correct department refilled ink cartridges customers called customers orders arrived store maintained cleanliness organization store front end april august company name city state cashier handled customer transactions sales returns greeted customers entered store answered handled telephone inquiries responsible handling large amounts cash responsible counting contents cash register end shift suggested products customers according contents orders maintained cleanliness organization store front end maintained cleanliness organization store shelves overstock responsible organizing returns floor associates could restock returns according department education training may northgate high school city state high school diploma columbus state university city state presently attending west georgia technical healthcare information technology management associates computer networking associates carrollton georgia skills ar ask billing cash register computer networking cpt client clients customer service diagnosis email faxes filing forms icd icd information technology ink insurance notes medical coding medical terminology access excel mail microsoft office products powerpoint windows word multi tasking organizing payment processing copiers coding quality quick learner reading retail sales scanners supervision telephone telephones type
ADVOCATE,PUBLIC-RELATIONS,community relations advocate supervisor summary afforded opportunity apply advanced administrative problem solving organizational sales abilities towards achieving continuous improved business performance growing stable organization professional accomplishments skills attributes developed implemented st philips college truck driving program successfully implemented introductory class prospective adoptive parents increased applicants balanced dave thomas foundation ujima budget adhered reporting criteria increasing options future grant applications lead fundraising local schools churches local non profit organizations possess strong interpersonal relations written verbal communication skills interacts easily people diverse backgrounds cultures socio economic backgrounds exceptional organizational time management skills ability work well within team manages multiple tasks identify resolve issues proficient microsoft office word excel powerpoint outlook internet experience current company name city state community relations advocate supervisor cultivated relationships community contacts location sponsors property managers property owners non profit organizations initiated beneficial partnerships local municipalities non profit organization support company growth organizations city houston solid waste management department city santa fe coordinated marketing team various events researching generating referrals company name city state program director implementation marketing plans including product positioning campaign strategies market strategy insights utilized strong communication public relations skills existing potential clients organized executed recruitment prospective students various training programs managed aspects enrollment process including interviewing advising tours orientation processing paperwork counseled enrolled students career options job opportunities cultivated relationships community contacts location sponsors property managers property owners non profit organizations administered department operations duties including training database maintenance customer service generated accurate weekly reports client status followed timely manner acknowledged consistently meeting trial date deadlines supervised team team members adhere privacy act health insurance portability accountability act hipaa requirements relates confidentiality information released created executed recruiting campaigns prospective adoptive parents developed partnerships support organizational growth board directors prospective adoptive parents government local state agencies business owners churches non profit organizations determined eligibility oversaw tracked application process responded various inquires acted advocate prospective adoptive parents encountered difficulty company name city state case manager served liaison sponsoring school st philips college international truck driving program implemented program procedures interviewing process organized operations spearheaded recruitment prospective students potential employers identified contacts resources student supportive services tuition assistance job placement etc company name city state recruiter case manager responsible recruiting interviewing determining eligibility economically disadvantaged youth summer work programs partnered local nonprofit organizations county city state agencies youth market employment opportunities documented case management services accordance jtpa requirements education university houston clear lake city state us bachelor interdisciplinary bachelor interdisciplinary studies ec generalist w ec special education university houston clear lake houston tx progress anticipated completion spring activities community involvement volunteer local food distribution bank volunteer greater arc houston assistant coordinator san antonio annual juneteenth celebration dinner member council exceptional children certifications hipaa professional affiliations balanced dave thomas foundation ujima budget adhered reporting criteria increasing options future grant applications skills marketing clients product positioning public relations interviewing recruiting community relations operations case management recruiter recruitment training solid waste solid waste management waste management liaison customer service database hipaa maintenance receptionist retail sales training programs budget truck driving food distribution progress san storage area network
ARTS,TEACHER,intervention specialist teacher math language arts objective gain position resource room teacher howell township public schools summary qualifications demonstrated ability design developmentally appropriate lessons activities allowing integration learning styles highly educated differentiated classrooms determined maximize educational achievement student trained developmental reading assessments common core standards standard solutions wonders anti bullying hard working organized knowledge respect students parental rights professional leadership management skills excellent technology skills word powerpoint smart notebook achieve dedicated continuous professional development experience intervention specialist teacher math language arts october may company name city state identified students substantial academic difficulties evaluation using developmental reading assessments consultation staff members referred students developed differentiated lessons plans selected appropriate instructional materials reach individualized student goals developed implemented creative lessons clear objectives linked common core incorporated differentiated instruction attended gained knowledge numerous services improved overall lexiles test scores facilitated group lessons dependent student reading levels determined running record assessments evaluated student growth progress monitoring formal informal assessments instructed students accordance schedules previously devised enhanced lessons using smart board technology computers assessed regular basis objectives students set led basic skills class students time conducted small group individual classroom activities students based differentiated learning needs nd grade replacement teacher january august company name city state implemented positive behavior management using color system developed clear objectives students parents lessons activities designed differentiated common core lesson plans activities meet needs learners enhanced lessons using smartboard technology pads computer lab assessed student growth informal formal assessments developed lessons accordance student reading levels determined quarterly running record testing maintained positive collaboration communication parents weekly newsletters weekly student progress updates emails conferences attended services staff meetings maintaining strong relationships fellow staff administrators student teacher grade inclusive classroom september december company name city state established communicated clear objectives lessons units projects students parents enhanced lessons using smart board technology computers promoted language development skills reading storytelling encouraged students understanding others conducted small group individual classroom activities students based differentiated learning needs education certifications endorements bachelor arts psychology december georgian court university city state gpa cum laude coursework psychology sociology coursework intercultural group communication coursework educational psychology nj teacher certification elementary education k georgian court university city state emphasis child development coursework professional development reading education reading training technology classroom honors cum laude dean scholar gpa endorsement teacher students disabilities georgian court university city state coursework assessment instruction students disabilities child early adolescent development inclusive education associate arts education brookdale community college city state associate applied science fashion merchandising brookdale community college city state nicole harrison peters nic harrison aol com
FINANCE,ACCOUNTANT,head accounts finance summary flexible accountant adapts seamlessly constantly evolving accounting processes technology adept budget forecasting financial reporting corporate tax planning highlights financial statement analysis understands foreign tax reporting budget forecasting expertise adobe software proficiency effective time management general ledger accounting flexible team player cash flow report generation public private accounting cost accounting general tax accounting account reconciliations proficient microsoft office knowledge sage proficient sap erp enterprise resource planning software quickbooks accomplishments payroll assistance assisted payroll preparation entered data cumulative payroll document reporting established client payment plan program monitor payment compliance progress reducing uncontrolled payment activity employee management liaised hr department establish employee benefits training payroll termination procedures accounting skills operated computers programmed accounting software record store analyze information general ledger accounts maintained accurate accounts including cash inventory prepaid fixed assets accounts payable accrued expenses line credit transactions increased compliance cash management department aiding internal external audits researched resolved billing problems previously missed experience company name october current head accounts finance city state basic function always accountable accounting operations company include production monthly financial reports maintenance adequate system accounting records comprehensive set controls budgets designed mitigate risk enhance accuracy company reported financial results ensure reported results comply generally accepted accounting principles international financial reporting standards principal accountabilities management maintain documented system accounting policies procedures manage outsourced functions oversee operations accounting department including design organizational structure adequate achieving department goals objectives oversee accounting operations branches freetown kenema kono kailahun especially control systems transaction processing operations policies procedures mitigating risk cash handling bank rural areas disbursing centers handling project finances reporting accountability within company maintain company ppe register disposal transactions ensure accounts payable paid timely manner ensure reasonable discounts taken accounts payable ensure accounts receivable collected promptly process payroll timely manner ensure periodic bank reconciliations completed ensure required debt payments made timely basis maintain chart accounts maintain orderly accounting filing system maintain system controls accounting transactions processing commission agents vcs second payment premium farmers done proportional weight coco procured month reporting issue timely complete monthly financial statements ensure upload monthly financial reports sap accounting software done timely lead coordinate preparation corporate annual report recommend benchmarks measure performance company operations calculate issue financial operating metrics manage production annual budget forecasts calculate variances budget report significant issues management provide system management cost reports purposely cost control project managers stakeholders provide financial analysis needed particular capital investments pricing decisions company performance compliance coordinate provision information external auditors annual audit coordinate provision information government revenue authorities regard past financial statement monitor debt levels compliance debt covenants comply local state federal government reporting requirements tax filings coordinate provision information stakeholders finances implementation projects within company like aecf ifad social projects certification rainforest alliance imo control participating operation department improving infrastructure field activities crop traceability smallholder farmers overseas customers crop flow smallholder farmers point sale crop grower lists farmer lists farmer data spreadsheets coco trees per hector contracts establishing new buying posts bps establishing geo traceability farms establishing binding agreement agents village coordinators company name december october senior accountant city state duties responsibilities working pivot tables coffee cocoa books different branches reporting program expenses budget form tts requests abroad directors manage financial matters procedures project implementation preparing payment requests vouchers cheques payment preparing weekly reports trend debt levels banks preparing weekly fund sheet report detailed cash flow preparing posting reconciling main books system preparing schedules two companies sales direct export local sales preparing reconciling posting system monthly payroll payroll journals statutory computations remitting sdl nssf paye w tax preparation monthly bank ho branches intercompany reconciliation statements posting variances syste exchange rate controlling dealing foreign currencies functional currency making thoroughness tightly monitoring receivables debtors telephone email time physical appearance participating preparatory andreviews final accounts responding external internal auditors auditing well tra queries regarding companies past accounts submitted stock valuation physical stock verification movement stock calculations vc agents commissions plus premiums district levies company name june december accountant city state duties responsibilities maintaining staff imprest records retirement iou issued iou retired well staff loans salary advance register reconciliation circulation debtors advertisement debtors suppliers petty cash ledgers monthly reconciliation bank statements bank books systems preparing banks reconciliation reports investigating resolves un reconciled differences monthly vat computations filing returns tra maintaining fixed assets register manage depreciation fixed assets register setting depreciating schedule register acquired assets post depreciation preparing monthly sales performance report upcountry local representatives transfer cash cheque main cash receipts control account pettycash banks tally pastel preparing verifying processing issuing expense vouchers posting systems daily freight charges newspapers upcountry representatives upcountry monthly retainers fees weekly correspondence fees advertisement commissions data entry advertisement transactions tally pastel advertisement invoices sales invoices advertisement receipts sales receipts circulation receipts sales receipts credit note circulation debtors company name august june trainee city state duties responsibilities prepare payments prepare regular reports revenue expenditure tax returns maintain reconcile direct debits accounts systems prepare invoice bills prepare bank reconciliation statements disburse cash cheque payments post transactions computerized accounting system reconcile debtors creditors records education tanzania institute accountancy post graduate diploma accountancy accounting city state tanzania institute finance management advanced diploma accountancy accountancy city tanzania accountancy minaki high school advanced certificate secondary education science city tanzania tosamaganga secondary school certificate secondary education science arts city tanzania interests gardening trees languages swahili english skills project reporting accounts payables receivables auditing data entry internet exchange rate control microsoft proficiency word spreadsheets outlook power point payroll processing accounting software quick books sage pastel sap erp tas books tally research account reconciling financial reporting management accounting gaap ifrs forecast vs actuals weekly monthwise additional information volunteering experience trainer mabibo teaching center assist entry criterion requirement joining high school level
TEACHER,HEALTHCARE,substitute teacher summary health administration hospital operations public service major intelligent enthusiastic young professional progressive career healthcare administration looking outstanding opportunities experience working various industries capable applying distinct skills strategies achieve professional goals motivated organized attention detail administrative support understanding healthcare policy patient scheduling billing knowledgeable hippa laws records keeping highlights highly proficient microsoft programs word excel powerpoint outlook great attention detail effective verbal listening written communication skills problem solving skills motivated passionate organized able manage complete multiple tasks duties well practiced administrative support experience working customer service year team oriented developed career athlete collegiate athlete experience substitute teacher current company name city state moving fort lauderdale fl decided continue experience education broward county substitute teacher company name city state school district responsible administration public schools escambia county florida grades k full time substitute teacher children ages responsible promoting encouraging classroom environment recognized bringing dedication passion role helped enhance learning experience students practiced superior communication skills received consistent positive feedback key achievements repeatedly asked return blue angels elementary pensacola principle appreciated reliable dependable trustworthy veterinary technician receptionist company name city state extensive veterinary hospital veterinarians providing treatment care animals within escambia santa rosa baldwin counties gathered excellent insight exceptional customer service practices assisted doctors diagnosis communicated clearly pet owners order determine best approach animal health care needs helped reception front desk responsibilities including scheduling appointments billing checkin answering phone calls key achievements working well structured environment dealing crucial situations helped prepare handle stressful high pressure work environments calmness confidence better developed skills organization attention detail multi tasking sales associate company name city state clothing retail chain store united states stores across country managed merchandise inventory bridged gap designer consumer first rate knowledge timely fashions built conscientious successful merchandising techniques key achievements received awards outstanding customer service benevolent attitude towards fellow associates lead store sales well customer feedback education bachelor applied science healthcare administration present pensacola state college city state healthcare administration receiving associates arts wanted pursue career health administration emphasis operation hospitals reached pivotal point inmy education fully take classes online allow time gain professional experience healthcare industry position healthcare facility help achieve goal positive influence healthcare community associates arts general education gulf coast state college city state general education personal information buddy assisting special needs kids playing athletic sports professional references available upon request skills administrative support scheduling appointments approach arts attention detail billing communication skills customer service dependable diagnosis inventory listening merchandising microsoft excel outlook powerpoint word multi tasking providing treatment problem solving skills receiving reception retail sales structured teacher phone written communication skills additional information affiliations volunteer miracle league pensacola fl buddy assisting special needs kids playing athletic sports professional references available upon request
ENGINEERING,CONSTRUCTION,engineering intern summary contribute skills experience development organization achieve growth professional career path education training bachelor science civil engineering san diego state university city state professional project manager bootcamp pmp institute city state nitc plumbing pipe fitting journeyman license local plumbing apprenticeship hall city state associate science airframe power plant vincennes university purdue university atc city state experience company name city state engineering intern current performs complex engineering designs preparation preliminary final engineering plans aids creating specifications cost estimates construction improvement storm drains streets sanitary sewers related structures preforms engineering calculations hydrology hydraulic structures land surveys highway street alignments prepares legal descriptions grant deeds easements street right way participated right way negotiations acquisitions investigated checked tentative final subdivision maps accuracy design completeness conformance local sub division ordinance state subdivision map act helps design coordinate construction improvement projects reviewed improvement grading plans composition accuracy provided written oral information public contractors developers engineers related issues attends meetings made presentations various committees commissions professional community groups wrote council agenda statements reports correspondence required conducted studies related planning public works facilities company name city state preload supervisor managed department resources ensure maximum output accuracy efficiency time total workers directed daily trans load activities support account objectives level service cost management customer expectations volume requirements established promoted positive team oriented work environment emphasizing employee involvement pro active communication inter departmental cooperation continual improvement levels implemented employee personal development plans required ensure continuing professional growth department personnel maintained responsiblity ensure employees adhere safety policies procedure times operating full compliance department station corporate osha wisha requirements company name city state journeyman plumber pipefitter commercial installed proper plumbing pipefitting installation city center project largest privately funded jobs american history costing total billion dollars sq ft mixed use complex acres constructed various types pipe joints high low pressure systems including threading brazing soldering welding lead wiping joints mandarin tower luxury star hotel total floors rooms cut fit fabricated assembled wide variety articles materials devices including steel copper brass glass plastic cast iron corrosion resistant pipe tile concrete type piping providing safety first mentality working aria resort casino room mega resort stands total ft tall installed fittings boilers hangers anchors fixtures guides veer towers twin story foot residential tower houses luxury condominiums veer towers lean degrees center opposite directions makes engineering accomplishment company name city state journeyman plumber pipe fitter preformed proper installation plumbing pipefitting installation blue green club time share located west side las vegas strip floor low rise million total cost knowledge underground sewer lines draining system phrase new construction many small businesses greater las vegas area constructed various types pipe joints high low pressure systems including threading brazing soldering welding lead wiping joints many las vegas schools cut fit fabricated assembled wide variety articles materials devices including steel copper brass glass plastic cast iron corrosion resistant pipe tile concrete makeup installed fittings boilers hangers anchors fixtures guides knowledge underground trim work installation fixtures passed nevada state licensure plumbing pipefitting company name city state helper plumber aided installation underground nd rough finish trim direction journeymen level plumber ability soldered brazed copper piping installation cast iron pvc cpvc stainless steel iron gas pipe galvanized pipe skills proficient microsoft word excel spreadsheet ability type excess wpm minimal error working knowledge autocad rendering micro station med gas certified knowledgable osha
CONSULTANT,ACCOUNTANT,consultant summary position accounting regulatory banking operations highlights microsoft office lotus notes quickbooks acbs bcs otg ap recon fms g l system reval evaluation hedged funding bloomberg accomplishments awarded certificate recognition year helped lifting agreement federal reserve bank new york also awarded certificate appreciation year experience consultant company name city state working consultant engaged transworld inc insurance brokerage accounting services company preparation tax returns customers handling audit matters internal revenue services nys tax authorities preparation sales tax monthly quarterly yearly tax returns clients preparation accounts reports financial statements clients provide accounting services customers senior accountant accounting officer company name city state new york branch bank hapoalim represents banking reviewed bank general ledger pass necessary entries correct g l main purpose review g l make ensure bank books accurate reconciled sub system responsible process month end quarterly yearly closing post journal entries general ledger system prepared month end accruals closing adjusting entries processed prepared sales use tax return commercial rent tax responsible preparation call report process responsible tax payment irs tax form tax form prepared annual returns tax forms assist special project directed controller cfo supervise bank reconciliation accounts payable process supervise ensure accuracy prepaid fixed assets records comply fixed assets policy balance sheet reconciliation custody reconciliation ensure general ledger booking line bank accounting policy principles gaap standards abides regulatory laws obtain securities prices prepare monthly fas valuation worksheets accounting entries performed accounting prepare monthly reports two bank subsidiaries using quickbooks responsible preparation amortization premium discount reconciliation callable cds prepared aging analysis suspense items report various financial reports senior management responsible assets swaps accounting government bonds securities securities available sale trading non trading securities prepared written accounting policies procedures responsible maintenance chart accounts adding modifying open new g l account processed payments expenditure vendors employee expenses contractors state federal government taxes payments company name city state responsible preparation regulatory reports e fr fr bl bc bq bl sa bc sa ffiec call report using dpsc software inc package responsible preparation monthly financial statements various financial reports head office also responsible statistical reports quarterly reports department commerce prepared responsible month end closing prepared developed compliance procedure compliance manual detail task checklist use comply bsa frb regulations us sanctions order satisfy compliance requirements branch evaluation existing accounting procedures implemented changes order simplify accounting procedures prepared presented monthly variance analysis reports senior management prepared monthly quarterly written report regarding bsa ofac us sanctions frb regulation compliance preparation sales tax commercial rent tax handling nys banking frb examiners education b accounting york college city university new york accounting credits completed major subjects advance accounting auditing business finance business law taxation b accounting universit sind hyderabad pakistan accounting major subjects accounting auditing business law statistic economics economics statistics business finance universit sind hyderabad pakistan economics economics statistics business finance work history company name skills accounting accounts payable accruals ap auditing balance sheet bank reconciliation banking bc bloomberg bonds business law closing consultant controller clients senior management finance financial reports financial statements fixed assets focus forms general ledger government insurance lotus notes microsoft office office month end closing policies quickbooks retail sales securities swaps tax taxes tax returns valuation monthly variance analysis written
AGRICULTURE,ENGINEERING,safety intern areas expertise occupational safety microsoft word excel power point e tools professional experience safety intern company name city state walkthroughs plant make sure proper personal protective equipment worn employees transition material safety data sheet safety data sheet implement ghs labels chemicals charge safety new hire orientation safety audits cost benefit analysis new warning lights one buildings security guard company name city state directing traffic entering exiting complex providing direction patrons answering questions providing assistance needed customer service associate company name city state providing quality service customers cashiering replenishing merchandise straitening aisles closing education december bachelor science occupational safety environmental health applied engineering emergency management millersville university pennsylvania city state occupational safety environmental health applied engineering emergency management affiliations american society safety engineers february skills cashiering closing directing direction excel power point microsoft word quality safety
DIGITAL-MEDIA,ADVOCATE,social media analyst professional summary positive upbeat customer service specialist bringing years customer facing experience fast paced settings highly adaptable addressing diverse customer needs proven history building trust customers promote satisfaction resolve concerns maintain long term loyalty skills social media platforms complaint resolution creative problem solving medical terminology knowledge account management computer proficient good listening skills customer relationship management sales proficiency knowledge credit disputes career planning closing techniques spanish translation interviewing selling record keeping reporting work history social media analyst current company name city state assist community help resolve inquiries accurately empathy time investigate resolve issues reported social media identify inefficiencies workflow suggest solutions recognize trends patterns escalate issues outside companies policy review reported content within agreed turnaround times standards quality top quarter high accuracy display strong bias right community support leading social media objectives gather analyze utilize relevant data develop ways improve overall user experience sr career services advisor company name city state assists students graduates securing employment field training build effective relationships local regional corporations non profit government organizations community partners identify employment opportunities promote school qualified students graduates alumni provides career coaching including interviewing techniques job search skills training students alumni top department team collaborations meetings identify areas opportunity making sure graduate successful finding work field study completes telephone interviews e mail correspondence prospective employers determine employment needs puts tasks system zoho provide graduates resources uber interview attire academic coaching etc customer relations controller company name city state responsible disputes come credit card companies airlines consolidator recovered dollars monthly previous current dispute cases investigated reason dispute reached clients attain information disputes built dispute packets information customer reservation made webjet com prepared paper work explaining information complied fight dispute reviewed numerous amounts reservations made site night make sure ticket issued customer fraudulent looked closely ip address billing address area code name credit card information departure city destination along tickets purchased investigated heavily reservations made real reservations utilized social media determine client cities countries listed reservation help solve dispute worked world span review reservations ticketed amadeus airline programs received emails everyday customers book site charge creating separate cue worked respond client inquiries handled escalated calls client requested supervisor created arbitration letters court proven money owed us reached airline ask waiver regain money back submitting dispute credit card company escalations supervisor company name city state explained status dispute case well provide information need continue dispute process checked visa cases got pre arbitration closed cases sent letters faxes pertaining dispute cases researched cases older days wrote amounts review consideration followed customers request supervisor phone call disputes coordinator company name city state assisted customers account related questions way conferencing merchants help resolve going dispute researched different situations customers category disputes program called chordiant followed customers make sure previous situation taken care one call resolution reviewed documentation needs submitted build stronger case dispute set proper researched information merchants get subscriptions canceled customers worked supervisor go strategies help engage associates work daily attended wow call sessions assist determining agents performed beyond implemented tips assist lowering average handle time received award roar top department participated focus groups brain storm needs improved continue assisted process improvement help change different functions agents daily reviewing information already provided us simplify make customer experience smooth customer service representative company name city state answered constant flow customer calls responded customer requests products services company information consulted outside parties resolve discrepancies create effective solutions maintained customer happiness forward thinking strategies focused addressing customer needs resolving concerns provided primary customer support internal external customers fast paced environment compiled customer feedback recommended service delivery improvements management education high school diploma sickles high school city state skills social media platforms complaint resolution creative problem solving medical terminology knowledge account management computer proficient good listening skills customer relationship management sales proficiency knowledge credit disputes career planning closing techniques spanish translation interviewing selling record keeping reporting work history social media analyst current company name city state assist community help resolve inquiries accurately empathy time investigate resolve issues reported social media identify inefficiencies workflow suggest solutions recognize trends patterns escalate issues outside companies policy review reported content within agreed turnaround times standards quality top quarter high accuracy display strong bias right community support leading social media objectives gather analyze utilize relevant data develop ways improve overall user experience sr career services advisor company name city state assists students graduates securing employment field training build effective relationships local regional corporations non profit government organizations community partners identify employment opportunities promote school qualified students graduates alumni provides career coaching including interviewing techniques job search skills training students alumni top department team collaborations meetings identify areas opportunity making sure graduate successful finding work field study completes telephone interviews e mail correspondence prospective employers determine employment needs puts tasks system zoho provide graduates resources uber interview attire academic coaching etc customer relations controller company name city state responsible disputes come credit card companies airlines consolidator recovered dollars monthly previous current dispute cases investigated reason dispute reached clients attain information disputes built dispute packets information customer reservation made webjet com prepared paper work explaining information complied fight dispute reviewed numerous amounts reservations made site night make sure ticket issued customer fraudulent looked closely ip address billing address area code name credit card information departure city destination along tickets purchased investigated heavily reservations beingmade real reservations utilized social media determine client cities countries listed reservation help solve dispute worked world span review reservations ticketed amadeus airline programs received emails everyday customers book site charge creating separate cue worked respond client inquiries handled escalated calls client requested supervisor created arbitration letters court proven money owed us reached airline ask waiver regain money back submitting dispute credit card company escalations supervisor company name city state explained status dispute case well provide information need continue dispute process checked visa cases got pre arbitration closed cases sent letters faxes pertaining dispute cases researched cases older days wrote amounts review consideration followed customers request supervisor phone call disputes coordinator company name city state assisted customers account related questions way conferencing merchants help resolve going dispute researched different situations customers category disputes program called chordiant followed customers make sure previous situation taken care one call resolution reviewed documentation needs submitted build stronger case dispute set proper researched information merchants get subscriptions canceled customers worked supervisor go strategies help engage associates work daily attended wow call sessions assist determining agents performed beyond implemented tips assist lowering average handle time received award roar top department participated focus groups brain storm needs improved continue assisted process improvement help change different functions agents daily reviewing information already provided us simplify make customer experience smooth customer service representative company name city state answered constant flow customer calls responded customer requests products services company information consulted outside parties resolve discrepancies create effective solutions maintained customer happiness forward thinking strategies focused addressing customer needs resolving concerns provided primary customer support internal external customers fast paced environment compiled customer feedback recommended service delivery improvements management
BANKING,CONSULTANT,business analyst sr technical business analyst highlights c c core java back ends oracle g grii ms sql server ibm db computer tech uml web designing html xml operating systems windows x xp server linux red hat suse development tools rational rose ms visio ms project oracle sql developer crystal reports java workflow editor eclipse application servers jboss tomcat ga ibm websphere app server databases tools oracle g ms sql oracle enterprise manager console sql developer power builder bankind application finacle ebanking application infosys ltd accomplishments waye world alliance youth empowerment completed yes course advance meditation techniques hereby declare information furnished true correct best knowledge experience business analyst sr technical business analyst company name sdlc jul dec company name requirement gathering requirement analysis release management product management product implementation role brs analysis feasibility analysis vender management client handling product management highlights initiated new projects like mobile devices compatibility key resource standard product enhancement documentation interacting marketing team understand market demands worked actively cloud sfa project implement product cloud technology market research competitive products product enhancement involved pre sales activities understanding market product enhancement involved days implementation plan documentation wsfa actively involved complete software development life cycle manage project every phase sdlc order meet business requirements exposure industry verticals banking pharmaceuticals healthcare deciding time lines uat deployments staging movements live deployments working application owner online banking india finacle ebanking application infosys ltd retail internet banking india version migration pdf statements integration session validation service request module domestic nri customers online banking international geographies uk ca de hk sg funds transfer scheduled hot payments service request module implementation service requests click call service generate password otp tax certificates download integration session validation ui revamp icici bank uk responsibilities handling rib uk germany canada application owner co ordinate business requirement understanding brs study feasibility acceptance discuss approach house development team vendor get approval cost timelines provide impact analysis preparation system test cases uat testing change management vss checkout checkins release uat business testing acceptance sign co ordinate deployment team staging movement production movement documentations approach document b system testcases c release doc live deployment docs guide production support team live issues rca co ordinating related teams like ubps cdci core banking troubleshooting responding ad hoc exercises production issues handling level application owner escalations severe live issues vendor co ordination co ordinate business requirement understanding project sign training received information security web mobile application threats projects implemented base information management pvt ltd software implementation engineer dec jul company name dec jun company name base e wsfa web based sales force automation solution automate make sales process effective productive captures sales person day day activities generates useful reports top management sales department customized solution novartis india ltd franco indian pharmaceuticals project name customer relationship management web based j ee crm application used sale order booking tracking delivery company products includes sms based sales tracking customized solution novartis india ltd project name workflow applications web based j ee workflow applications include solutions company internal use like cash voucher approvals capital expenditure approval process applications master data based sap masters transactions built data bridge database sap database synchronize data customized solution alkem labs roles responsibilities projects communicate directly client gather details requirement documentation urs srs designing screen layouts interact development team qc team effective solution impact analysis gap analysis documentation test cases review application implementation site pilot run user acceptance testing application training go live project sign work end users define execute test scenarios ensure appropriate end user training technical responsibilities provide detailed system requirement client hardware software production server setup windows server redhat linux database setup oracle g r ibm db ms sql standard database restore master data preparation application server installation configuration jboss ga tomcat software deployments ear war etc maintaining versions deliverable education bachelor engineering information technology university mumbai integrated trading manufacturing itm erp base information bi tool bi base business intelligence tool base information information technology personal information comprehensive problem solving abilities excellent verbal interests passport visa details visa l ead extracurricular activities actively participated organizing collage events industrial visits active member volunteer languages english marathi hindi skills go live ad applications master approach automate automation banking bi business intelligence c c change management competitive ca hardware customer relationship management crm crystal reports client databases database delivery designing documentation eclipse editor english erp funds hindi html ibm db ibm websphere information security j ee java jboss jboss languages linux market research market marketing ms project windows windows migration operating systems oracle oracle developer oracle enterprise manager oracle sql pdf power builder product management rational rose red hat redhat linux requirement retail sales sap sdlc servers sms software development ms sql server ms sql sql tax user training tomcat tomcat troubleshooting uml validation visio web designing workflow xml additional information personal details comprehensive problem solving abilities excellent verbal written communication skills ability deal people diplomatically willingness learn team facilitator hard worker name aaditya vijay hirurkar date birth th oct sex male nationality indian marital status single passport visa details visa l ead extracurricular activities actively participated organizing collage events industrial visits active member volunteer
PUBLIC-RELATIONS,BANKING,manager professional summary talented individual educational background economics university california irvine seeks career financial sector extensive knowledge management microsoft applications economic theory always committed approach tasks tenacity attention detail dependable willing take added responsibility learn grow every employment opportunity skills l critical thinking l customer service oriented l strategic sales knowledge l articulateandwell spoken l training development aptitude l cc u rate de tai le l quick learner l excellent planner coordinator skills work history manager company name city state l trained staff administered performance evaluations track employee development l analyzed budgets financial reports projections accurate reporting financial standing l implemented innovative programs increase employee loyalty reduce turnover l prepared payroll l oversaw inventory office supply purchases l screened applicant resumes coordinated phone person interviews l provided elevated customer experience generate loyal client le lconductedweeklywalk throughs store owner discuss interior visual displays including store window presentation public relations manager company name city state l cultivated managed relationships key clients vendors community partners l coordinated participated promotional activities trade shows l directed hiring training performance evaluations marketing sales staff supervised daily activities l ordered distributed office supplies adhering fixed office budget l answered managed incoming outgoing calls recording accurate messages l obtained signatures financial documents internal external invoices sales associate company name city state l answered questions regarding store merchandise l demonstrated use care merchandise l greeted customers ascertained customers needs l helped customers questions problems complaints person via telephone l stocked shelves supplies organized displays l developed positive customer relationships friendly greetings excellent service l trained served peer coach new sales associates g company name city state audited new customer files verify medical necessity satisfaction coverage criteria l contacted patients regarding unpaid underpaid accounts resolve issues l improved timely paying bills developing flexible payment plans patients l located checked pulled medical records appointments incomplete patient charts l verified created claim numbers communicating various insurance companies f company name city state maintained clean reception area including lounge associated areas l verified created claim numbers communicating various insurance companies l located checked pulled medical records appointments incomplete patient charts l contacted patients regarding unpaid underpaid accounts resolve issues l answered managed incoming outgoing calls recording accurate messages l obtained signatures financial documents internal external invoices education bachelor arts economics university california city state gpa l national society leadership received september l deans honor list six consecutive quarters economics l national society leadership received september l deans honor list six consecutive quarters l independent research regarding physician burnout completed december l advanced courses economics finance l research data analysis l advanced econometrics regression software l probability statistics l upper division sociological writing research l money banking operations l economic anthropology l asymmetric information financial sector l international studies l asset investment management l microsoft applications excel word powerpoint access etc skills microsoft applications banking budgets budget charts coach clients data analysis economics finance financial hiring insurance inventory investment management marketing access excel money office powerpoint window word payroll reception recording reporting research sales statistics telephone phone trade shows employee development
APPAREL,SALES,embroidery machine operator summary find employment good reputable company chance advance best abilities job skills skills customer service cashier pharmacy sales associate embroidery machine operator sewing machine operator telephone fax mahcines filing office skills skills customer service jc penney goodies medisav pharmacy wal mart pharmacy pharmacy pocola sales assiocate jc penney goodies medisav pharmacy wal mart pharmacy pharmacy pocola office skills telephone fax machine filing copier customer service advanced problem solving great people skills great organizational skills experience current embroidery machine operator company name city state embroider shirts jackets hats others items needed meet incoming customers provide immediate assistance completed purchases cash credit debit payment methods answered incoming telephone calls professional knowledgeable repsonses provided expert product service information stay home mom office administrator pharmacy technician training sales associate company name city state completed purchases cash credit debit payment methods office worker charge office duties including computer skills telephone skills faxing medical billing customer account billing filing insurance claims customer care pharmacy tech trainee helped fill prescriptions met incoming customers provided immediate assistance customer service listened customer needs preferences provide accurate advice increased purchase totals recommending additional items organized items visually appealing manner answered incoming telephone calls professional knowledgeable responses created attractive displays pharmacy technician training sales associate company name city state increased purchase totals recommending additional items pharmacy tech trainee helped filled prescriptions customer service met incoming customers provided immediate assistance listened customer needs preferences provide accurate advice completed purchases cash credit debit payment methods answered incoming telephone calls professional knowledgeable responses sales associate company name city state met incoming customers provided immediate assistance retrieved alternate items sizes request listened customer needs preferences provide accurate advice completed purchases cash credit debit payment methods increased purchase totals recommending additional items organized items visually appealing manner worked flexible schedule accommodate changing customer levels answered incoming telephone calls professional knowledgeable responses sales associate company name city state sales cash register met incoming customers provided immediate assistance retrieved alternate items sizes request listened customer needs preferences provide accurate advice completed purchases cash credit debit payment methods increased purchase totals recommending additional items reviewed purchases fraudulent activities worked flexible schedule accommodate changing customer levels organized items visually appealing manner answered incoming telephone calls professional knowledgeable responses provided expert product service information sewing machine operator company name city state sewing machine operator made hunting gear dog collars nite lite assembly line worker company name city state assembly wood drawers book cases roll top desks wood products sewing macine operator company name city state worked tacking machine making camping stool covers plus worked ever needed fill empty places needed sales floor associate company name city state met incoming customers provided immediate assistance retrieved alternate items sizes request listened customer needs preferences provide accurate advice increased purchase totals recommending additional items worked flexible schedule accommodate changing customer levels created attractive displays provided expert product service information education training high school diploma pocola high school city state leflore
DIGITAL-MEDIA,PUBLIC-RELATIONS,owner president professional profile seasoned marketing professional delivers results alignment strategic business plans developing executing marketing campaigns well managing external agencies qualifications strategic marketing planning results measurement strategic development experiential customer events plan execution nascar sponsorship video production execution webinars product positioning brand developmentintegrated marketing communications account relations tactical planning relevant experience oversaw campaign exceeded annual goals increased brand relevance consumers experience owner president january current company name freelance communications digital content creation corporate independent businesses development production video content internet social media strategic marketing manager january january formulated directed coordinated marketing activities promote products services maximized marketing budget coordinated media buys provided oversight pr trade show activity created strategies stretch marketing promotional budgets improving brand impact marketplace adjusted marketing mix implemented improved integrated strategy took ownership executed experiential nascar marketing program raised awareness one brands increased pull rate product resulting increase production volume sales million total branded tv exposure estimated joyce julius program also resulted strengthening relationship major customer reduced shipping set costs trade show properties per event refreshing tradeshow properties displays developed impactful displays designed engineered lighter easier transport shows cost savings entire trade show season developed refined ipad app designed implemented standardize sales materials presentations provided customer facing brand consistency product specification accuracy improved process creating sales presentations eliminated redundancy making sales staff efficient productive product marketing brand manager january january managed coordinated marketing branding activities created communications materials created engine brand commercial vehicle market developed strategy positioning naming graphic elements along brand standards guidelines allowed company focus marketing advertising efforts meet brand objectives well optimizing budgets produced award winning documentary video conception completion depict company year history finished product integral part internal external communications campaign illustrate product evolution leading new product launch project required extensive historic research fact checking hands production saved cost developed executed integrated brand launch partnership country music association event nashville combined site product experience premium distribution interactive web site billboard magazine recognized sponsorship extraordinary innovation developed implemented pr communications campaign increased consumer interaction loyalty company brand integrated customer events website interaction project completed time budget managed internal corporate events included planning logistics vendor management board directors meetings wall street analyst gatherings annual dealer meetings reduced production costs resulting million annual savings executive producer january january company name city state manufacturer marketer distributor trucks engines fortune company education ba communications benedictine university city state communications magna cum laude accredited certificate computer graphic design international academy design technology chicago il affiliations member american marketing association skills advertising analyst agency brand development branding budgets budget content content creation equity focus freelance graphic design graphic innovation logistics managing marketing market marketing communications materials meetings positioning presentations pr research sales shipping specification strategy strategic development strategic marketing tv vendor management video video production web site website additional information awards chicago bma tower award websites maxxforce com chicago chapter business marketing association tower award logo design maxxforce diesel power logo pcc silver trumpet marketing communications ford power stroke diesel crew club program pcc golden silver trumpet award recognizes distinguished achievement excellence planning creativity execution public relations related communications publicity club chicago golden trumpet marketing communications navistar dieselization america public relations campaign
CONSULTANT,DESIGNER,owner principle consultant executive profile education project management consultant career path emphasizes strategy development throughout career passion supporting high level influencer educational youth serving non profit organizations strategic tactical decision making worked high performance high impact educational organizations years effective motivator results oriented leader passion excellence working diverse individuals superior cross functional remote team communication skills committed follow challenges ultimate organization success skill highlights project management social entrepreneurship service quality improvement budgeting change management facilitation training instructional design hard worker fast learner business strategic planning cultural competency knowledge management systems design implementation core accomplishments us army veteran logistics supply specialist honorably discharged scrum agile expert certified understands agile philosophy practices including scrum kanban dsdm crystal xp fdd working knowledge various agile lean project management methodologies ability compare choose methodology would appropriate given situation pmp application process professional experience owner principle consultant may current company name city state manages portfolio higher education youth family serving non profit clients provides development strategy knowledge management systems consultation advice implementation provides operational workflow support project planning project management management training technical writing grant proposals reports press kits master economic development plans continuing education instructor jan jun company name city state consistently receives high evaluation ratings ct state employees professional students personal leadership productivity courses provides instruction traditional waterfall project management methods uses addie instructional design method roll continuing education courses meet needs adult learners project manager jun nov company name city state developed directed year million grant program designed teach library staff colleges universities skills consistent meeting needs st century learners led team project staff consultant design sustainable business model grant partner organization conducted business planning activities facilitated strategy sessions high level directors influencer across multiple educational organizations developed financial models managed location remote grant project staff developed communication plans oversaw project team tasks schedule managed vendors implemented dashboard task resource management system administered managed successfully closed grant program budget managed estimated versus actual budget reviewed edited budget reports collaboration financial specialist submitted reports final deliverables aligned sponsor requirements developed training program library staff digital preservation tools techniques traveled partner institutions provide workflow support acquire resources support local institutional preservation program implementation designed quality management plan reviewed project quality based plan requirements assistant librarian director distributed learning aug jun company name city state researched effective delivery models consultation services including marketing production intellectual property service quality evaluation methods support dcaps prepared background reports summaries documentation director distributed learning designed managed week intensive summer youth educational program education course management consulting cornell university johnson school management city state course financial accounting cornell university johnson school management city state mlis library information science university pittsburgh city state med education northwestern state university city state bachelor arts theater northwestern state university city state additional information secretary hartford commission art cultural affairs frye institute fellowship council library information resources emory university march library journal mover shaker recognizes leaders library information science field co writer co designer successful rockefeller foundation grant program create school music production studio educational program risk youth southside community center ithaca ny computer skills ms office suite ms project adobe cs sharepoint
BANKING,INFORMATION-TECHNOLOGY,software engineer qualifications c pl sql javascript html css framework net database sql server oracle operating systems windows xp windows server unix tools services toad hp service manager winscp putty pm smart vi text editor visual sourcesafe businessobjects xi universe designer desktop intelligence central management console domain banking work experience software engineer july march company name years months experience development support enhancement web windows applications implementation cost effective valueadds designed developed webbased tools asp net using programming c pl sql procedural languages namely enhanced ebusiness applications managed technological issues analyzing codes providing customizable solutions using sql business objects xi tools awarded outstanding performance ontime delivery projects result helped team achieve customer satisfaction csat score theoretical knowledge basics windows presentation foundation extensible application markup language net framework angularjs basic understanding strategies involved moving applications cloud microsoft windows azure manager january march company name city statement work sow tracker webbased tool developed use lbg partners lbg e g hcl tool lets user create modify generate statement work sow online b project details like team size team structure work description also captured separately use managers c report generation functionality enabled privileged users accessing tool service level agreement sla tracker online tool use vendors lbg tracking service level agreement sla projects generating customized reports data captured using tool used service providers service users measure performance projects b data captured service lines development testing support c functionalities added system integrate hp service developed web based tools using c pl sql html ajax extensions css microsoft visual studio ide sql server source control maintenance done using source control package called visual sourcesafe hosted application iis dedicated machine technology languages used asp net c pl sql html javascript css tools used sql server visual studio ide visual sourcesafe july december company name city web application ebusiness platform used diarize appointment details lbg personnel customers business eye online ebusiness application used collecting consolidating reporting lbg sales data tracx online ebusiness application used lbg employees recording training competency information undertaken colleagues responsibilities involved technical support included resolving application issues using helpdesk software fixed minor backend code issues using sql form change records assisted data analysis extraction archival oracle database according customers needs monitored application servers hosted central management console business objects enterprise produced reports upon adhoc requests archived data scheduled basis using business objects xi tools namely desktop intelligence universe designer created sql server agent jobs monitor application stability daily basis worked correction erroneous data feeds using basic unix commands putty value addition altered table structure database tracx match input data feed format assisted decommission business eye creating implementing methods archive data database technology languages used asp net pl sql html tools used toad hp service manager winscp putty businessobjects xi universe designer desktop intelligence central management console pm smart vi text editor education training degree bachelor engineering college easwari engineering college discipline electronics communication year graduation training certifications course period institution itil asm basic oct rtb business academy windows web application jan niit ltd development using net framework skills net net asp net asp net asp net ajax asm banking basic business objects c css css customer satisfaction data analysis database delivery ebusiness editor electronics hp html html ide iis itil javascript c c windows windows applications windows enterprise oct operating systems oracle oracle database pl sql personnel programming recording reporting sales servers service level agreement sla visual sourcesafe visual sourcesafe sql sql server technical support toad unix vi microsoft visual studio visual studio windows server
DESIGNER,PUBLIC-RELATIONS,graphic designer summary working front desk receptionist meyer sound contributed marketing team updating translating marketing materials updating website improving sales collateral promoted marketing coordinator latin america contributed substantial cost savings meyer sound creating ads publication editing graphics translating materials thereby eliminating need hire third party agents complete work researched vendors negotiated service agreements marketing materials swag meyer sound produced mexico reducing costs associated importing materials us highlights marketing strategy project coordination graphic design branding event planning print production social media tradeshow coordination marketing collateral development press releases copy writing editing web content management experience january current company name city state graphic designer restaurant consulting management company developing design solutions communicate restaurant unique message promoting brand high visual impact graphic design solutions variety products activities pop websites social media email promotions product packaging corporate communications identity preparing packaging delivering production ready art files creating creative templates marketing needs proofreading produce accurate high quality work especially challenging deadlines january current city state graphic designer design print materials logos stationery flyers postcards clients include pembroke pr main street property services grape fog photoworks sf progressive hounds handler brothers otis beanery mitzvites pet nanny district dogs dog town superfly pet supply time cancer meridian pro audio promarket paola trejo january january company name city marketing coordinator latin america mexico city professional sound manufacturer worked directly company headquarters berkeley ca coordinated marketing team brainstorm strategies finalize marketing plans translated maintained updated web content spanish monthly basis designed marketing materials datasheets brochures created ads publication soundcheck magazine wrote press releases coordinated led interviews coordinated photo shoots managed relationships vendors built maintained productive relationships customers planned coordinated events including trade shows demos designed sales binder collaborated creation presentations keynote designed distributed monthly newsletter e blasts invitations represented company corporate events trade shows marketing conferences meetings january january company name city graphic designer mexico city consumer goods advertising agency clinets include rimmel london dannon sigma sally hansen palmer produce design solutions communicate clients messages high visual impact variety products activities layout image manipulation prepress production offset digital color output established design briefs project time lines coordinated external agencies meeting clients discuss needs objectives budgets designing creating wide variety graphic art promotional material producing designs internal external communications involving customers design process developing design briefs explaining design concepts ideas clients colleagues providing graphical support blogs websites social media working presentations leaflets trade marks marketing materials banner designs producing accurate high quality design work examining design work quality consistency accuracy creating consistent corporate brand identity clients preparing design files production taking design ideas generation completion generating multiple concepts campaign project working projects strict timescales computer skills illustrator photoshop indesign dreamweaver flash premier freehand graphics logo design editorial design web design illustration education universidad del valle de xico city mx bachelor arts graphic design universidad del valle de xico mexico city bachelor arts graphic design presentations worked directly company headquarters berkeley ca coordinated marketing team brainstorm strategies finalize marketing plans translated maintained updated web content spanish monthly basis designed marketing materials datasheets brochures created ads publication soundcheck magazine wrote press releases coordinated led interviews coordinated photo shoots managed relationships vendors built maintained productive relationships customers planned coordinated events including trade shows demos designed sales binder collaborated creation presentations keynote designed distributed monthly newsletter e blasts invitations represented company corporate events trade shows marketing conferences meetings worked directly company headquarters berkeley ca coordinated marketing team brainstorm strategies finalize marketing plans translated maintained updated web content spanish monthly basis designed marketing materials datasheets brochures created ads publication soundcheck magazine wrote press releases coordinated led interviews coordinated photo shoots managed relationships vendors built maintained productive relationships customers planned coordinated events including trade shows demos designed sales binder collaborated creation presentations keynote languages spanish native speaker translation english spanish spanish english translation english spanish spanish english skills marketing clients ads basis sales translated solutions advertising brand identity budgets dreamweaver flash freehand hansen illustration illustrator indesign logo design photoshop premier prepress promotional web design pr public relations graphic design corporate communications packaging point purchase pop proofreading branding content management copy writing event planning front desk marketing collateral marketing strategy receptionist san storage area network tradeshow translating web content management
CHEF,ADVOCATE,project manager photographer summary executive assistant skilled multi tasking maintaining strong attention detail employs professionalism superior communication skills meet client company needs highly focused results oriented office professional successfully supports complex deadline driven operations customer oriented computer savvy highlights microsoft office proficiency articulate well spoken flexible social media knowledge appointment setting customer service oriented mail management meeting planning executive presentation development business correspondence scheduling excel spreadsheets professional mature strong problem solver works well pressure administrative support specialist self starter skilled talented photographer types words per minute accomplishments customer service handled customers effectively identifying needs quickly gaining trust approaching complex situations resolving problems maximize efficiency administration performed administration tasks filing developing spreadsheets faxing reports photocopying collateral scanning documents inter departmental use reporting maintained status reports provide management updated information client projects training successfully trained staff office systems databases policies procedures focusing minimizing errors generating superior results experience april january company name city state project manager photographer years professionally trained military years experience digital photography project manager freelance photographer event photographer weddings bridal showers prom graduation photos scheduled events planned coordinated venues well bookkeeping events digitally manipulated images improve quality well add artistic touch excellent customer service quality provided customers digital photography events customer satisfaction november january company name city state independent consultant market sell high quality kitchen tools accessories home demonstrations booths trade shows fundraiser programs provided excellent marketing sales demonstrations order entry shipping receiving customer service maintained inventory accounting data entry small business october april company name city state tax preparer provided timely accurate tax preparation advice individuals families businesses perform e filing tasks per schedule addressed complex tax issues tax deduction problems clients assist clients legal issues tax amendments payment plans interviewed clients prepared taxes achieve accurate thorough results maximum refunds using current tax laws achieved customer satisfaction client retention utilizing company guided client relations techniques july july company name intelligence analyst honorable discharge years naval intelligence analyst compared correlated disseminated valuable intelligence information executive level directors via expedited resources global crisis like haitian earthquake malaysian tsunami lived overseas italy operational intelligence analyst providing analysis administrative assistance executive level serving two aircraft carriers responsible providing near real time intelligence executives well fighter pilots independent duty intelligence officer onboard naval destroyer obligations included providing intelligence administrative support executive level working independently leading petty officer division junior enlisted sailors stationed onboard uss john c stennis september october head intelligence collection team snoopy team non intelligence trained personnel onboard uss mustin including providing intelligence preparation education team members education old dominion university city state us bachelors art history history major minors french geography secondary education achievements organizations inducted pi delta phi spring collegiate french national honor society received emerging leaders award gamma sigma sigma national service sorority president eta rho chapter gamma sigma sigma national service sorority inc member french club community service officer odu student veterans association member baptist campus ministries languages able speak read write french interests associations junior league hampton roads chair junior league hampton roads touch truck committee june present leading team women plan annual touch truck fundraising event junior league hampton roads co chair junior league hampton roads touch truck committee january may helped lead team plan execute large fundraising event junior league drew crowd raised gamma sigma sigma national service sorority active alumni member large since sorority president eta rho chapter gamma sigma sigma fall fall sorority service vice president spring fall student veterans america alumni member community service chair additional information security clearance inactive ts sci clearance doncaf completed volunteer youth soccer coach virginia rush october october coached children development soccer skills well team work coached u u u co ed teams volunteer topsoccer buddy since volunteer topsoccer buddy since aiding children disabilities play soccer documented volunteer hours since continues volunteer regularly local community skills customer service internet research time management
APPAREL,AUTOMOBILE,branch administrator objective obtain challenging position demonstrate highlight organizational customer service communication project management skills summary committed motivated administrative assistant exceptional customer service decision making skills strong work ethic professional demeanor great initiative energetic reliable office manager skilled working diverse group people excellent team building skills motivated personable business professional successful track record business retail field quickly master new technologies skills diplomatic tactful professionals non professionals levels accustomed handling sensitive confidential records demonstrated history producing accurate timely reports flexible versatile able maintain sense humor pressure thrive deadline driven environments highlights skills summary project management report preparation written correspondence general office skills computer savvy customer service scheduling distribution communication accounting bookkeeping front office operations bi lingual spanish microsoft office proficiency excel spreadsheets meticulous attention detail strong problem solver self directed professional mature resourceful dedicated team player strong interpersonal skills proofreading accomplishments received merit raise strong attention detail exemplary customer service team player attitude successfully planned executed corporate meetings lunches special events groups employees experience company name october current branch administrator city state prepare process complex reports managers daily basis ensuring meet tight deadlines diagnose resolve inquires customers closely working sales department invoicing timely matter three branches processing service orders daily company name august july biller customer service representative city state accounts payable receivable well account reconciliation invoiced incoming receipts timely basis process incoming customer phone orders management appointments delivery schedules calendar managed drivers schedules dispatching assuring checked accessible company name september july logistics customer service coordinator city state oversee front office operations provide impeccable customer service key contact vendor requirement assurance sales liaison ensure shipments executed timely manner assuring quality control reviewed contracts proposals management meeting event logistics planning transmissions edi documents order processing accounting invoicing creation maintenance excel spreadsheets budgeting inventory purposes chargeback inventory management shipping management assurance delivery deadlines received distributed faxes mail timely manner properly routed agreements contracts invoices signature process managed daily office operations maintenance equipment created maintained spreadsheets using advanced excel functions calculations develop reports lists verification vendor specification compliance responsible generating style color codes style master oversaw call center operations staff highest level care resolving customer inquiries complaints expense reporting tracking csc well inventory controller ralph lauren divisions management meeting event logistics planning education lincoln technical school certification body mechanics massage therapist city state us lincoln technical school edison nj graduated june certified massage therapist hudson county community college high school diploma liberal arts city state us hudson county community college jersey city nj certifications csc certified massage therapist languages bi lingual spanish skills customer service receptionist retail sales account reconciliation accounts payable customer service representative dispatching inventory logistics operations accounting budgeting color codes csc customer inquiries customer service manager edi excel invoicing liaison maintenance order processing quality control sales service center shipping transmissions accounting bookkeeping bi bi lingual bookkeeping business intelligence correspondence project management retail retail marketing scheduling
AVIATION,ENGINEERING,aviation fuel quality control specialist professional summary dynamic results oriented highly talented process technology engineering couple years experience consistently received high ratings technical chemical expertise expertise wide range manufacturing processes manufacturing control systems demonstrated success developing implementing managing new processes improve quality productivity skills include process troubleshooting maintenance equipment instrumentation experienced quality control statistical process controls lean six sigma route cause analysis sample chemical analysis safety awareness fast paced learner consistent team player well organized innovative reliable able work setting requires technical professional attitude proven ability operating equipment instrumentation systems operations safe manner core qualifications microsoft office word excel powerpoint outlook experience june current company name city state aviation fuel quality control specialist regularly inspects equipments valves strainers pipes filters hoses leakage abnormality proven ability leverage engineering skill set applying math science engineering knowledge provide disciplined approach problem solving known resourceful innovative personality routinely performs icing inhibitor additive prist percentage concentration test using refractometer uses thermo hydrometer api gravity fuel test correct temperature factor f monitors differential pressure filter vessels nozzle pressure psi conducts color membrane particulate test downstream filtration executes line tracing measures level underground fuel tanks june august company name city state quality implementation assistant collected strategic experimental data analysis used basic statistical tools route cause analysis participated implementation iso policies supported quality analysis new projects fully participated external internal audits well unscheduled inspections assess safety operations safety processes followed recommended actions improve performance initiated reviewed environmental impact studies sets appropriate procedures meet guidelines prepared safety statistics operations evaluated kpis ensure continuous improvements played leading instrumental role development detailed complex facility security planned fully responsible subsequent awareness refresher training directives conducted audits identified health safety hazards according established policies procedures july september company name city state formulation chemist performed polyvinyl alcohol functionalization neutralization production nelfilicon polymer demonstrated expertise working either independently comprehensive team player duties included analysis aqueous polyvinyl alcohol percentage solids nitrogen acetate content handled synthesized batch processes n acryloylaminoacetaldehyde dimethyl acetal naaada applying innovative methods extraction separation distillation salination purification assured chemical discharges higher regulated allowable limit collected samples initiated preparation irgacure used photointiator production nelfilicon polymer september september company name city state quality software tester increased profit reducing defects lowest level working vendor rework components initiated failure mode statistical data analysis studied satellite signal behaviors various transponders reviewed hardware software ensure meet requirements prior inputting system provided attention detail detect errors early process errors became business issues management recognized ability understand resolve issues related hardware software systems april july company name city state inventory associate packaged tools parts according customer specification duties included shipping receiving orders directed warehouse employees drivers ensure consistency inventory receiving restocking responsibilities included inventory control shipping receiving employee safety hazardous training april january company name city state process development technician managed prototype process laser diode manufacturing studied sputtering uniformity deposition collaborated engineers managers regarding optical design parameters collected experimental data analysis interpreted yield results certified trained course optical design engineers provided troubleshooting automated production equipment problems conveyer belts line equipment supported development implementation solutions improve line performance reliability implemented process changes maintained equipment building fiber mount units installed software conducted upgrades trained operators identified ways reduce production costs january january company name city state research development assistant scaled modeled low pressure chemical vapor deposition processes conducted uniformity experiment polysilicon film deposition worked identify transport phenomena chemical reactions influencing strategic processes called upon determine parameters fractional conversion depends flow rate inside reactor duties included final inspections creation quality documentation outlining inspection procedures maintained professional attitude handling laboratory work ensure verify expected results july december company name city state analytical chemist conducted analysis petroleum hydrocarbons extraction oil grease biological oxygen demand total organic carbon prepared standard buffer stocks blanks spikes determining analysis managed supervised project sampling analysis plan converted data field executable sampling plan securing laboratory services ordering project supplies providing chains custodies demonstrated ability providing expert opinion results interpretation data quality usability project teams regulatory customers meet company regulatory deliverables milestones education lee college city state process technology gpa gpa process technology gpa new jersey institute technology city state chemical engineering bachelor science chemical engineering skills api approach attention detail basic color hardware content conversion data analysis documentation downstream drivers film interpretation inventory inventory control iso laser math excel microsoft office outlook powerpoint word monitors oil policies problem solving processes profit quality receiving safety shipping specification statistics strategic team player troubleshooting upgrades
FITNESS,TEACHER,avid tutor core qualifications academic planning goal setting implementation counseling group instruction microsoft office public speaking attention detail dependability education bachelor arts human services counseling lindsey wilson college city state usa human services counseling work experience avid tutor aug may company name city state took active role developing academic personal strengths avid students served role model mentor avid students lifelong learner demonstrating appropriate academic social behaviors determined concepts needed taught retaught student notes discussions evaluated student binders including calendars class textbook notes etc conducted mini lessons process writing subject areas study skills aspects college preparation set example personal excellence high expectations avid students follow communicate frequently honestly avid coordinator teacher regarding student progress areas concern certified nursing assistant feb may company name city state provided assisted patients personal hygiene dressing bathing etc assisted serving meals feeding patients necessary ambulating turning positioning patients providing fresh water nourishment meals provides adjunct care administering non sterile dressings surgical preps ice packs heat treatments maintains patient stability checking vital signs weight provided patient comfort utilizing resources materials answering patients call lights requests reporting observations patient nursing supervisor documents actions completing forms reports logs records substitute teacher dec may company name city state assumed duties regular classroom teacher promptly accordance school rules included bus lunchroom playground hall duty duties assigned building principal follow instructions left teacher maintained normal classroom routines discipline procedures maintain positive learning atmosphere classroom practicum student aug dec company name city state planned projects outings youth foster care coordinated ran group sessions adolescent girls helped maintain foster parent foster child files shadowed treatment director therapeutic interventions participated fieldwork case managers therapist assistant school counselor practicum student jan may company name city state shadowed school guidance counselor classrooms planned daily guidance lessons multiple grade levels taught daily guidance lessons multiple grade levels observed counselor counseling sessions parents children office manager fitness instructor oct dec company name city state office administrator fitness instructor office duties included basic office skills working computer answered phones entered student grades scheduled appointments duties included training students equipment tracking students gym time cleaning equipment oversaw student activity room teacher aide oct jan company name city state worked teacher aide school childcare program ready work program assisted second grade teacher class room helping children reading skills graded papers entered grades assisted daily management classroom control awards recognition phi theta kappa honor society dean list four semesters interests current student adviser service club local homeschool co op volunteered lake cumberland community action heating assistance volunteered southwestern music boosters volunteered pulaski county senior citizens center delivered meals wheels volunteered necco foster care agency raising money kids christmas fund skills computer skills including microsoft office strong verbal skills strong writing skills ability work pressure limited time frame additional information current student advisor service club local home school co op volunteer lake cumberland community action heating assistance volunteer southwestern music boosters volunteer pulaski county senior citizens center delivered meals wheels volunteer necco foster care agency put together lunch auction raise money kids christmas fund
AGRICULTURE,ADVOCATE,research molecular research microbiologist research ecologist research associate professional summary fully credentialed lpn experience providing compassionate care hospital environment experienced lpn licensed az strong clinical people skills core qualifications wound care expertise clinical training wound cleaning care ability strong medical ethic strong clinical judgment advanced cardiac life support acls certification cpr bls certified drug administration trained talent obtaining charting vital signs problem resolution ability enthusiastic caregiver patient family focused practiced sterilization techniques aed certification abides infection control standards accomplished colostomy care patient positioning understanding experience july july company name city state research molecular research microbiologist research ecologist research associate inspected tested measured materials products installations spec analyzed interpreted blueprints data manuals determine precise specifications recommended corrective actions minimize rate product defects weighed raw data reviewed parts history organized results prior quality analysis analyzed manufacturing data functional design expected quality results handled measured mixed chemicals following prescribed methods testing requirements implemented testing highly available cots applications windows linux environments led cross functional team evaluations production metrics test results documented filed maintained proper inspection records quality assurance documents conducted material inspections incoming aircraft collaborated health specialists civic groups determine community health needs availability services develop goals meeting needs identified analyzed public health data develop relevant programs policies drafted revised reports articles background papers wrote cdc reports effective prevention intervention initiatives adopted agency conducted experiments achieve research goals created technical research documents environmental impact reports analyzed environmental conditions affecting plants animals demonstrated individual team laboratory tests developed effective working relations groups individuals agencies public created data using wet lab molecular techniques designed directed experiments using multiple wet lab molecular techniques directed several molecular cloning projects july april company name city state caregiver observed documented patient status reported patient complaints case manager read recorded temperature pulse respiration completed submitted clinical documentation accordance agency guidelines collected urine fecal samples assisted adequate nutrition fluid intake directed patients prescribed range motion exercises use braces artificial limbs facilitated games activities engage clients positioned residents comfort prevent skin pressure problems assisted transferring residents wheelchairs adaptive equipment tended patients chronic illnesses charted daily information residents mood changes mobility activity eating percentages daily inputs outputs recognized reported abnormalities changes patients health status nursing staff documented resident records daily flow sheets assisted adls provided patients families emotional support exhibited compassionate care communication regard issues death dying sensitive needs geriatric patients promoted continuity care accurately completely communicating caregivers status patients care provided promoted personal co worker safety maintained clean orderly well stocked environment july march company name city state department manager delivered excellent customer service greeting assisting customer addressed customer inquiries resolved complaints opened new store location assisted recruiting training new staff stocked restocked inventory shipments received reorganized sales floor meet company demands directed supervised employees engaged sales inventory taking reconciling cash receipts wrote order supply requests replenish merchandise trained staff deliver outstanding customer service addressed corrected sales staff communication issues tactful effective manner contributed merchandising ideas team sale meetings opened closed store including counting cash opening closing cash registers creating staff assignments placed special merchandise orders customers shared product knowledge customers making personal recommendations demonstrated customers come first serving sense urgency worked team member provide highest level service customers maintained friendly professional customer interactions verified allmerchandising standards maintained daily basis april june company name city state service director examined vehicles determine extent damage malfunctions communicated customers regarding vehicle issues potential repairs maintained customer service satisfaction rating organized work records filed reports reviewed work auto mechanics guided mechanics decisions concerning repair replacement parts created training manuals targeted resolving even difficult customer issues developed implemented monitored programs maximize customer satisfaction interviewed hired trained new quality customer service representatives provided detailed monthly departmental reports updates senior management addressed negative customer feedback immediately provided high level product leadership support representatives clients effectively communicated team members maintain clearly defined expectations effectively managed departmental expenses stay within allocated budget resolved customer questions issues complaints developed implemented policies procedures process improvement initiatives improve retention rates increase customer satisfaction recommended changes existing methods increase accuracy efficiency responsiveness customer service department generated distributed daily reports order acknowledgments appropriate personnel served mentor junior team members initiated program standardized employee training led increase customer satisfaction effectively controlled release proprietary confidential information general client lists reviewed provided comments adequacy documents took necessary steps cure deficiencies prepared correspondence accounting financial documents analysis education brown mackie college city state usa lpn certificate gpa coursework nursing phoenix college city state usa emt b certificate gpa coursework emt b professional affiliations board member camp verde chamber commerce personal information long term goals involve growing company continue learn take additional responsibilities contribute much value certifications licensed lpn emt b publications hippa diabetes type skills cash handling shipping receiving professional friendly careful active listener multi tasking computer hand power tools community service habitat humanity toys tots toy collection
FINANCE,ADVOCATE,finance project coordinator summary accommodating project coordinator effectively manages strict deadlines schedules repetitive tasks positive attitude areas strength include professionalism high level organizational skills detail oriented multi tasking capabilities self directed resourceful learner ability adapt easily change highlights financial statement analysis account reconciliation expert general ledger accounting strength regulatory reporting self directed adobe software proficiency effective time management strong organizational skills superior research skills flexible team player advanced computer proficiency pc accomplishments process improvement oversaw implementation cash applications system resulted cost effective service increased office organization implementation improved cash management accounting system research investigated analyzed operational processes identify resolve bottlenecks within internal operations data organization improved office organization compiling quarterly budget reports financial spreadsheets organizational charts company data reports using advanced microsoft excel functions cfo ownership maintain status reports provide management updated information client projects contracted accounts training successfully trained accounts receivables adjudication departments accounting software sage accpac erp associated databases policies procedures focusing minimizing errors generating superior results experience company name july current finance project coordinator city state monitor regulatory activity maintain compliance health care records document management laws implement electronic document processing retrieval distribution systems collaboration information technology specialists check figures postings documents correct entry mathematical accuracy proper codes classify record summarize numerical financial data compile keep financial records using journals ledgers computers debit credit total accounts computer spreadsheets databases using specialized accounting software company name february june md verification division temp contract position city state verification medical prescriptions accuracy medical offices pharmacists use telephone etiquette data entry daily goal oriented objectives company name january february compound pharmacy technician city state transfer medication vials appropriate number sterile disposable syringes using aseptic techniques receive written prescription refill requests verify information complete accurate pre package bulk medicines fill bottles prescribed medications type affix labels mix pharmaceutical preparations according written prescriptions compound dispense medications prescribed doctors calculating weighing measuring mixing ingredients company name march june quality control specialist compliance coordinator city state reviewed monitored mortgage loan files completeness accuracy files monthly helped transition company paper electronic storage scanning logging hard copies file data entry new set close file submissions held quarterly update meetings company policy procedures trained newly hired processors databases procedures assisted company policy procedure manual coordinated fdic representative internal company policies associated fair lending act education liberty university bachelor science business administration city state us minor biblical studies deans list academic achievement award coursework human resources community public health non profit management strategic planning management advanced computer applications economics organizational behavior marketing theological studies skills proficient microsoft office suite applications windows word excel powerpoint outlook ms office cloud experience drive office reporting excel based forecasting trending administration excellent interpersonal verbal written communication skills work outside vendors peers complete projects alignment company financial goals manage daily activities workload ar financial department company controller ability conduct monthly quarterly meetings discuss department goals objectives strong organizational skills juggling multiple tasks handling stressful situations extremely resourceful always solution given situation desktop publishing software photoshop wordpress html
HEALTHCARE,CHEF,dining services coordinator professional summary worked fine dining hotels half career also experience hospitalsetting elderly care field last years menu creativity work smallbudget large one believe waste therefore use leftovers create wonderful soups sauces salads expert managing kitchen staff preparing foods reduced cost without compromising quality taste skills team leadership budgeting finance self motivated strong verbal communication staff development employee training development fine dining expertise ordering invoicing cpr certification committed team player process implementation institutional batch cooking beautiful presentation food strong attention safe food handling procedures effective planner food presentation talent servsafe certification outgoing energetic training personnel work history dining services coordinator currentbrookdale hampton covehampton cove alabamaexpertly estimating purchasing needs buying approved suppliers systematically tasted smelledall prepared dishes observed color texture garnishes effectively managed assisted kitchen staff inproducing food banquets catered events member dining areas consistently kept clean safeenvironment adhering federal state local sanitation safety requirements consistently kept aclean safe environment adhering federal state local sanitation safety requirements ensured smooth kitchen operation overseeing daily product inventory purchasing receiving followedproper food handling methods maintained correct temperature food products managed employees performed services cooked coordinated registered dietitian comply state regulations cleaned washed dishes executed special dinners holiday events stayed budget ordered allsupplies food housekeeping nurses kitchen staff dining services coordinator current company name city state currentbrookdale hampton covehampton cove alabamaexpertly estimating purchasing needs buying approved suppliers systematically tasted smelledall prepared dishes observed color texture garnishes effectively managed assisted kitchen staff inproducing food banquets catered events member dining areas consistently kept clean safeenvironment adhering federal state local sanitation safety requirements consistently kept aclean safe environment adhering federal state local sanitation safety requirements ensured smooth kitchen operation overseeing daily product inventory purchasing receiving followedproper food handling methods maintained correct temperature food products managed employees performed services cooked coordinated registered dietitian comply state regulations cleaned washed dishes executed special dinners holiday events stayed budget ordered allsupplies food housekeeping nurses kitchen staff healthcare kitchen manager company name alabamaestablished maintained open collaborative relationships kitchen team collaborated closely thefood beverage director conduct staff meetings resolve service product personnel issues collaborated extensively interdisciplinary care team meet nutritional needs resident established healthful therapeutic meal plans menus coordinated nutrition care members ofthe health care team delegated responsibilities dining services director company name city state communicated openly honestly management team shift ensure ran smoothly skills communication training empowering budget control transforming leftovers soups salads delicious meals development stable staff happy residents able generate aspects state regulations records logs kept date family functions special events especially fun happy professional caring able adapt circumstance cook perfection education bachelor science human resources management faulkner universitymontgomery state human resources management activities honors certified serve safe management ongoing classes company understanding agingindividual classes aging dementia well problems aging person mayhave although classes within organization insightful informative therefore amable understand comply residents needs well pleasuresfor favorite foods justcompleted certification online courses substance abuse counseling believe knowthe help someone else
APPAREL,ADVOCATE,customer service specialist summary detail oriented individual strong technical skills ability learn concepts quickly proficient adaptable looking opportunity use knowledge experience assist customer service focused company versatile student achieved success campus line classes core strengths utilized previous jobs required immediate attention detail learning new computer program applications highlights meticulous attention detail results oriented self directed time management professional mature strong problem solver resourceful dedicated team player strong interpersonal skills microsoft office excel power point understands grammar proofreading strong communication skills cash handling knowledge income tax procedures positive attitude strong organizational skills active listening skills computer proficient accomplishments co founder non profit assist women incarceration remodel project house purchased manage transitional house women fundraising create budget operational expenses may june mom daughters home schooled children present active volunteer tri county regional jail classes computer sewing craft self improvement skills second language asl data collection data entry grammar proofreading multi task management reading comprehension key grasp new concepts experience current customer service specialist company name city state provide accurate appropriate information response customer inquiries address customer service inquiries timely accurate fashion demonstrated mastery customer service call script within specified time frames build customer loyalty placing follow calls customers reported product issues verify information computer system date accurate update insurance policies homeowners account issue premium payments request research follow remove update required insurance coverage payments provide explanation letters sent customer regarding hazard flood windstorm condo master policies current position requires operating fourteen computer applications completing research within data base updating insurance coverage issuing payments answering customer concerns proficient manner current co owner company name city state inspect work sites measure dimensions lay work estimate materials job recommend options customers blending harmonizing contrasting colors refinish household furniture desks chairs tables bookcases coordinate completed ongoing routine painting exterior interior properties cover floors prepping priming painting surfaces maintain thorough inventory paint equipment supplies repaint entire apartments residents moved collaborate electricians carpenters mechanics complete construction projects determine appropriate color new replacement applications consultation customers surfacer sanding paint line company name city state assess work errors compliance issues make corrections modifications necessary clean finish sub assemblies assemblies using hand power tools inspect sand remove defects automobiles enter paint booth cashier customer service company name city state helped customers select products best fit personal needs maintained visually appealing effective displays entire store educated customers product service offerings collaborated customer service team members give exceptional service throughout entire shopping purchasing experience kept showroom clean maintained neat orderly product displays built customer confidence actively listening concerns giving appropriate feedback communicated merchandise needs issues appropriate supervisors timely fashion balanced needs multiple customers simultaneously fast paced retail environment processed shipments maintained organized stock shelves processed sales transactions accurately timely fashion unloaded trucks stocked shelves carried merchandise floor customers marked clearance products updated price tags worked team member performing cashier duties product assistance cleaning payroll clerk company name city state computed hours applied individual client accounts processed payroll employee pay adjustments verified information computer system date accurate processed confidential tax form information assisted payroll preparation entered data cumulative payroll document verified printed w year end reports cash office bookkeeper apparel departments company name city state handled cash deposits using proper accounting procedures documentation entered weekly sales customer count sheets review management processed payroll employee pay adjustments maintained date knowledge store policies regarding payments returns exchanges cross trained provided back customer service representatives needed computed accurate sales prices purchase transactions worked team member performing cashier duties product assistance cleaning expressed appreciation invited customers return store interacted customers retail buyers follow shipping statuses expedited orders assisted customers store product complaints compiled weekly monetary reports records store managers maintained adequate cash supply cash drawers multiple checkout stations responsible ringing customers timely manner guaranteeing high level customer service performed store opening duties including counting cash drawers checking equipment proper functioning processed merchandise returns exchanges education associate arts sociology sociology psychology communications sinclair community college city state gpa dean list academic achievement award national society leadership success sociology sociology psychology communications dean list academic achievement award national society leadership success
TEACHER,BUSINESS-DEVELOPMENT,substitute teacher summary receiving education psychology pursuing teaching certification ha best professional accomplishment achieved teaching absence teacher helped understand background implement strategist teach sales manager successful relationship team building motivates sales teams exceed sales goals track record consistently achieving employee retention skilled leading teams set record high sales figures expand existing territories develop new accounts achieve record setting revenue gains talented effective multi tasking reaching sales targets builds loyalty long term relationships customers business development executive experienced aspects sales marketing contract negotiation account management driven professional effectively builds loyalty long term relationships customers consistently exceeding sales targets accomplishments spectrum center blvd san diego ca accomplishments attentive sales manager track record consistently achieving employee retention sales goals years sales customer service personnel payroll management driven exceed goals expectations talented sales professional effective multi tasking reaching sales targets builds loyalty long term relationships customers experience substitute teacher current company name manage classrooms help children throughout day assessing lesson day maintaining discipline classroom company name city state advised prospective employees various tips tricks would assist gaining employment organization implement effective hr policies ensure practices following labor employment regulations increased employee retention rigorously maintaining positive work environment develop targeted outreach recruitment programs recruit minorities meet affirmative action requirements created website embedded database ftp functionality enable online recruitment organization reducing recruitment costs develop user friendly application forms questionnaires used organization staff recruitment interviewing arbitrate labor disputes collaboration legal department operations sales manager company name city state established operational objectives work plans delegated assignments subordinate managers supervised team area managers associates developed executive presentations reports facilitate project evaluation process improvement directed planning budgeting vendor selection quality assurance efforts defined clear targets objectives communicated team members reviewed sales customer concerns new opportunities drive business strategy weekly planning sessions assessed vendor products maintained positive vendor relations supported sales team writing proposals closing contracts developed quarterly annual sales department budgets developed comprehensive training program new sales associates reviewed operational records reports project sales determine profitability trained incoming sales team members maintained knowledge current sales promotions policies regarding payment exchanges security practices insurance agent fred loya insurance eagle pass tx met existing prospective clients week select appropriate insurance policies calculated quotes educated potential clients insurance options tracked progress outstanding insurance claims calculated premiums established payment methods sales identified solicited sales prospects agency databases evaluated leads obtained direct referrals lead databases cold calling modeled exceptional customer service skills appropriate diagnostic sales techniques collected premiums effective date coverage contributed ideas offered constructive feedback weekly sales training meetings education training high school diploma eagle pass high school city state associate science medical kaplan university city state bachelor arts psychology minnor child development psychology child development languages fluent english spanish skills agency budgeting budgets business strategy closing cold calling interpersonal communication skills excellent communication oral contracts critical thinking clients client relations customer service customer service skills databases database fluent english forms ftp hr insurance leadership legal marketing meetings mergers acquisitions works organizational policies executive presentations problem solver process improvement progress proposals quality assurance recruitment sales sales training spanish strategic marketing supervision time management vendor relations website written
CONSULTANT,SALES,jewelry consultant summary see resume required experience education training seek candidate addition military spouse vast understanding government regulations policies procedures competent managing organizations financial resources feel would excellent addition company would like thank considering application excited prospect working team available meet earliest convenience discuss position resume welcome contact excellent customer service administration organization communications skills ability multi task meet deadlines work independently team highlights microsoft office suite ability accurately type wpm experienced volunteer providing animal care local shelters bathed groomed temperament tested animals adoptability experience jewelry consultant september january company name city state greeted provided front line customer service patrons assisted product selection provided information made recommendations determined customer needs prepared proposals products complete sales marketed services bundled packages met exceeded corporate sales assembled displays arranged merchandise accessories shown sketches maintained clean orderly areas displays performed security lost prevention procedures accordance corporate policies examined merchandise ensured pricing display accuracy product functionality receptionist data entry clerk september march company name city state provided administrative support internal external customers answered phones took messages provided information directed individuals calls staff members prioritized scheduled daily work operations effectively managed time resources handled personal data records ensured integrity customer account information sustained compliance confidentiality privacy act standards completely accurately documented forms records accordance policies maintained contact clients confirmed delivery goods effectively resolved customer concerns lowest managerial level conducted inventories ensured asset balance accountability labeled inventory ensured appropriate stock levels maintained meet customer demand operated variety office automation equipment include multi line phone system scanner copiers facsimiles shredder child care provider july january company name city state provided direct care children age birth age five family care setting planned conducted effective child development programs meet physical social emotional intellectual needs individual children coordinated age appropriate play learning activities aimed fostering development used appropriate child guidance care giving techniques detected early signs distress redirected behaviors led interacted children song games finger play activities helped children develop self help skills serving food zipping jackets tying shoes hand washing prepared snacks meals using safe food handling procedures dietary guidelines maintained accountability safety children times certified pediatric infant adult cpr ensured proper maintenance sanitation classroom toys equipment experienced working variety personalities ability levels skilled adjusting responses suit individual needs taught children redirect negative behavior feelings identification compromise communication education diploma general studies byron p steele ii high school city state general studies interests otero county animal control shelter volunteer alamogordo nm schertz animal shelter volunteer cibolo tx future farmers america member volunteer cibolo tx thespian club member cibolo tx skills administrative support balance cpr clients customer service delivery forms inventory managerial microsoft office suite office automation phone system copiers policies pricing proposals safety sales scanner phones type wpm additional information community involvement otero county animal control shelter volunteer alamogordo nm schertz animal shelter volunteer cibolo tx future farmers america member volunteer cibolo tx thespian club member cibolo tx
